{"type":"FeatureCollection","features":[{"type":"Feature","properties":{"AREA":16748839.30646,"PERIMETER":21120.8349,"COMUNAS_":29,"COMUNAS_ID":20,"COMUNA":"CERRILLOS","COD_VNR":13102,"CENTRO":"CENTRO_PONIENTE","COD_CENTRO":1,"RURALIDAD":"U","CLIENTESTOTAL":"32906","CLIENTESAFECTADOS":"1","PORCENTAJE":"   0.0","TIPO":"COMUNA"},"geometry":{"type":"Polygon","coordinates":[[[-70.721923,-33.473282],[-70.721558,-33.473619],[-70.721071,-33.474042],[-70.72089,-33.474147],[-70.720609,-33.474416],[-70.720399,-33.474562],[-70.720158,-33.474714],[-70.720062,-33.474777],[-70.719812,-33.475056],[-70.719477,-33.475357],[-70.719333,-33.475491],[-70.719172,-33.475647],[-70.718598,-33.476131],[-70.71828,-33.47636],[-70.717956,-33.476584],[-70.717765,-33.476802],[-70.717388,-33.477066],[-70.717012,-33.477429],[-70.716702,-33.477725],[-70.71657,-33.477814],[-70.716404,-33.478026],[-70.716237,-33.478232],[-70.715963,-33.478507],[-70.715598,-33.478757],[-70.715255,-33.478971],[-70.71488,-33.479288],[-70.714682,-33.479408],[-70.714484,-33.479595],[-70.714208,-33.479772],[-70.714045,-33.479846],[-70.71386,-33.480008],[-70.71371,-33.480242],[-70.713634,-33.480345],[-70.713525,-33.480426],[-70.71335,-33.480521],[-70.713192,-33.48062],[-70.713039,-33.480734],[-70.712805,-33.480927],[-70.712636,-33.481055],[-70.712544,-33.481149],[-70.712447,-33.481266],[-70.711514,-33.481255],[-70.71144,-33.481379],[-70.711157,-33.481373],[-70.710334,-33.481078],[-70.709523,-33.480882],[-70.708946,-33.480866],[-70.707914,-33.481048],[-70.707514,-33.481053],[-70.707272,-33.481023],[-70.700897,-33.479861],[-70.69871,-33.479603],[-70.697427,-33.479056],[-70.692129,-33.478002],[-70.691734,-33.477856],[-70.691201,-33.477527],[-70.69082,-33.477239],[-70.690516,-33.477096],[-70.690154,-33.477074],[-70.689984,-33.477087],[-70.689203,-33.477162],[-70.688065,-33.476798],[-70.687628,-33.476694],[-70.687265,-33.476577],[-70.686873,-33.476494],[-70.686396,-33.476292],[-70.686205,-33.476258],[-70.685846,-33.476836],[-70.685754,-33.477085],[-70.685598,-33.477675],[-70.685383,-33.478291],[-70.685325,-33.479072],[-70.685364,-33.479334],[-70.685461,-33.479732],[-70.685858,-33.480717],[-70.686745,-33.48305],[-70.68754,-33.485086],[-70.687619,-33.48514],[-70.687703,-33.485154],[-70.687846,-33.485144],[-70.68792,-33.485098],[-70.688917,-33.487685],[-70.690897,-33.492701],[-70.691259,-33.493679],[-70.695471,-33.501976],[-70.699122,-33.50973],[-70.704378,-33.520432],[-70.705017,-33.52233],[-70.7055,-33.523621],[-70.705609,-33.524003],[-70.705697,-33.524404],[-70.705804,-33.525036],[-70.705929,-33.526228],[-70.705997,-33.527081],[-70.706086,-33.528317],[-70.706156,-33.52929],[-70.706238,-33.530136],[-70.706353,-33.53143],[-70.71855,-33.526871],[-70.720489,-33.526142],[-70.722656,-33.525344],[-70.72633,-33.523985],[-70.723461,-33.52042],[-70.721274,-33.517644],[-70.718401,-33.514006],[-70.719734,-33.512717],[-70.721526,-33.511216],[-70.722936,-33.510099],[-70.724127,-33.508564],[-70.7259,-33.509373],[-70.726809,-33.509287],[-70.726936,-33.50993],[-70.729696,-33.510027],[-70.730403,-33.510043],[-70.730404,-33.510151],[-70.732031,-33.510184],[-70.737101,-33.5103],[-70.737107,-33.510209],[-70.739872,-33.51027],[-70.739434,-33.509314],[-70.738849,-33.508028],[-70.737852,-33.505846],[-70.736568,-33.503031],[-70.736418,-33.502697],[-70.736267,-33.502368],[-70.736215,-33.50225],[-70.736106,-33.502015],[-70.735929,-33.501635],[-70.73578,-33.501302],[-70.73553,-33.500744],[-70.735312,-33.500272],[-70.734308,-33.49808],[-70.73389,-33.497354],[-70.733511,-33.496795],[-70.733362,-33.496605],[-70.733155,-33.496354],[-70.732826,-33.495994],[-70.732266,-33.49544],[-70.73177,-33.49502],[-70.731592,-33.494884],[-70.731465,-33.494787],[-70.731398,-33.494742],[-70.731295,-33.48256],[-70.730962,-33.482565],[-70.73063,-33.482584],[-70.730393,-33.482551],[-70.730217,-33.482531],[-70.730086,-33.482518],[-70.729981,-33.482527],[-70.729859,-33.482558],[-70.729747,-33.482641],[-70.729661,-33.482745],[-70.729606,-33.482804],[-70.72937,-33.483064],[-70.729279,-33.483129],[-70.729162,-33.483207],[-70.729067,-33.483238],[-70.728884,-33.483284],[-70.728425,-33.4833],[-70.728179,-33.483272],[-70.727968,-33.483238],[-70.727738,-33.483153],[-70.727446,-33.482981],[-70.72729,-33.482831],[-70.727239,-33.482712],[-70.727156,-33.4825],[-70.727034,-33.482313],[-70.726963,-33.482226],[-70.726829,-33.482124],[-70.726688,-33.482054],[-70.72652,-33.482004],[-70.72638,-33.481977],[-70.726065,-33.481989],[-70.725785,-33.482029],[-70.725542,-33.482102],[-70.725107,-33.482244],[-70.72475,-33.482352],[-70.724608,-33.48238],[-70.724391,-33.482391],[-70.724365,-33.482186],[-70.724261,-33.481598],[-70.724135,-33.481299],[-70.723911,-33.480989],[-70.723636,-33.480638],[-70.723497,-33.480389],[-70.723453,-33.480289],[-70.723375,-33.479931],[-70.723377,-33.479653],[-70.723201,-33.47867],[-70.723112,-33.478375],[-70.722304,-33.474058],[-70.722193,-33.473692],[-70.722073,-33.473469],[-70.721923,-33.473282]]]}},{"type":"Feature","properties":{"AREA":11174176.06039,"PERIMETER":16731.38365,"COMUNAS_":19,"COMUNAS_ID":21,"COMUNA":"CERRO_NAVIA","COD_VNR":13103,"CENTRO":"CENTRO_PONIENTE","COD_CENTRO":1,"RURALIDAD":"U","CLIENTESTOTAL":"34733","CLIENTESAFECTADOS":"13","PORCENTAJE":"   0.0","TIPO":"COMUNA"},"geometry":{"type":"Polygon","coordinates":[[[-70.782065,-33.413931],[-70.780467,-33.413868],[-70.779538,-33.41381],[-70.778833,-33.413891],[-70.778129,-33.414039],[-70.777695,-33.413943],[-70.777049,-33.413743],[-70.77661,-33.413682],[-70.776134,-33.413756],[-70.775526,-33.413865],[-70.775119,-33.41406],[-70.774762,-33.414154],[-70.774306,-33.414049],[-70.773774,-33.413979],[-70.773179,-33.414077],[-70.77269,-33.414184],[-70.772418,-33.414488],[-70.772184,-33.414703],[-70.771522,-33.414779],[-70.770786,-33.414445],[-70.770579,-33.414381],[-70.76997,-33.414445],[-70.769203,-33.414545],[-70.768323,-33.414324],[-70.76591,-33.413757],[-70.765453,-33.413586],[-70.765096,-33.413658],[-70.764659,-33.413686],[-70.764193,-33.413592],[-70.763722,-33.413287],[-70.763212,-33.412972],[-70.762771,-33.412845],[-70.762027,-33.412766],[-70.761576,-33.412784],[-70.761111,-33.412746],[-70.760671,-33.412596],[-70.760191,-33.41248],[-70.759647,-33.412488],[-70.758942,-33.412582],[-70.758627,-33.412587],[-70.758204,-33.412639],[-70.757473,-33.412718],[-70.757014,-33.412725],[-70.756558,-33.412846],[-70.756133,-33.412817],[-70.755543,-33.412768],[-70.754873,-33.412801],[-70.754316,-33.412694],[-70.753588,-33.412578],[-70.752641,-33.412465],[-70.751655,-33.41241],[-70.750777,-33.41233],[-70.750367,-33.412382],[-70.749105,-33.412411],[-70.747147,-33.41245],[-70.746738,-33.412502],[-70.746438,-33.412587],[-70.746098,-33.412672],[-70.745686,-33.41262],[-70.745288,-33.412568],[-70.744996,-33.412377],[-70.744637,-33.412221],[-70.744211,-33.412124],[-70.743729,-33.412142],[-70.743033,-33.412255],[-70.742241,-33.412393],[-70.741285,-33.412475],[-70.739811,-33.41237],[-70.738633,-33.412375],[-70.737138,-33.412246],[-70.735742,-33.412254],[-70.734204,-33.412172],[-70.732864,-33.412283],[-70.732072,-33.412386],[-70.731281,-33.412558],[-70.73016,-33.412894],[-70.729456,-33.413248],[-70.728751,-33.413509],[-70.727666,-33.41355],[-70.726878,-33.413515],[-70.725764,-33.41329],[-70.724908,-33.412922],[-70.724092,-33.412474],[-70.72329,-33.412083],[-70.722698,-33.41193],[-70.722367,-33.411751],[-70.721928,-33.412161],[-70.721629,-33.412338],[-70.720828,-33.412667],[-70.719561,-33.413182],[-70.719259,-33.413311],[-70.71749,-33.414429],[-70.717242,-33.414583],[-70.717001,-33.414717],[-70.716609,-33.414866],[-70.715823,-33.415151],[-70.716641,-33.416449],[-70.716696,-33.416604],[-70.717159,-33.418599],[-70.717364,-33.41954],[-70.717755,-33.421167],[-70.718052,-33.422366],[-70.718054,-33.422483],[-70.718451,-33.424088],[-70.71856,-33.424328],[-70.718904,-33.425653],[-70.719235,-33.426872],[-70.719681,-33.428685],[-70.719957,-33.429684],[-70.720211,-33.430655],[-70.720472,-33.431882],[-70.72119,-33.435266],[-70.721488,-33.436658],[-70.721551,-33.436924],[-70.72162,-33.437121],[-70.722263,-33.438728],[-70.722379,-33.438808],[-70.722539,-33.438844],[-70.722807,-33.438846],[-70.723057,-33.438807],[-70.723486,-33.438733],[-70.723583,-33.438707],[-70.723628,-33.438679],[-70.723702,-33.43863],[-70.723769,-33.438533],[-70.723895,-33.438305],[-70.724118,-33.437911],[-70.724169,-33.437833],[-70.72423,-33.437772],[-70.724385,-33.437729],[-70.724668,-33.437668],[-70.725311,-33.43753],[-70.725896,-33.437438],[-70.726565,-33.437335],[-70.726815,-33.437277],[-70.727149,-33.437177],[-70.727443,-33.437055],[-70.727837,-33.436865],[-70.728635,-33.436493],[-70.728887,-33.436435],[-70.729145,-33.436402],[-70.73019,-33.436312],[-70.730835,-33.436323],[-70.733119,-33.436405],[-70.734594,-33.436461],[-70.734769,-33.436499],[-70.734944,-33.436508],[-70.73767,-33.436488],[-70.740845,-33.436483],[-70.740832,-33.434986],[-70.740813,-33.433793],[-70.740762,-33.429951],[-70.743374,-33.429938],[-70.746707,-33.429989],[-70.746855,-33.429978],[-70.748378,-33.429696],[-70.748994,-33.429568],[-70.749625,-33.429357],[-70.750582,-33.429164],[-70.751749,-33.428656],[-70.752295,-33.428327],[-70.752529,-33.428264],[-70.753358,-33.428175],[-70.754415,-33.428066],[-70.755383,-33.427554],[-70.756095,-33.42746],[-70.756519,-33.427403],[-70.756918,-33.427375],[-70.757307,-33.427384],[-70.758124,-33.427421],[-70.758972,-33.427449],[-70.76008,-33.427514],[-70.760496,-33.427597],[-70.761086,-33.427742],[-70.761736,-33.427783],[-70.762338,-33.427782],[-70.762611,-33.427761],[-70.762968,-33.427739],[-70.763276,-33.427627],[-70.763675,-33.42745],[-70.764737,-33.426949],[-70.766522,-33.425986],[-70.766863,-33.425845],[-70.767004,-33.425804],[-70.767158,-33.425773],[-70.767292,-33.425777],[-70.767406,-33.426069],[-70.767514,-33.426218],[-70.767632,-33.426322],[-70.76777,-33.426356],[-70.767885,-33.426319],[-70.767989,-33.426255],[-70.768186,-33.426076],[-70.768392,-33.425816],[-70.768672,-33.425591],[-70.768923,-33.425463],[-70.769806,-33.425344],[-70.770615,-33.425165],[-70.771265,-33.424996],[-70.771739,-33.424954],[-70.772198,-33.424956],[-70.772773,-33.424736],[-70.773763,-33.424633],[-70.774342,-33.424319],[-70.774708,-33.424172],[-70.775194,-33.42421],[-70.775499,-33.424161],[-70.775738,-33.424007],[-70.775968,-33.42388],[-70.776259,-33.423663],[-70.776642,-33.423339],[-70.777011,-33.422812],[-70.77726,-33.422605],[-70.777704,-33.42241],[-70.777875,-33.421983],[-70.777945,-33.421265],[-70.778303,-33.42072],[-70.778704,-33.420245],[-70.779069,-33.420028],[-70.779573,-33.419914],[-70.782026,-33.419968],[-70.781869,-33.418974],[-70.781894,-33.417093],[-70.782065,-33.413931]]]}},{"type":"Feature","properties":{"AREA":964993192.07608,"PERIMETER":161070.80801,"COMUNAS_":3,"COMUNAS_ID":17,"COMUNA":"COLINA","COD_VNR":13301,"CENTRO":"CENTRO_PONIENTE","COD_CENTRO":1,"RURALIDAD":"R","CLIENTESTOTAL":"59011","CLIENTESAFECTADOS":"6","PORCENTAJE":"   0.0","TIPO":"COMUNA"},"geometry":{"type":"Polygon","coordinates":[[[-70.380559,-33.102568],[-70.381427,-33.102861],[-70.388869,-33.10546],[-70.39314,-33.111834],[-70.398767,-33.115148],[-70.406846,-33.117335],[-70.416341,-33.117949],[-70.423034,-33.119437],[-70.428941,-33.124695],[-70.434492,-33.128483],[-70.439517,-33.134341],[-70.443566,-33.140923],[-70.447138,-33.145991],[-70.449802,-33.151922],[-70.453121,-33.157366],[-70.458833,-33.162873],[-70.461464,-33.169981],[-70.46546,-33.176067],[-70.464739,-33.184309],[-70.469237,-33.188707],[-70.471204,-33.194537],[-70.470154,-33.201341],[-70.473765,-33.207873],[-70.475973,-33.213461],[-70.483922,-33.214399],[-70.491649,-33.21432],[-70.499556,-33.215037],[-70.508318,-33.2148],[-70.515301,-33.21839],[-70.516523,-33.224869],[-70.521069,-33.229629],[-70.526892,-33.234424],[-70.535786,-33.235694],[-70.543659,-33.235055],[-70.550628,-33.237945],[-70.557645,-33.237767],[-70.562619,-33.24184],[-70.562378,-33.24807],[-70.568746,-33.253523],[-70.572708,-33.258708],[-70.574831,-33.266442],[-70.573143,-33.273358],[-70.574013,-33.280701],[-70.577413,-33.286173],[-70.584554,-33.289951],[-70.592894,-33.295833],[-70.595477,-33.301509],[-70.602943,-33.307153],[-70.600445,-33.313489],[-70.596938,-33.323648],[-70.592983,-33.332952],[-70.639288,-33.338662],[-70.660565,-33.327557],[-70.679322,-33.33026],[-70.68161,-33.326059],[-70.69486,-33.32009],[-70.70706,-33.318533],[-70.707087,-33.318316],[-70.707052,-33.3181],[-70.706945,-33.317838],[-70.706824,-33.31763],[-70.706678,-33.317402],[-70.706613,-33.317252],[-70.706808,-33.316855],[-70.707157,-33.316666],[-70.707657,-33.31664],[-70.708485,-33.316596],[-70.708815,-33.316637],[-70.709114,-33.316751],[-70.709502,-33.316976],[-70.709912,-33.317154],[-70.710334,-33.317148],[-70.710677,-33.317091],[-70.71101,-33.316915],[-70.710947,-33.317258],[-70.711261,-33.318521],[-70.71122,-33.318857],[-70.711078,-33.319174],[-70.710809,-33.319414],[-70.710523,-33.319576],[-70.710042,-33.319799],[-70.709741,-33.32002],[-70.708081,-33.322557],[-70.718589,-33.325324],[-70.724945,-33.311168],[-70.728222,-33.303903],[-70.731343,-33.296882],[-70.734553,-33.289763],[-70.737696,-33.282722],[-70.740927,-33.275545],[-70.74409,-33.268465],[-70.746832,-33.262346],[-70.747223,-33.261449],[-70.747841,-33.260065],[-70.750395,-33.254402],[-70.751612,-33.251631],[-70.753591,-33.247239],[-70.756588,-33.240552],[-70.759683,-33.233626],[-70.762888,-33.22643],[-70.766026,-33.219388],[-70.769142,-33.212443],[-70.772214,-33.205557],[-70.775439,-33.19834],[-70.778597,-33.19124],[-70.78172,-33.184233],[-70.782677,-33.182092],[-70.783084,-33.181156],[-70.783245,-33.180804],[-70.783358,-33.18059],[-70.783494,-33.180348],[-70.783606,-33.180166],[-70.783719,-33.179989],[-70.783776,-33.179892],[-70.78386,-33.17979],[-70.784065,-33.179557],[-70.784405,-33.17919],[-70.784507,-33.179106],[-70.784912,-33.178778],[-70.785971,-33.177993],[-70.787092,-33.177167],[-70.788189,-33.176358],[-70.789297,-33.175538],[-70.790346,-33.174767],[-70.790624,-33.174554],[-70.790772,-33.174429],[-70.790854,-33.174363],[-70.790961,-33.174274],[-70.791103,-33.174133],[-70.791194,-33.174044],[-70.79128,-33.173943],[-70.791346,-33.17385],[-70.791478,-33.173709],[-70.791609,-33.173524],[-70.791699,-33.173357],[-70.791798,-33.173138],[-70.791897,-33.172936],[-70.791935,-33.172761],[-70.792003,-33.172551],[-70.792042,-33.172385],[-70.792525,-33.169153],[-70.792878,-33.166523],[-70.780528,-33.169916],[-70.77341,-33.16972],[-70.766155,-33.170996],[-70.759908,-33.173934],[-70.753152,-33.17251],[-70.747575,-33.167587],[-70.741289,-33.164415],[-70.734637,-33.16091],[-70.736559,-33.154755],[-70.741575,-33.149247],[-70.743345,-33.142697],[-70.748547,-33.138715],[-70.754032,-33.134886],[-70.755027,-33.125741],[-70.756756,-33.119331],[-70.752976,-33.113766],[-70.755145,-33.107062],[-70.757455,-33.099517],[-70.756373,-33.092358],[-70.753196,-33.085116],[-70.751015,-33.079623],[-70.748174,-33.072294],[-70.749663,-33.062872],[-70.754549,-33.058546],[-70.762191,-33.054967],[-70.766807,-33.050563],[-70.764874,-33.044305],[-70.760084,-33.039462],[-70.762571,-33.032582],[-70.759014,-33.027559],[-70.755623,-33.021623],[-70.75929,-33.016178],[-70.754516,-33.00986],[-70.755912,-33.00387],[-70.761627,-32.999659],[-70.761929,-32.992805],[-70.765301,-32.986025],[-70.770395,-32.981498],[-70.765246,-32.97666],[-70.759162,-32.972138],[-70.754217,-32.967572],[-70.746767,-32.962901],[-70.740102,-32.96082],[-70.734227,-32.956938],[-70.729023,-32.953114],[-70.723142,-32.948402],[-70.709552,-32.954595],[-70.702142,-32.952951],[-70.695076,-32.950617],[-70.688515,-32.952979],[-70.676318,-32.953878],[-70.6688,-32.950209],[-70.661283,-32.94846],[-70.654013,-32.947407],[-70.646586,-32.945074],[-70.638003,-32.942111],[-70.630937,-32.943309],[-70.624018,-32.942542],[-70.61601,-32.943169],[-70.612379,-32.937453],[-70.605618,-32.938009],[-70.598024,-32.948663],[-70.596153,-32.954757],[-70.597292,-32.960618],[-70.594198,-32.967259],[-70.587054,-32.971111],[-70.582017,-32.977511],[-70.576716,-32.982647],[-70.569293,-32.98711],[-70.564229,-32.991769],[-70.560666,-32.99842],[-70.555424,-33.002706],[-70.552485,-33.008618],[-70.551746,-33.014657],[-70.556364,-33.025526],[-70.555626,-33.032051],[-70.549635,-33.034836],[-70.544146,-33.038561],[-70.538297,-33.042778],[-70.531379,-33.047765],[-70.529672,-33.053747],[-70.52807,-33.059444],[-70.525185,-33.065878],[-70.522263,-33.073084],[-70.51789,-33.077696],[-70.514007,-33.083687],[-70.50712,-33.083297],[-70.499639,-33.079906],[-70.493026,-33.078123],[-70.485102,-33.074457],[-70.483524,-33.068365],[-70.480617,-33.061911],[-70.470279,-33.055801],[-70.467951,-33.049555],[-70.464821,-33.043793],[-70.461051,-33.038593],[-70.455215,-33.033272],[-70.450209,-33.027693],[-70.44471,-33.022418],[-70.439424,-33.016702],[-70.431475,-33.01738],[-70.423966,-33.020126],[-70.417552,-33.022265],[-70.4086,-33.02647],[-70.404915,-33.032771],[-70.406634,-33.038965],[-70.402436,-33.044717],[-70.40705,-33.050199],[-70.411525,-33.05753],[-70.408765,-33.063879],[-70.401581,-33.068425],[-70.400579,-33.075155],[-70.393586,-33.0777],[-70.394368,-33.084289],[-70.387957,-33.090882],[-70.383794,-33.096344],[-70.380559,-33.102568]]]}},{"type":"Feature","properties":{"AREA":964993192.07608,"PERIMETER":161070.80801,"COMUNAS_":3,"COMUNAS_ID":17,"COMUNA":"COLINA","COD_VNR":"13301C","CENTRO":"CENTRO_PONIENTE","COD_CENTRO":1,"RURALIDAD":"R","CLIENTESTOTAL":"59011","CLIENTESAFECTADOS":"2","PORCENTAJE":"   0.0","TIPO":"COMUNAC"},"geometry":{"type":"Polygon","coordinates":[[[-70.380559,-33.102568],[-70.381427,-33.102861],[-70.388869,-33.10546],[-70.39314,-33.111834],[-70.398767,-33.115148],[-70.406846,-33.117335],[-70.416341,-33.117949],[-70.423034,-33.119437],[-70.428941,-33.124695],[-70.434492,-33.128483],[-70.439517,-33.134341],[-70.443566,-33.140923],[-70.447138,-33.145991],[-70.449802,-33.151922],[-70.453121,-33.157366],[-70.458833,-33.162873],[-70.461464,-33.169981],[-70.46546,-33.176067],[-70.464739,-33.184309],[-70.469237,-33.188707],[-70.471204,-33.194537],[-70.470154,-33.201341],[-70.473765,-33.207873],[-70.475973,-33.213461],[-70.483922,-33.214399],[-70.491649,-33.21432],[-70.499556,-33.215037],[-70.508318,-33.2148],[-70.515301,-33.21839],[-70.516523,-33.224869],[-70.521069,-33.229629],[-70.526892,-33.234424],[-70.535786,-33.235694],[-70.543659,-33.235055],[-70.550628,-33.237945],[-70.557645,-33.237767],[-70.562619,-33.24184],[-70.562378,-33.24807],[-70.568746,-33.253523],[-70.572708,-33.258708],[-70.574831,-33.266442],[-70.573143,-33.273358],[-70.574013,-33.280701],[-70.577413,-33.286173],[-70.584554,-33.289951],[-70.592894,-33.295833],[-70.595477,-33.301509],[-70.602943,-33.307153],[-70.600445,-33.313489],[-70.596938,-33.323648],[-70.592983,-33.332952],[-70.639288,-33.338662],[-70.660565,-33.327557],[-70.679322,-33.33026],[-70.68161,-33.326059],[-70.69486,-33.32009],[-70.70706,-33.318533],[-70.707087,-33.318316],[-70.707052,-33.3181],[-70.706945,-33.317838],[-70.706824,-33.31763],[-70.706678,-33.317402],[-70.706613,-33.317252],[-70.706808,-33.316855],[-70.707157,-33.316666],[-70.707657,-33.31664],[-70.708485,-33.316596],[-70.708815,-33.316637],[-70.709114,-33.316751],[-70.709502,-33.316976],[-70.709912,-33.317154],[-70.710334,-33.317148],[-70.710677,-33.317091],[-70.71101,-33.316915],[-70.710947,-33.317258],[-70.711261,-33.318521],[-70.71122,-33.318857],[-70.711078,-33.319174],[-70.710809,-33.319414],[-70.710523,-33.319576],[-70.710042,-33.319799],[-70.709741,-33.32002],[-70.708081,-33.322557],[-70.718589,-33.325324],[-70.724945,-33.311168],[-70.728222,-33.303903],[-70.731343,-33.296882],[-70.734553,-33.289763],[-70.737696,-33.282722],[-70.740927,-33.275545],[-70.74409,-33.268465],[-70.746832,-33.262346],[-70.747223,-33.261449],[-70.747841,-33.260065],[-70.750395,-33.254402],[-70.751612,-33.251631],[-70.753591,-33.247239],[-70.756588,-33.240552],[-70.759683,-33.233626],[-70.762888,-33.22643],[-70.766026,-33.219388],[-70.769142,-33.212443],[-70.772214,-33.205557],[-70.775439,-33.19834],[-70.778597,-33.19124],[-70.78172,-33.184233],[-70.782677,-33.182092],[-70.783084,-33.181156],[-70.783245,-33.180804],[-70.783358,-33.18059],[-70.783494,-33.180348],[-70.783606,-33.180166],[-70.783719,-33.179989],[-70.783776,-33.179892],[-70.78386,-33.17979],[-70.784065,-33.179557],[-70.784405,-33.17919],[-70.784507,-33.179106],[-70.784912,-33.178778],[-70.785971,-33.177993],[-70.787092,-33.177167],[-70.788189,-33.176358],[-70.789297,-33.175538],[-70.790346,-33.174767],[-70.790624,-33.174554],[-70.790772,-33.174429],[-70.790854,-33.174363],[-70.790961,-33.174274],[-70.791103,-33.174133],[-70.791194,-33.174044],[-70.79128,-33.173943],[-70.791346,-33.17385],[-70.791478,-33.173709],[-70.791609,-33.173524],[-70.791699,-33.173357],[-70.791798,-33.173138],[-70.791897,-33.172936],[-70.791935,-33.172761],[-70.792003,-33.172551],[-70.792042,-33.172385],[-70.792525,-33.169153],[-70.792878,-33.166523],[-70.780528,-33.169916],[-70.77341,-33.16972],[-70.766155,-33.170996],[-70.759908,-33.173934],[-70.753152,-33.17251],[-70.747575,-33.167587],[-70.741289,-33.164415],[-70.734637,-33.16091],[-70.736559,-33.154755],[-70.741575,-33.149247],[-70.743345,-33.142697],[-70.748547,-33.138715],[-70.754032,-33.134886],[-70.755027,-33.125741],[-70.756756,-33.119331],[-70.752976,-33.113766],[-70.755145,-33.107062],[-70.757455,-33.099517],[-70.756373,-33.092358],[-70.753196,-33.085116],[-70.751015,-33.079623],[-70.748174,-33.072294],[-70.749663,-33.062872],[-70.754549,-33.058546],[-70.762191,-33.054967],[-70.766807,-33.050563],[-70.764874,-33.044305],[-70.760084,-33.039462],[-70.762571,-33.032582],[-70.759014,-33.027559],[-70.755623,-33.021623],[-70.75929,-33.016178],[-70.754516,-33.00986],[-70.755912,-33.00387],[-70.761627,-32.999659],[-70.761929,-32.992805],[-70.765301,-32.986025],[-70.770395,-32.981498],[-70.765246,-32.97666],[-70.759162,-32.972138],[-70.754217,-32.967572],[-70.746767,-32.962901],[-70.740102,-32.96082],[-70.734227,-32.956938],[-70.729023,-32.953114],[-70.723142,-32.948402],[-70.709552,-32.954595],[-70.702142,-32.952951],[-70.695076,-32.950617],[-70.688515,-32.952979],[-70.676318,-32.953878],[-70.6688,-32.950209],[-70.661283,-32.94846],[-70.654013,-32.947407],[-70.646586,-32.945074],[-70.638003,-32.942111],[-70.630937,-32.943309],[-70.624018,-32.942542],[-70.61601,-32.943169],[-70.612379,-32.937453],[-70.605618,-32.938009],[-70.598024,-32.948663],[-70.596153,-32.954757],[-70.597292,-32.960618],[-70.594198,-32.967259],[-70.587054,-32.971111],[-70.582017,-32.977511],[-70.576716,-32.982647],[-70.569293,-32.98711],[-70.564229,-32.991769],[-70.560666,-32.99842],[-70.555424,-33.002706],[-70.552485,-33.008618],[-70.551746,-33.014657],[-70.556364,-33.025526],[-70.555626,-33.032051],[-70.549635,-33.034836],[-70.544146,-33.038561],[-70.538297,-33.042778],[-70.531379,-33.047765],[-70.529672,-33.053747],[-70.52807,-33.059444],[-70.525185,-33.065878],[-70.522263,-33.073084],[-70.51789,-33.077696],[-70.514007,-33.083687],[-70.50712,-33.083297],[-70.499639,-33.079906],[-70.493026,-33.078123],[-70.485102,-33.074457],[-70.483524,-33.068365],[-70.480617,-33.061911],[-70.470279,-33.055801],[-70.467951,-33.049555],[-70.464821,-33.043793],[-70.461051,-33.038593],[-70.455215,-33.033272],[-70.450209,-33.027693],[-70.44471,-33.022418],[-70.439424,-33.016702],[-70.431475,-33.01738],[-70.423966,-33.020126],[-70.417552,-33.022265],[-70.4086,-33.02647],[-70.404915,-33.032771],[-70.406634,-33.038965],[-70.402436,-33.044717],[-70.40705,-33.050199],[-70.411525,-33.05753],[-70.408765,-33.063879],[-70.401581,-33.068425],[-70.400579,-33.075155],[-70.393586,-33.0777],[-70.394368,-33.084289],[-70.387957,-33.090882],[-70.383794,-33.096344],[-70.380559,-33.102568]]]}},{"type":"Feature","properties":{"AREA":11031564.71103,"PERIMETER":14028.00043,"COMUNAS_":13,"COMUNAS_ID":1,"COMUNA":"CONCHALI","COD_VNR":13104,"CENTRO":"CENTRO_PONIENTE","COD_CENTRO":1,"RURALIDAD":"U","CLIENTESTOTAL":"38017","CLIENTESAFECTADOS":"6","PORCENTAJE":"   0.0","TIPO":"COMUNA"},"geometry":{"type":"Polygon","coordinates":[[[-70.656702,-33.376369],[-70.657088,-33.377047],[-70.657611,-33.378057],[-70.657704,-33.378439],[-70.657699,-33.378815],[-70.657572,-33.38065],[-70.65743,-33.383254],[-70.657132,-33.385543],[-70.657085,-33.386825],[-70.657174,-33.387616],[-70.657344,-33.388649],[-70.65732,-33.389857],[-70.657226,-33.391748],[-70.657177,-33.391961],[-70.657143,-33.392968],[-70.657273,-33.393915],[-70.657486,-33.395839],[-70.657802,-33.398475],[-70.657972,-33.399068],[-70.65813,-33.399649],[-70.658214,-33.400024],[-70.658197,-33.400375],[-70.658141,-33.400595],[-70.660564,-33.401007],[-70.660854,-33.39999],[-70.661011,-33.399441],[-70.661509,-33.399383],[-70.663187,-33.399259],[-70.663733,-33.399392],[-70.663964,-33.399187],[-70.665178,-33.399091],[-70.666584,-33.398988],[-70.668147,-33.399142],[-70.667587,-33.399627],[-70.672052,-33.399919],[-70.672143,-33.399727],[-70.673365,-33.400175],[-70.673905,-33.40037],[-70.676435,-33.40129],[-70.67815,-33.401927],[-70.679199,-33.402299],[-70.679816,-33.402488],[-70.680541,-33.402693],[-70.681376,-33.402925],[-70.681859,-33.403061],[-70.685921,-33.396317],[-70.688383,-33.392205],[-70.689069,-33.391062],[-70.689581,-33.389902],[-70.690423,-33.388101],[-70.693054,-33.382226],[-70.69375,-33.380728],[-70.696585,-33.374355],[-70.700258,-33.366163],[-70.699713,-33.366002],[-70.699381,-33.365953],[-70.698262,-33.365904],[-70.694387,-33.365908],[-70.691974,-33.365915],[-70.690539,-33.366014],[-70.689178,-33.366111],[-70.687409,-33.366189],[-70.683553,-33.366521],[-70.682939,-33.366643],[-70.682341,-33.366781],[-70.681629,-33.367027],[-70.679725,-33.367753],[-70.672206,-33.37057],[-70.6694,-33.371617],[-70.667082,-33.372483],[-70.665775,-33.372976],[-70.663754,-33.373727],[-70.662011,-33.374397],[-70.660904,-33.374803],[-70.65796,-33.375897],[-70.656702,-33.376369]]]}},{"type":"Feature","properties":{"AREA":14277694.18275,"PERIMETER":18671.10646,"COMUNAS_":24,"COMUNAS_ID":23,"COMUNA":"ESTACION_CENTRAL","COD_VNR":13106,"CENTRO":"CENTRO_PONIENTE","COD_CENTRO":1,"RURALIDAD":"U","CLIENTESTOTAL":"76566","CLIENTESAFECTADOS":"2","PORCENTAJE":"   0.0","TIPO":"COMUNA"},"geometry":{"type":"Polygon","coordinates":[[[-70.707056,-33.448864],[-70.704191,-33.448499],[-70.701455,-33.448159],[-70.700274,-33.44801],[-70.698245,-33.447756],[-70.697921,-33.447746],[-70.696174,-33.447839],[-70.694766,-33.447911],[-70.69205,-33.448039],[-70.69181,-33.444523],[-70.689913,-33.444425],[-70.687958,-33.444333],[-70.68409,-33.444136],[-70.683429,-33.444117],[-70.680078,-33.443944],[-70.679535,-33.443883],[-70.679182,-33.447921],[-70.679111,-33.449315],[-70.678941,-33.450893],[-70.677789,-33.450634],[-70.677785,-33.450872],[-70.677773,-33.451298],[-70.677789,-33.45148],[-70.67788,-33.452613],[-70.678047,-33.454563],[-70.678308,-33.458294],[-70.678775,-33.464925],[-70.679049,-33.469335],[-70.680027,-33.470703],[-70.673023,-33.470679],[-70.672973,-33.471189],[-70.672955,-33.47257],[-70.672916,-33.475045],[-70.672889,-33.475252],[-70.672957,-33.475453],[-70.673228,-33.475756],[-70.673562,-33.476038],[-70.674035,-33.476297],[-70.67404,-33.476533],[-70.674544,-33.476612],[-70.675267,-33.476718],[-70.675711,-33.476753],[-70.675997,-33.476749],[-70.6764,-33.476686],[-70.676667,-33.476699],[-70.677061,-33.476694],[-70.677554,-33.476687],[-70.678362,-33.476602],[-70.679258,-33.476532],[-70.680624,-33.476595],[-70.68063,-33.476596],[-70.682237,-33.476541],[-70.682616,-33.476506],[-70.683144,-33.476392],[-70.683752,-33.47631],[-70.683895,-33.476279],[-70.684165,-33.476222],[-70.684355,-33.476181],[-70.68455,-33.476125],[-70.684762,-33.476074],[-70.685022,-33.476051],[-70.68531,-33.476066],[-70.685559,-33.476102],[-70.68582,-33.476161],[-70.686205,-33.476258],[-70.686396,-33.476292],[-70.686873,-33.476494],[-70.687265,-33.476577],[-70.687628,-33.476694],[-70.688065,-33.476798],[-70.689203,-33.477162],[-70.689984,-33.477087],[-70.690154,-33.477074],[-70.690516,-33.477096],[-70.69082,-33.477239],[-70.691201,-33.477527],[-70.691734,-33.477856],[-70.692129,-33.478002],[-70.697427,-33.479056],[-70.69871,-33.479603],[-70.700897,-33.479861],[-70.707272,-33.481023],[-70.707514,-33.481053],[-70.707914,-33.481048],[-70.708946,-33.480866],[-70.709523,-33.480882],[-70.710334,-33.481078],[-70.711157,-33.481373],[-70.71144,-33.481379],[-70.711514,-33.481255],[-70.712447,-33.481266],[-70.712544,-33.481149],[-70.712636,-33.481055],[-70.712805,-33.480927],[-70.713039,-33.480734],[-70.713192,-33.48062],[-70.71335,-33.480521],[-70.713525,-33.480426],[-70.713634,-33.480345],[-70.71371,-33.480242],[-70.71386,-33.480008],[-70.714045,-33.479846],[-70.714208,-33.479772],[-70.714484,-33.479595],[-70.714682,-33.479408],[-70.71488,-33.479288],[-70.715255,-33.478971],[-70.715598,-33.478757],[-70.715963,-33.478507],[-70.716237,-33.478232],[-70.716404,-33.478026],[-70.71657,-33.477814],[-70.716702,-33.477725],[-70.717012,-33.477429],[-70.717388,-33.477066],[-70.717765,-33.476802],[-70.717956,-33.476584],[-70.71828,-33.47636],[-70.718598,-33.476131],[-70.719172,-33.475647],[-70.719333,-33.475491],[-70.719477,-33.475357],[-70.719812,-33.475056],[-70.720062,-33.474777],[-70.720158,-33.474714],[-70.720399,-33.474562],[-70.720609,-33.474416],[-70.72089,-33.474147],[-70.721071,-33.474042],[-70.721558,-33.473619],[-70.721923,-33.473282],[-70.72203,-33.473163],[-70.722132,-33.473081],[-70.722296,-33.47298],[-70.722443,-33.472916],[-70.722605,-33.472873],[-70.722833,-33.472826],[-70.723047,-33.472777],[-70.723191,-33.472747],[-70.723577,-33.472597],[-70.723772,-33.472554],[-70.723982,-33.472489],[-70.724195,-33.472414],[-70.724486,-33.472333],[-70.724677,-33.47228],[-70.724873,-33.472216],[-70.725089,-33.472136],[-70.725236,-33.472072],[-70.725394,-33.472007],[-70.725585,-33.471933],[-70.725788,-33.471893],[-70.725919,-33.471841],[-70.726034,-33.471803],[-70.726169,-33.471785],[-70.726298,-33.471777],[-70.726428,-33.471752],[-70.726549,-33.471707],[-70.726768,-33.47162],[-70.726953,-33.47159],[-70.727081,-33.471572],[-70.727294,-33.471514],[-70.727455,-33.471448],[-70.727594,-33.471381],[-70.727657,-33.471332],[-70.727736,-33.47129],[-70.727802,-33.471241],[-70.727922,-33.471171],[-70.728245,-33.471071],[-70.728591,-33.470966],[-70.729024,-33.470817],[-70.729929,-33.470561],[-70.730279,-33.470469],[-70.730369,-33.470449],[-70.73052,-33.470401],[-70.730626,-33.470378],[-70.730726,-33.470355],[-70.730923,-33.470307],[-70.731058,-33.47027],[-70.733479,-33.469594],[-70.733194,-33.469421],[-70.731959,-33.46869],[-70.731568,-33.468479],[-70.731164,-33.468229],[-70.731138,-33.467713],[-70.731027,-33.455063],[-70.729596,-33.45534],[-70.72825,-33.455597],[-70.71496,-33.458181],[-70.713748,-33.458417],[-70.713017,-33.458544],[-70.712719,-33.45864],[-70.71245,-33.45868],[-70.71207,-33.458714],[-70.71165,-33.45872],[-70.711307,-33.45876],[-70.710756,-33.458636],[-70.709922,-33.458455],[-70.708642,-33.458148],[-70.705507,-33.457423],[-70.705671,-33.456178],[-70.705649,-33.456062],[-70.705718,-33.455546],[-70.705782,-33.455045],[-70.705979,-33.453736],[-70.70614,-33.452674],[-70.706215,-33.452314],[-70.706298,-33.45211],[-70.706633,-33.451236],[-70.706769,-33.450852],[-70.707056,-33.448864]]]}},{"type":"Feature","properties":{"AREA":48289452.85796,"PERIMETER":31478.30314,"COMUNAS_":9,"COMUNAS_ID":24,"COMUNA":"HUECHURABA","COD_VNR":13107,"CENTRO":"CENTRO_PONIENTE","COD_CENTRO":1,"RURALIDAD":"U","CLIENTESTOTAL":"34115","CLIENTESAFECTADOS":"97","PORCENTAJE":"   0.3","TIPO":"COMUNA"},"geometry":{"type":"Polygon","coordinates":[[[-70.679322,-33.33026],[-70.660565,-33.327557],[-70.639288,-33.338662],[-70.592983,-33.332952],[-70.581366,-33.350502],[-70.585909,-33.353298],[-70.587976,-33.354264],[-70.590344,-33.355],[-70.592692,-33.357021],[-70.594859,-33.358639],[-70.597196,-33.360034],[-70.600618,-33.362701],[-70.597467,-33.365037],[-70.596859,-33.365943],[-70.596928,-33.366552],[-70.597271,-33.369387],[-70.596955,-33.371202],[-70.598556,-33.373335],[-70.599573,-33.375088],[-70.599652,-33.375916],[-70.599764,-33.378924],[-70.600551,-33.379724],[-70.603534,-33.382542],[-70.602918,-33.384986],[-70.601702,-33.38686],[-70.601902,-33.388748],[-70.601908,-33.389577],[-70.60215,-33.389957],[-70.602549,-33.390507],[-70.603839,-33.391978],[-70.605002,-33.392404],[-70.605492,-33.393731],[-70.605711,-33.393892],[-70.605886,-33.394024],[-70.606992,-33.394918],[-70.607887,-33.396657],[-70.608259,-33.398277],[-70.610131,-33.405504],[-70.619629,-33.396537],[-70.620777,-33.396023],[-70.62256,-33.395205],[-70.624869,-33.394131],[-70.626239,-33.393496],[-70.626878,-33.393151],[-70.627263,-33.392924],[-70.6277,-33.392647],[-70.628529,-33.392053],[-70.629,-33.391693],[-70.629515,-33.391318],[-70.630736,-33.390414],[-70.632005,-33.389476],[-70.633021,-33.388727],[-70.633908,-33.388083],[-70.635174,-33.38714],[-70.636664,-33.386044],[-70.637528,-33.385412],[-70.638574,-33.384639],[-70.639464,-33.383957],[-70.640307,-33.383297],[-70.640453,-33.383089],[-70.641166,-33.382617],[-70.642134,-33.382076],[-70.642761,-33.381736],[-70.643386,-33.381406],[-70.64439,-33.381016],[-70.648419,-33.379456],[-70.64967,-33.378985],[-70.650897,-33.378528],[-70.652084,-33.378085],[-70.653806,-33.37744],[-70.655753,-33.376725],[-70.656702,-33.376369],[-70.65796,-33.375897],[-70.660904,-33.374803],[-70.662011,-33.374397],[-70.663754,-33.373727],[-70.665775,-33.372976],[-70.667082,-33.372483],[-70.6694,-33.371617],[-70.672206,-33.37057],[-70.679725,-33.367753],[-70.681629,-33.367027],[-70.682341,-33.366781],[-70.682939,-33.366643],[-70.683553,-33.366521],[-70.687409,-33.366189],[-70.689178,-33.366111],[-70.689215,-33.365254],[-70.689405,-33.363863],[-70.689577,-33.363256],[-70.68975,-33.36269],[-70.690156,-33.361501],[-70.690509,-33.360463],[-70.691015,-33.359064],[-70.691739,-33.356997],[-70.691944,-33.356261],[-70.692174,-33.355207],[-70.692466,-33.353668],[-70.692647,-33.353005],[-70.692719,-33.3528],[-70.691471,-33.35079],[-70.689802,-33.348406],[-70.688391,-33.347781],[-70.687912,-33.346436],[-70.68789,-33.345406],[-70.68807,-33.343091],[-70.686899,-33.342101],[-70.684301,-33.339593],[-70.680769,-33.335495],[-70.679322,-33.33026]]]}},{"type":"Feature","properties":{"AREA":7197277.65309,"PERIMETER":11519.47481,"COMUNAS_":16,"COMUNAS_ID":25,"COMUNA":"INDEPENDENCIA","COD_VNR":13108,"CENTRO":"CENTRO_ORIENTE","COD_CENTRO":2,"RURALIDAD":"U","CLIENTESTOTAL":"48967","CLIENTESAFECTADOS":"0","PORCENTAJE":"   0.0","TIPO":"COMUNA"},"geometry":{"type":"Polygon","coordinates":[[[-70.681859,-33.403061],[-70.681376,-33.402925],[-70.680541,-33.402693],[-70.679816,-33.402488],[-70.679199,-33.402299],[-70.67815,-33.401927],[-70.676435,-33.40129],[-70.673905,-33.40037],[-70.673365,-33.400175],[-70.672143,-33.399727],[-70.672052,-33.399919],[-70.667587,-33.399627],[-70.668147,-33.399142],[-70.666584,-33.398988],[-70.665178,-33.399091],[-70.663964,-33.399187],[-70.663733,-33.399392],[-70.663187,-33.399259],[-70.661509,-33.399383],[-70.661011,-33.399441],[-70.660854,-33.39999],[-70.660564,-33.401007],[-70.658141,-33.400595],[-70.657871,-33.401797],[-70.657638,-33.402892],[-70.657161,-33.405331],[-70.654288,-33.40616],[-70.653212,-33.406407],[-70.653439,-33.407213],[-70.653509,-33.408645],[-70.653528,-33.409355],[-70.653506,-33.412115],[-70.654385,-33.412126],[-70.654385,-33.412403],[-70.654325,-33.414897],[-70.652712,-33.415226],[-70.652685,-33.417608],[-70.651736,-33.417634],[-70.650087,-33.417911],[-70.650734,-33.421334],[-70.651001,-33.423394],[-70.651141,-33.425018],[-70.651316,-33.427104],[-70.651439,-33.428691],[-70.651633,-33.430451],[-70.651634,-33.431402],[-70.651617,-33.431659],[-70.651641,-33.431784],[-70.651727,-33.431945],[-70.652724,-33.431725],[-70.654669,-33.431284],[-70.656367,-33.430877],[-70.659012,-33.430212],[-70.659332,-33.430016],[-70.659747,-33.429657],[-70.660006,-33.429495],[-70.660505,-33.429294],[-70.660468,-33.42916],[-70.661241,-33.428892],[-70.662631,-33.428546],[-70.66368,-33.428258],[-70.665826,-33.427487],[-70.669036,-33.426346],[-70.670986,-33.425648],[-70.672692,-33.424199],[-70.673706,-33.422875],[-70.674374,-33.421996],[-70.674774,-33.421633],[-70.675163,-33.421365],[-70.675487,-33.421173],[-70.675862,-33.420947],[-70.676607,-33.420506],[-70.676989,-33.420236],[-70.677306,-33.41995],[-70.677614,-33.419634],[-70.677813,-33.419398],[-70.678138,-33.418959],[-70.678335,-33.418599],[-70.678495,-33.418255],[-70.678613,-33.417919],[-70.678679,-33.417627],[-70.678772,-33.417062],[-70.678884,-33.416318],[-70.679015,-33.415264],[-70.680218,-33.406409],[-70.68029,-33.406061],[-70.680347,-33.405818],[-70.68041,-33.405632],[-70.680504,-33.405392],[-70.680623,-33.405134],[-70.680783,-33.404865],[-70.681026,-33.404445],[-70.681859,-33.403061]]]}},{"type":"Feature","properties":{"AREA":464870207.82759,"PERIMETER":102235.95779,"COMUNAS_":6,"COMUNAS_ID":18,"COMUNA":"LAMPA","COD_VNR":13302,"CENTRO":"CENTRO_PONIENTE","COD_CENTRO":1,"RURALIDAD":"R","CLIENTESTOTAL":"46871","CLIENTESAFECTADOS":"35","PORCENTAJE":"   0.1","TIPO":"COMUNA"},"geometry":{"type":"Polygon","coordinates":[[[-71.001993,-33.191991],[-70.988674,-33.176722],[-70.981452,-33.169621],[-70.974701,-33.168872],[-70.967983,-33.170994],[-70.961199,-33.172138],[-70.95296,-33.170414],[-70.946021,-33.16963],[-70.937913,-33.172602],[-70.932761,-33.176803],[-70.927399,-33.181639],[-70.919418,-33.181505],[-70.911806,-33.179391],[-70.90512,-33.17713],[-70.897108,-33.176581],[-70.890296,-33.176436],[-70.888355,-33.182319],[-70.891423,-33.189239],[-70.894115,-33.194929],[-70.897797,-33.200175],[-70.892627,-33.204393],[-70.885849,-33.207707],[-70.882637,-33.212914],[-70.881961,-33.220404],[-70.873341,-33.222577],[-70.86575,-33.221496],[-70.860992,-33.216066],[-70.857363,-33.207887],[-70.855651,-33.201952],[-70.851842,-33.197179],[-70.846189,-33.192145],[-70.846994,-33.185122],[-70.846218,-33.177224],[-70.839288,-33.177404],[-70.830756,-33.1772],[-70.822932,-33.179358],[-70.817808,-33.173097],[-70.811657,-33.170324],[-70.802499,-33.167666],[-70.793742,-33.166286],[-70.792878,-33.166523],[-70.792525,-33.169153],[-70.792042,-33.172385],[-70.792003,-33.172551],[-70.791935,-33.172761],[-70.791897,-33.172936],[-70.791798,-33.173138],[-70.791699,-33.173357],[-70.791609,-33.173524],[-70.791478,-33.173709],[-70.791346,-33.17385],[-70.79128,-33.173943],[-70.791194,-33.174044],[-70.791103,-33.174133],[-70.790961,-33.174274],[-70.790854,-33.174363],[-70.790772,-33.174429],[-70.790624,-33.174554],[-70.790346,-33.174767],[-70.789297,-33.175538],[-70.788189,-33.176358],[-70.787092,-33.177167],[-70.785971,-33.177993],[-70.784912,-33.178778],[-70.784507,-33.179106],[-70.784405,-33.17919],[-70.784065,-33.179557],[-70.78386,-33.17979],[-70.783776,-33.179892],[-70.783719,-33.179989],[-70.783606,-33.180166],[-70.783494,-33.180348],[-70.783358,-33.18059],[-70.783245,-33.180804],[-70.783084,-33.181156],[-70.782677,-33.182092],[-70.78172,-33.184233],[-70.778597,-33.19124],[-70.775439,-33.19834],[-70.772214,-33.205557],[-70.769142,-33.212443],[-70.766026,-33.219388],[-70.762888,-33.22643],[-70.759683,-33.233626],[-70.756588,-33.240552],[-70.753591,-33.247239],[-70.751612,-33.251631],[-70.750395,-33.254402],[-70.747841,-33.260065],[-70.747223,-33.261449],[-70.746832,-33.262346],[-70.74409,-33.268465],[-70.740927,-33.275545],[-70.737696,-33.282722],[-70.734553,-33.289763],[-70.731343,-33.296882],[-70.728222,-33.303903],[-70.724945,-33.311168],[-70.718589,-33.325324],[-70.79479,-33.344927],[-70.794734,-33.344393],[-70.795248,-33.344335],[-70.796515,-33.344787],[-70.797065,-33.345746],[-70.797463,-33.346707],[-70.79779,-33.347122],[-70.798374,-33.34752],[-70.798825,-33.348099],[-70.799285,-33.348446],[-70.799868,-33.34838],[-70.801769,-33.348967],[-70.803814,-33.350852],[-70.803922,-33.351085],[-70.803962,-33.351205],[-70.803983,-33.351289],[-70.803991,-33.351378],[-70.803999,-33.351452],[-70.804051,-33.351525],[-70.804083,-33.351598],[-70.804154,-33.351687],[-70.804237,-33.351754],[-70.804308,-33.351821],[-70.804416,-33.351888],[-70.804542,-33.351955],[-70.804619,-33.352022],[-70.804708,-33.352094],[-70.804785,-33.352177],[-70.80485,-33.352261],[-70.804921,-33.352349],[-70.804998,-33.352432],[-70.805062,-33.35251],[-70.805126,-33.352562],[-70.805265,-33.352639],[-70.805411,-33.35271],[-70.805568,-33.352745],[-70.805751,-33.352785],[-70.805909,-33.352856],[-70.8061,-33.352953],[-70.806309,-33.353055],[-70.80653,-33.353157],[-70.806714,-33.353223],[-70.806846,-33.353269],[-70.806954,-33.35333],[-70.807006,-33.353414],[-70.807174,-33.353635],[-70.80729,-33.353791],[-70.807343,-33.353943],[-70.807384,-33.354116],[-70.807425,-33.354273],[-70.807452,-33.354373],[-70.807537,-33.354514],[-70.807647,-33.354712],[-70.807731,-33.354832],[-70.807848,-33.35503],[-70.807989,-33.355176],[-70.808072,-33.355222],[-70.808175,-33.355352],[-70.808214,-33.355425],[-70.808303,-33.355495],[-70.80838,-33.355583],[-70.808451,-33.355656],[-70.808566,-33.35577],[-70.808724,-33.355836],[-70.808851,-33.355892],[-70.808934,-33.355959],[-70.809023,-33.356016],[-70.809093,-33.356062],[-70.809145,-33.356141],[-70.809153,-33.35623],[-70.809155,-33.356335],[-70.809201,-33.35645],[-70.809285,-33.356581],[-70.809338,-33.356696],[-70.809397,-33.356805],[-70.809443,-33.35692],[-70.809488,-33.356994],[-70.809552,-33.357045],[-70.809711,-33.357122],[-70.809925,-33.357198],[-70.810185,-33.357315],[-70.810349,-33.35737],[-70.810457,-33.357422],[-70.810614,-33.357451],[-70.810728,-33.357475],[-70.810799,-33.35759],[-70.810808,-33.357724],[-70.810892,-33.357849],[-70.810907,-33.357965],[-70.810973,-33.358111],[-70.811107,-33.358209],[-70.811122,-33.35832],[-70.811062,-33.358485],[-70.811015,-33.358606],[-70.810947,-33.358691],[-70.810893,-33.358786],[-70.810882,-33.358881],[-70.810878,-33.35896],[-70.810855,-33.359087],[-70.810901,-33.359186],[-70.810965,-33.359259],[-70.811236,-33.359393],[-70.811548,-33.359486],[-70.811782,-33.359548],[-70.812016,-33.359642],[-70.812204,-33.359707],[-70.812318,-33.359758],[-70.812558,-33.359833],[-70.812697,-33.359894],[-70.812805,-33.359945],[-70.812906,-33.359991],[-70.813088,-33.359994],[-70.813214,-33.359997],[-70.813314,-33.359991],[-70.813415,-33.36001],[-70.813509,-33.360035],[-70.813598,-33.360076],[-70.813712,-33.360122],[-70.813888,-33.360151],[-70.814052,-33.360175],[-70.814204,-33.360241],[-70.81428,-33.360276],[-70.814376,-33.36037],[-70.814421,-33.360443],[-70.814467,-33.360542],[-70.814537,-33.36061],[-70.814608,-33.360672],[-70.814703,-33.360712],[-70.814773,-33.360785],[-70.814838,-33.360868],[-70.814895,-33.360925],[-70.814959,-33.360988],[-70.81508,-33.361044],[-70.815181,-33.3611],[-70.815277,-33.361167],[-70.815403,-33.361239],[-70.815587,-33.361305],[-70.815694,-33.361335],[-70.815801,-33.361354],[-70.815871,-33.361406],[-70.815929,-33.361484],[-70.816018,-33.361556],[-70.816077,-33.361661],[-70.816172,-33.361707],[-70.816311,-33.361747],[-70.816462,-33.361771],[-70.816613,-33.361782],[-70.816738,-33.361754],[-70.816838,-33.361742],[-70.816938,-33.361714],[-70.817051,-33.361725],[-70.817177,-33.361755],[-70.817316,-33.361806],[-70.817443,-33.361883],[-70.817526,-33.361961],[-70.817597,-33.362054],[-70.817706,-33.362184],[-70.817833,-33.362251],[-70.818004,-33.362343],[-70.818163,-33.362441],[-70.818341,-33.362538],[-70.818562,-33.362619],[-70.818765,-33.362711],[-70.818917,-33.362777],[-70.819086,-33.362769],[-70.819203,-33.362694],[-70.819338,-33.36255],[-70.819419,-33.362507],[-70.81955,-33.362484],[-70.819663,-33.362456],[-70.819776,-33.36247],[-70.819858,-33.3625],[-70.819954,-33.362599],[-70.819999,-33.362661],[-70.820088,-33.362713],[-70.820189,-33.362753],[-70.820297,-33.36281],[-70.820393,-33.362871],[-70.820488,-33.362912],[-70.820564,-33.362958],[-70.820646,-33.36301],[-70.820724,-33.363098],[-70.820814,-33.363228],[-70.820853,-33.363312],[-70.820924,-33.36339],[-70.821021,-33.36351],[-70.821098,-33.363608],[-70.82115,-33.363713],[-70.821235,-33.363843],[-70.821287,-33.363964],[-70.821384,-33.364073],[-70.821467,-33.364166],[-70.821508,-33.364323],[-70.821531,-33.364497],[-70.821539,-33.364591],[-70.821572,-33.364701],[-70.821637,-33.364774],[-70.821739,-33.364873],[-70.821923,-33.364991],[-70.822001,-33.365079],[-70.82209,-33.365165],[-70.822173,-33.365243],[-70.822289,-33.365357],[-70.822393,-33.36555],[-70.82244,-33.365702],[-70.822483,-33.365959],[-70.822487,-33.366143],[-70.822452,-33.366265],[-70.822435,-33.366376],[-70.822444,-33.366497],[-70.822504,-33.366638],[-70.82257,-33.366811],[-70.822699,-33.366967],[-70.822803,-33.367149],[-70.82283,-33.367244],[-70.822896,-33.367419],[-70.822981,-33.36757],[-70.823092,-33.367774],[-70.823126,-33.367926],[-70.823138,-33.368189],[-70.823262,-33.368419],[-70.82338,-33.368644],[-70.823445,-33.368769],[-70.823543,-33.368978],[-70.823572,-33.36913],[-70.823599,-33.36923],[-70.823639,-33.369345],[-70.823704,-33.369439],[-70.823751,-33.369593],[-70.823816,-33.369703],[-70.823912,-33.369802],[-70.824014,-33.369879],[-70.824135,-33.369956],[-70.824242,-33.369997],[-70.824345,-33.370122],[-70.824372,-33.370216],[-70.824437,-33.370305],[-70.824501,-33.370388],[-70.824581,-33.370576],[-70.824577,-33.370702],[-70.824516,-33.370803],[-70.824493,-33.370909],[-70.824546,-33.371029],[-70.824598,-33.371097],[-70.824743,-33.371132],[-70.824863,-33.371193],[-70.825065,-33.371253],[-70.825343,-33.371323],[-70.825475,-33.371342],[-70.825663,-33.37136],[-70.825782,-33.371348],[-70.825934,-33.371388],[-70.826128,-33.37138],[-70.82624,-33.371341],[-70.826321,-33.371293],[-70.826528,-33.371332],[-70.826687,-33.371414],[-70.826864,-33.37149],[-70.826935,-33.371563],[-70.827044,-33.371685],[-70.827171,-33.371746],[-70.827298,-33.371818],[-70.827413,-33.371916],[-70.827533,-33.371993],[-70.82763,-33.372102],[-70.827778,-33.37229],[-70.82792,-33.372467],[-70.828035,-33.372602],[-70.828146,-33.3728],[-70.828255,-33.37292],[-70.828328,-33.373087],[-70.828326,-33.373271],[-70.82831,-33.37344],[-70.828282,-33.373588],[-70.828265,-33.373683],[-70.828262,-33.373812],[-70.828289,-33.373948],[-70.828399,-33.374104],[-70.828539,-33.374171],[-70.828716,-33.374237],[-70.828843,-33.374314],[-70.828947,-33.37447],[-70.829033,-33.374695],[-70.829074,-33.374858],[-70.829146,-33.374999],[-70.829206,-33.375156],[-70.829215,-33.375319],[-70.829219,-33.375482],[-70.829216,-33.375677],[-70.829207,-33.375819],[-70.82923,-33.376016],[-70.829258,-33.376142],[-70.829348,-33.376262],[-70.82947,-33.376381],[-70.82966,-33.376489],[-70.829902,-33.376638],[-70.830054,-33.376746],[-70.830258,-33.376869],[-70.830511,-33.376987],[-70.830689,-33.377084],[-70.83081,-33.377166],[-70.830942,-33.377206],[-70.831107,-33.377272],[-70.831259,-33.377339],[-70.831398,-33.377395],[-70.831512,-33.377451],[-70.831677,-33.377511],[-70.831829,-33.377609],[-70.831938,-33.377692],[-70.832059,-33.377795],[-70.832168,-33.377909],[-70.83222,-33.378014],[-70.832221,-33.378141],[-70.832235,-33.378254],[-70.832304,-33.378346],[-70.832384,-33.378444],[-70.832498,-33.378531],[-70.832629,-33.378637],[-70.832726,-33.378734],[-70.832773,-33.378851],[-70.832792,-33.378968],[-70.832617,-33.37913],[-70.8325,-33.379178],[-70.832407,-33.379236],[-70.832381,-33.379335],[-70.832529,-33.379473],[-70.832625,-33.379528],[-70.832683,-33.37964],[-70.832743,-33.379798],[-70.832701,-33.37993],[-70.83263,-33.380025],[-70.832554,-33.38012],[-70.832444,-33.380225],[-70.832368,-33.380338],[-70.832332,-33.380461],[-70.832367,-33.380559],[-70.832397,-33.380657],[-70.832438,-33.380745],[-70.832534,-33.380795],[-70.83262,-33.380869],[-70.832768,-33.381001],[-70.832831,-33.381075],[-70.832944,-33.381153],[-70.833096,-33.381202],[-70.83322,-33.381252],[-70.833366,-33.381287],[-70.833524,-33.381346],[-70.833726,-33.381399],[-70.83395,-33.381401],[-70.834084,-33.381399],[-70.834258,-33.381424],[-70.834354,-33.381465],[-70.834439,-33.381529],[-70.834597,-33.381621],[-70.834738,-33.38167],[-70.834958,-33.381751],[-70.835133,-33.381861],[-70.83528,-33.38193],[-70.835511,-33.381992],[-70.835651,-33.382004],[-70.835853,-33.382043],[-70.836073,-33.382166],[-70.836265,-33.382257],[-70.836435,-33.382358],[-70.836587,-33.382393],[-70.836716,-33.382434],[-70.836869,-33.382527],[-70.836999,-33.382596],[-70.837151,-33.382636],[-70.837259,-33.382709],[-70.837349,-33.382769],[-70.837419,-33.382899],[-70.837349,-33.383017],[-70.837223,-33.383127],[-70.837103,-33.383293],[-70.837044,-33.383406],[-70.837042,-33.383566],[-70.837049,-33.383664],[-70.837119,-33.383804],[-70.837178,-33.383934],[-70.837265,-33.384055],[-70.837307,-33.38419],[-70.837348,-33.384326],[-70.837435,-33.384451],[-70.837549,-33.384538],[-70.837989,-33.384755],[-70.838777,-33.384987],[-70.839232,-33.385198],[-70.839363,-33.385227],[-70.839534,-33.385126],[-70.839771,-33.384944],[-70.840015,-33.384865],[-70.840293,-33.384782],[-70.841503,-33.384518],[-70.843025,-33.384023],[-70.843704,-33.383644],[-70.844035,-33.383415],[-70.844268,-33.383238],[-70.844804,-33.382924],[-70.845175,-33.382736],[-70.846447,-33.382229],[-70.846976,-33.382022],[-70.847475,-33.381824],[-70.847886,-33.381653],[-70.848229,-33.3814],[-70.849335,-33.381024],[-70.850692,-33.380429],[-70.851625,-33.379984],[-70.852386,-33.379542],[-70.853487,-33.378951],[-70.854332,-33.378435],[-70.855954,-33.378195],[-70.856456,-33.377613],[-70.857813,-33.377018],[-70.85943,-33.376563],[-70.860444,-33.375901],[-70.861642,-33.375883],[-70.863776,-33.375564],[-70.865314,-33.375397],[-70.866682,-33.375304],[-70.867711,-33.375361],[-70.868824,-33.375344],[-70.869767,-33.375402],[-70.870621,-33.375317],[-70.873005,-33.374634],[-70.874186,-33.373826],[-70.875372,-33.373234],[-70.876318,-33.373435],[-70.876846,-33.374073],[-70.877548,-33.374853],[-70.878411,-33.375199],[-70.87987,-33.375321],[-70.880813,-33.375378],[-70.881923,-33.375218],[-70.883112,-33.374769],[-70.884299,-33.374248],[-70.885661,-33.373868],[-70.887204,-33.373916],[-70.888497,-33.374328],[-70.890303,-33.374695],[-70.891419,-33.374822],[-70.892361,-33.374808],[-70.894071,-33.37471],[-70.895164,-33.373759],[-70.901119,-33.368064],[-70.904856,-33.366642],[-70.907755,-33.366094],[-70.910239,-33.366128],[-70.91588,-33.3697],[-70.923247,-33.373753],[-70.926541,-33.37557],[-70.932608,-33.378852],[-70.937423,-33.379711],[-70.942072,-33.380824],[-70.944932,-33.382359],[-70.951706,-33.382893],[-70.960394,-33.377793],[-70.970815,-33.373647],[-70.974124,-33.368206],[-70.98005,-33.363648],[-70.985593,-33.35896],[-70.990662,-33.353897],[-70.989779,-33.34768],[-70.992343,-33.344658],[-70.999359,-33.340231],[-71.00772,-33.324013],[-71.006819,-33.31464],[-71.005117,-33.303134],[-70.997112,-33.298506],[-70.991614,-33.292931],[-70.986312,-33.291212],[-70.974662,-33.288445],[-70.971843,-33.285257],[-70.977803,-33.282885],[-70.978747,-33.275985],[-70.983706,-33.26751],[-70.982778,-33.264121],[-70.985116,-33.259728],[-70.990705,-33.245246],[-70.998828,-33.232202],[-70.999807,-33.225211],[-71.00422,-33.219879],[-71.003541,-33.21332],[-71.005479,-33.208681],[-71.004616,-33.203523],[-71.002073,-33.192083],[-71.001993,-33.191991]]]}},{"type":"Feature","properties":{"AREA":103586692.12878,"PERIMETER":48175.34293,"COMUNAS_":12,"COMUNAS_ID":7,"COMUNA":"LAS_CONDES","COD_VNR":13114,"CENTRO":"CENTRO_ORIENTE","COD_CENTRO":2,"RURALIDAD":"U","CLIENTESTOTAL":"154668","CLIENTESAFECTADOS":"1","PORCENTAJE":"   0.0","TIPO":"COMUNA"},"geometry":{"type":"Polygon","coordinates":[[[-70.5176,-33.372755],[-70.515954,-33.372098],[-70.514511,-33.371649],[-70.512612,-33.37105],[-70.511336,-33.370767],[-70.509816,-33.37053],[-70.507509,-33.370202],[-70.506314,-33.370139],[-70.505515,-33.369992],[-70.50437,-33.369611],[-70.499409,-33.367264],[-70.499043,-33.367198],[-70.498598,-33.367104],[-70.497379,-33.36707],[-70.496765,-33.367058],[-70.495709,-33.367021],[-70.495456,-33.366955],[-70.495322,-33.366897],[-70.494961,-33.366465],[-70.494479,-33.365876],[-70.493997,-33.365307],[-70.493247,-33.364869],[-70.492992,-33.364744],[-70.492738,-33.364666],[-70.492404,-33.364653],[-70.492144,-33.364633],[-70.491896,-33.364628],[-70.491631,-33.364578],[-70.491334,-33.364526],[-70.490842,-33.36452],[-70.490146,-33.364543],[-70.490028,-33.364562],[-70.489644,-33.364564],[-70.489463,-33.364584],[-70.489085,-33.36467],[-70.488787,-33.364732],[-70.48864,-33.364752],[-70.488431,-33.364757],[-70.4881,-33.364749],[-70.486635,-33.364653],[-70.485662,-33.364594],[-70.485432,-33.364568],[-70.48518,-33.364506],[-70.484921,-33.364434],[-70.484718,-33.364378],[-70.484544,-33.364345],[-70.484377,-33.364335],[-70.484224,-33.364348],[-70.484078,-33.364397],[-70.483902,-33.364487],[-70.483737,-33.364635],[-70.483607,-33.364753],[-70.483483,-33.364848],[-70.483297,-33.364927],[-70.483123,-33.364964],[-70.482949,-33.364972],[-70.482767,-33.364973],[-70.482688,-33.364936],[-70.48266,-33.364925],[-70.482635,-33.365775],[-70.482574,-33.366006],[-70.482366,-33.36613],[-70.482106,-33.366187],[-70.481884,-33.366213],[-70.481702,-33.366314],[-70.481561,-33.366469],[-70.481313,-33.366558],[-70.481027,-33.366615],[-70.480819,-33.366685],[-70.480535,-33.366941],[-70.479713,-33.367893],[-70.478727,-33.368552],[-70.478218,-33.369102],[-70.476779,-33.370933],[-70.47475,-33.384267],[-70.473699,-33.387084],[-70.469632,-33.393667],[-70.452155,-33.410151],[-70.433929,-33.426678],[-70.429844,-33.437872],[-70.427275,-33.452318],[-70.429479,-33.467633],[-70.432294,-33.47891],[-70.433305,-33.478988],[-70.434677,-33.479198],[-70.434687,-33.479653],[-70.435791,-33.4801],[-70.436484,-33.480489],[-70.43691,-33.481228],[-70.437332,-33.481737],[-70.437345,-33.48231],[-70.437902,-33.482759],[-70.437917,-33.483226],[-70.503742,-33.46047],[-70.502353,-33.452643],[-70.51927,-33.433622],[-70.522721,-33.431774],[-70.522946,-33.431659],[-70.524923,-33.431893],[-70.527871,-33.432253],[-70.529253,-33.432434],[-70.53041,-33.432575],[-70.531414,-33.432699],[-70.533107,-33.432903],[-70.535326,-33.433181],[-70.536161,-33.433288],[-70.537237,-33.433411],[-70.537579,-33.433422],[-70.538177,-33.43251],[-70.538423,-33.431787],[-70.538698,-33.431108],[-70.538743,-33.430582],[-70.538886,-33.429367],[-70.538852,-33.42899],[-70.544197,-33.429613],[-70.547337,-33.429968],[-70.551573,-33.430422],[-70.554496,-33.430724],[-70.554575,-33.430544],[-70.556493,-33.430622],[-70.56002,-33.430784],[-70.565083,-33.431016],[-70.572162,-33.431221],[-70.574519,-33.431268],[-70.578491,-33.431388],[-70.580256,-33.431516],[-70.582242,-33.431637],[-70.583989,-33.431747],[-70.584453,-33.431759],[-70.585079,-33.431074],[-70.58568,-33.430569],[-70.58714,-33.429307],[-70.588705,-33.427939],[-70.590893,-33.426238],[-70.594879,-33.423159],[-70.596809,-33.42162],[-70.599052,-33.419979],[-70.600751,-33.418699],[-70.601083,-33.418415],[-70.601337,-33.418147],[-70.601599,-33.41786],[-70.601695,-33.417802],[-70.601923,-33.417682],[-70.60217,-33.417559],[-70.602513,-33.417426],[-70.603039,-33.417306],[-70.60347,-33.417233],[-70.603683,-33.417227],[-70.604209,-33.417171],[-70.604448,-33.41713],[-70.604773,-33.41705],[-70.606639,-33.416021],[-70.606757,-33.415485],[-70.606167,-33.413006],[-70.60555,-33.411109],[-70.60512,-33.410171],[-70.60521,-33.409243],[-70.60403,-33.408874],[-70.603508,-33.40871],[-70.603129,-33.40856],[-70.602733,-33.408424],[-70.602401,-33.408332],[-70.602158,-33.408277],[-70.601911,-33.408229],[-70.601485,-33.408183],[-70.601141,-33.408175],[-70.599937,-33.408117],[-70.599245,-33.408118],[-70.599,-33.408093],[-70.598802,-33.408052],[-70.598436,-33.407943],[-70.598311,-33.407897],[-70.597928,-33.407758],[-70.597372,-33.407554],[-70.596864,-33.407337],[-70.595763,-33.406945],[-70.592921,-33.405995],[-70.591307,-33.40538],[-70.590427,-33.405069],[-70.589757,-33.404845],[-70.589275,-33.404765],[-70.587937,-33.404503],[-70.586755,-33.404272],[-70.586579,-33.404235],[-70.586425,-33.404204],[-70.585846,-33.404081],[-70.585397,-33.403932],[-70.58492,-33.403726],[-70.584375,-33.403464],[-70.584036,-33.403251],[-70.583597,-33.403016],[-70.583093,-33.402795],[-70.58253,-33.402557],[-70.581721,-33.402218],[-70.58096,-33.401898],[-70.578186,-33.400742],[-70.577273,-33.400362],[-70.576152,-33.399902],[-70.575334,-33.399586],[-70.574989,-33.399454],[-70.574124,-33.399122],[-70.568697,-33.397054],[-70.565265,-33.395863],[-70.560861,-33.394335],[-70.558626,-33.393561],[-70.555411,-33.392449],[-70.553273,-33.391702],[-70.549375,-33.390193],[-70.54743,-33.389434],[-70.54608,-33.388957],[-70.545785,-33.388856],[-70.544945,-33.388572],[-70.544515,-33.388428],[-70.543704,-33.388138],[-70.543618,-33.388105],[-70.543459,-33.38804],[-70.533943,-33.383926],[-70.530686,-33.380676],[-70.52997,-33.380018],[-70.529372,-33.37948],[-70.529294,-33.379434],[-70.529131,-33.379266],[-70.529015,-33.379104],[-70.52882,-33.378852],[-70.528543,-33.378526],[-70.528125,-33.378004],[-70.52777,-33.377624],[-70.527092,-33.377119],[-70.526427,-33.37668],[-70.525691,-33.376277],[-70.520311,-33.373952],[-70.5176,-33.372755]]]}},{"type":"Feature","properties":{"AREA":10032512.03967,"PERIMETER":12857.14674,"COMUNAS_":34,"COMUNAS_ID":3,"COMUNA":"LA_CISTERNA","COD_VNR":13109,"CENTRO":"CENTRO_PONIENTE","COD_CENTRO":1,"RURALIDAD":"U","CLIENTESTOTAL":"47311","CLIENTESAFECTADOS":"0","PORCENTAJE":"   0.0","TIPO":"COMUNA"},"geometry":{"type":"Polygon","coordinates":[[[-70.670997,-33.510794],[-70.670733,-33.510897],[-70.670419,-33.510997],[-70.662306,-33.513442],[-70.659207,-33.51438],[-70.658073,-33.514741],[-70.653517,-33.515645],[-70.644577,-33.517407],[-70.644721,-33.517878],[-70.644742,-33.518043],[-70.644847,-33.518402],[-70.644925,-33.518711],[-70.644963,-33.518826],[-70.645096,-33.519289],[-70.645933,-33.522347],[-70.646193,-33.523208],[-70.646309,-33.523348],[-70.647058,-33.526116],[-70.647104,-33.526204],[-70.647126,-33.526341],[-70.647691,-33.528314],[-70.647769,-33.528408],[-70.647851,-33.528486],[-70.647906,-33.528593],[-70.648825,-33.53188],[-70.650503,-33.537759],[-70.651092,-33.539874],[-70.650824,-33.540373],[-70.651112,-33.541469],[-70.651545,-33.54291],[-70.65208,-33.544864],[-70.651878,-33.545541],[-70.652182,-33.546633],[-70.652694,-33.54846],[-70.652828,-33.548937],[-70.654535,-33.548622],[-70.654681,-33.548613],[-70.656802,-33.548256],[-70.656758,-33.548074],[-70.659055,-33.547698],[-70.666543,-33.546447],[-70.66665,-33.54643],[-70.668188,-33.545602],[-70.66809,-33.545492],[-70.672035,-33.544035],[-70.676652,-33.542351],[-70.681087,-33.540732],[-70.685351,-33.539159],[-70.68396,-33.536592],[-70.681288,-33.531612],[-70.678796,-33.526951],[-70.678353,-33.52611],[-70.677893,-33.525165],[-70.677476,-33.524313],[-70.676826,-33.52295],[-70.675032,-33.519206],[-70.674074,-33.517212],[-70.672192,-33.513288],[-70.671177,-33.511188],[-70.670997,-33.510794]]]}},{"type":"Feature","properties":{"AREA":73266429.96624,"PERIMETER":49210.73043,"COMUNAS_":32,"COMUNAS_ID":14,"COMUNA":"LA_FLORIDA","COD_VNR":13110,"CENTRO":"CENTRO_PONIENTE","COD_CENTRO":1,"RURALIDAD":"U","CLIENTESTOTAL":"151475","CLIENTESAFECTADOS":"0","PORCENTAJE":"   0.0","TIPO":"COMUNA"},"geometry":{"type":"Polygon","coordinates":[[[-70.613812,-33.508228],[-70.61227,-33.508299],[-70.608627,-33.508554],[-70.60198,-33.509041],[-70.598769,-33.509274],[-70.59727,-33.509382],[-70.594779,-33.50957],[-70.593843,-33.509634],[-70.593145,-33.50969],[-70.58848,-33.509983],[-70.586035,-33.510156],[-70.585678,-33.510186],[-70.584957,-33.510234],[-70.5832,-33.510358],[-70.581602,-33.510469],[-70.580132,-33.510568],[-70.579147,-33.510642],[-70.577953,-33.510713],[-70.577181,-33.51075],[-70.576138,-33.510793],[-70.57605,-33.510613],[-70.574537,-33.510743],[-70.57396,-33.51075],[-70.573607,-33.510777],[-70.573338,-33.510794],[-70.573211,-33.510808],[-70.572991,-33.510823],[-70.572736,-33.510817],[-70.572615,-33.510799],[-70.5723,-33.510803],[-70.57207,-33.510816],[-70.571861,-33.510831],[-70.570987,-33.510908],[-70.569607,-33.511035],[-70.568981,-33.511112],[-70.56836,-33.511187],[-70.567125,-33.511334],[-70.567172,-33.511648],[-70.565793,-33.511762],[-70.565611,-33.511764],[-70.565418,-33.511703],[-70.565235,-33.51164],[-70.565033,-33.511579],[-70.564813,-33.511531],[-70.564584,-33.511506],[-70.564365,-33.51148],[-70.564118,-33.511469],[-70.563899,-33.511464],[-70.563206,-33.511502],[-70.56167,-33.5116],[-70.560531,-33.5117],[-70.557996,-33.511896],[-70.556603,-33.511999],[-70.553569,-33.512138],[-70.550921,-33.512244],[-70.548835,-33.512347],[-70.54565,-33.51247],[-70.545025,-33.512497],[-70.544786,-33.512487],[-70.544341,-33.512454],[-70.544044,-33.512445],[-70.543789,-33.512448],[-70.543559,-33.512464],[-70.543369,-33.512479],[-70.542967,-33.512536],[-70.542532,-33.512618],[-70.542392,-33.512633],[-70.542268,-33.512596],[-70.542143,-33.51252],[-70.54201,-33.512425],[-70.541885,-33.512349],[-70.541769,-33.512434],[-70.541661,-33.512442],[-70.541543,-33.512437],[-70.541398,-33.512423],[-70.541235,-33.512391],[-70.541017,-33.512342],[-70.540853,-33.512307],[-70.540715,-33.512279],[-70.540482,-33.51223],[-70.540398,-33.512201],[-70.540318,-33.512164],[-70.540228,-33.51213],[-70.540136,-33.512132],[-70.540046,-33.512155],[-70.539938,-33.512189],[-70.539789,-33.512203],[-70.539671,-33.512196],[-70.539453,-33.512127],[-70.539344,-33.512093],[-70.539253,-33.512085],[-70.539117,-33.512064],[-70.539008,-33.512035],[-70.538926,-33.512007],[-70.538817,-33.51197],[-70.538708,-33.511942],[-70.538572,-33.511906],[-70.53849,-33.511876],[-70.538354,-33.511817],[-70.53819,-33.511757],[-70.538026,-33.511691],[-70.537916,-33.511617],[-70.537833,-33.511576],[-70.53774,-33.511525],[-70.537648,-33.511458],[-70.537523,-33.511399],[-70.537391,-33.51136],[-70.537279,-33.511301],[-70.537152,-33.51125],[-70.537015,-33.511195],[-70.536831,-33.511134],[-70.536653,-33.511094],[-70.536571,-33.511063],[-70.536417,-33.511021],[-70.536273,-33.510974],[-70.536143,-33.510894],[-70.536039,-33.51086],[-70.535935,-33.510836],[-70.535841,-33.51083],[-70.535687,-33.510845],[-70.535581,-33.510856],[-70.535404,-33.510853],[-70.535283,-33.510797],[-70.535096,-33.510746],[-70.534987,-33.510703],[-70.534897,-33.510667],[-70.534814,-33.510624],[-70.53471,-33.510559],[-70.534583,-33.510507],[-70.534469,-33.510504],[-70.534367,-33.510457],[-70.534203,-33.5104],[-70.534076,-33.510388],[-70.533934,-33.510346],[-70.533808,-33.510343],[-70.533674,-33.5103],[-70.533563,-33.510251],[-70.533421,-33.510219],[-70.533292,-33.510213],[-70.533163,-33.51021],[-70.533075,-33.510214],[-70.53296,-33.510203],[-70.532867,-33.510173],[-70.532783,-33.510126],[-70.5327,-33.510075],[-70.532569,-33.509997],[-70.532428,-33.509942],[-70.532346,-33.509919],[-70.532241,-33.50985],[-70.532176,-33.509802],[-70.532052,-33.509809],[-70.531868,-33.5097],[-70.531734,-33.509662],[-70.531621,-33.509642],[-70.531528,-33.509547],[-70.531443,-33.509504],[-70.531272,-33.509454],[-70.531128,-33.509393],[-70.53103,-33.509319],[-70.530952,-33.509258],[-70.530838,-33.509197],[-70.530752,-33.509164],[-70.530627,-33.509123],[-70.530509,-33.509118],[-70.530337,-33.509181],[-70.530267,-33.509276],[-70.53018,-33.509285],[-70.530028,-33.509287],[-70.529874,-33.509266],[-70.529752,-33.509219],[-70.529634,-33.509217],[-70.529444,-33.50922],[-70.529303,-33.509219],[-70.529201,-33.50922],[-70.529078,-33.509244],[-70.528989,-33.509216],[-70.528914,-33.509105],[-70.528903,-33.508939],[-70.528858,-33.508774],[-70.528764,-33.508684],[-70.52864,-33.508645],[-70.52851,-33.508609],[-70.528392,-33.508593],[-70.528269,-33.508486],[-70.528229,-33.508389],[-70.528155,-33.508319],[-70.528021,-33.508275],[-70.527895,-33.508248],[-70.527771,-33.508231],[-70.52763,-33.508225],[-70.527525,-33.508207],[-70.5274,-33.508163],[-70.527273,-33.508168],[-70.527151,-33.508191],[-70.527063,-33.508124],[-70.526939,-33.508056],[-70.526832,-33.50804],[-70.5267,-33.507992],[-70.526591,-33.507989],[-70.526475,-33.507978],[-70.526347,-33.507952],[-70.526227,-33.507931],[-70.526105,-33.50792],[-70.52599,-33.507919],[-70.525751,-33.507919],[-70.525606,-33.50791],[-70.525524,-33.507978],[-70.525427,-33.508078],[-70.525369,-33.508142],[-70.525294,-33.508245],[-70.525177,-33.508251],[-70.52509,-33.508226],[-70.524986,-33.508111],[-70.524799,-33.508112],[-70.524692,-33.508105],[-70.524551,-33.508099],[-70.524437,-33.508076],[-70.524348,-33.508069],[-70.524245,-33.508097],[-70.524103,-33.508088],[-70.513672,-33.500122],[-70.437917,-33.483226],[-70.438081,-33.484705],[-70.438095,-33.485336],[-70.43784,-33.4862],[-70.437647,-33.486716],[-70.437536,-33.487922],[-70.437637,-33.489093],[-70.437092,-33.489532],[-70.437124,-33.490961],[-70.437082,-33.492166],[-70.43704,-33.49337],[-70.437062,-33.494402],[-70.437625,-33.495081],[-70.438416,-33.496844],[-70.439067,-33.498442],[-70.439779,-33.499746],[-70.441864,-33.50121],[-70.443041,-33.501823],[-70.44319,-33.502394],[-70.444358,-33.502605],[-70.445798,-33.502756],[-70.446487,-33.502977],[-70.447582,-33.50296],[-70.448338,-33.503123],[-70.448954,-33.503115],[-70.449788,-33.503732],[-70.451245,-33.504626],[-70.451881,-33.505534],[-70.452665,-33.506954],[-70.453431,-33.507577],[-70.454949,-33.508127],[-70.455642,-33.50852],[-70.455654,-33.509093],[-70.456973,-33.50993],[-70.457393,-33.510326],[-70.458933,-33.511909],[-70.460439,-33.511945],[-70.461282,-33.512904],[-70.461966,-33.512896],[-70.462589,-33.513232],[-70.463976,-33.514072],[-70.46401,-33.51556],[-70.464708,-33.516178],[-70.465144,-33.517318],[-70.465433,-33.518005],[-70.465651,-33.518571],[-70.46568,-33.519891],[-70.466107,-33.52063],[-70.466804,-33.52119],[-70.466821,-33.521993],[-70.467177,-33.522561],[-70.468311,-33.52432],[-70.468995,-33.524312],[-70.470094,-33.524465],[-70.471605,-33.524732],[-70.47263,-33.524661],[-70.473998,-33.52464],[-70.475599,-33.52582],[-70.4763,-33.526556],[-70.477064,-33.527061],[-70.477898,-33.527619],[-70.478663,-33.528183],[-70.4791,-33.529377],[-70.479037,-33.529608],[-70.479,-33.530983],[-70.479013,-33.531556],[-70.478888,-33.53213],[-70.478696,-33.53271],[-70.478993,-33.533734],[-70.479403,-33.533729],[-70.480937,-33.534964],[-70.483203,-33.535276],[-70.483551,-33.53556],[-70.484179,-33.536066],[-70.48474,-33.536687],[-70.48475,-33.537088],[-70.48491,-33.538118],[-70.485471,-33.538738],[-70.485638,-33.540053],[-70.485983,-33.54022],[-70.486009,-33.54071],[-70.494691,-33.542614],[-70.500203,-33.545816],[-70.513961,-33.54178],[-70.516709,-33.54244],[-70.516761,-33.542453],[-70.541737,-33.546926],[-70.553882,-33.548127],[-70.554536,-33.547946],[-70.555872,-33.547905],[-70.557516,-33.547867],[-70.564087,-33.547737],[-70.56486,-33.547718],[-70.566895,-33.547634],[-70.568121,-33.547602],[-70.566057,-33.550098],[-70.565769,-33.550426],[-70.564117,-33.552444],[-70.560721,-33.55656],[-70.558598,-33.559124],[-70.558102,-33.559742],[-70.557833,-33.56009],[-70.557512,-33.560473],[-70.557176,-33.560833],[-70.567903,-33.562734],[-70.570028,-33.563106],[-70.571905,-33.563435],[-70.572734,-33.56358],[-70.574834,-33.56396],[-70.579577,-33.564807],[-70.582239,-33.565267],[-70.58384,-33.565567],[-70.584468,-33.565669],[-70.583832,-33.568897],[-70.58455,-33.568989],[-70.59215,-33.569999],[-70.59214,-33.570125],[-70.592266,-33.570201],[-70.592354,-33.570226],[-70.592438,-33.570202],[-70.59259,-33.570071],[-70.592712,-33.570002],[-70.595646,-33.568805],[-70.597218,-33.568195],[-70.59741,-33.568101],[-70.597701,-33.567972],[-70.597823,-33.567895],[-70.597939,-33.567817],[-70.598292,-33.567532],[-70.598509,-33.567397],[-70.598626,-33.567364],[-70.599397,-33.567296],[-70.599658,-33.567299],[-70.599976,-33.567362],[-70.600355,-33.567452],[-70.600887,-33.567603],[-70.601798,-33.567875],[-70.603953,-33.568493],[-70.608866,-33.569617],[-70.611311,-33.570205],[-70.612485,-33.562235],[-70.610402,-33.562022],[-70.611041,-33.5598],[-70.612214,-33.555676],[-70.61268,-33.554062],[-70.612945,-33.553117],[-70.613659,-33.55052],[-70.614019,-33.549255],[-70.614453,-33.547857],[-70.614834,-33.546569],[-70.614802,-33.546453],[-70.614423,-33.546532],[-70.614075,-33.546597],[-70.613597,-33.546633],[-70.612447,-33.546658],[-70.610587,-33.546703],[-70.610461,-33.543084],[-70.610226,-33.537884],[-70.610152,-33.537481],[-70.610118,-33.537343],[-70.610003,-33.534872],[-70.609889,-33.531861],[-70.609859,-33.531173],[-70.609801,-33.531075],[-70.609704,-33.528467],[-70.609682,-33.528056],[-70.609646,-33.527965],[-70.609658,-33.527531],[-70.609647,-33.526966],[-70.609615,-33.526262],[-70.609752,-33.525097],[-70.609843,-33.524283],[-70.60987,-33.524157],[-70.609989,-33.522983],[-70.609979,-33.522824],[-70.610085,-33.521487],[-70.61026,-33.521016],[-70.610322,-33.520805],[-70.610607,-33.518537],[-70.610871,-33.516243],[-70.610984,-33.515281],[-70.611027,-33.514792],[-70.611089,-33.51422],[-70.611224,-33.513097],[-70.611331,-33.512199],[-70.611445,-33.511253],[-70.611553,-33.510394],[-70.61308,-33.508918],[-70.613812,-33.508228]]]}},{"type":"Feature","properties":{"AREA":10070248.39172,"PERIMETER":14035.32041,"COMUNAS_":36,"COMUNAS_ID":4,"COMUNA":"LA_GRANJA","COD_VNR":13111,"CENTRO":"CENTRO_PONIENTE","COD_CENTRO":1,"RURALIDAD":"U","CLIENTESTOTAL":"34148","CLIENTESAFECTADOS":"0","PORCENTAJE":"   0.0","TIPO":"COMUNA"},"geometry":{"type":"Polygon","coordinates":[[[-70.611224,-33.513097],[-70.611089,-33.51422],[-70.611027,-33.514792],[-70.610984,-33.515281],[-70.610871,-33.516243],[-70.610607,-33.518537],[-70.610322,-33.520805],[-70.61026,-33.521016],[-70.610085,-33.521487],[-70.609979,-33.522824],[-70.609989,-33.522983],[-70.60987,-33.524157],[-70.609843,-33.524283],[-70.609752,-33.525097],[-70.609615,-33.526262],[-70.609647,-33.526966],[-70.609658,-33.527531],[-70.609646,-33.527965],[-70.609682,-33.528056],[-70.609704,-33.528467],[-70.609801,-33.531075],[-70.609859,-33.531173],[-70.609889,-33.531861],[-70.610003,-33.534872],[-70.610118,-33.537343],[-70.610152,-33.537481],[-70.610226,-33.537884],[-70.610461,-33.543084],[-70.610587,-33.546703],[-70.612447,-33.546658],[-70.613597,-33.546633],[-70.614075,-33.546597],[-70.614423,-33.546532],[-70.614802,-33.546453],[-70.614834,-33.546569],[-70.614453,-33.547857],[-70.614019,-33.549255],[-70.613659,-33.55052],[-70.612945,-33.553117],[-70.61268,-33.554062],[-70.612214,-33.555676],[-70.616205,-33.556545],[-70.619884,-33.557431],[-70.623541,-33.558241],[-70.627286,-33.559064],[-70.627373,-33.559133],[-70.630616,-33.559844],[-70.630996,-33.55812],[-70.632451,-33.55152],[-70.632905,-33.549386],[-70.633696,-33.545132],[-70.633875,-33.544186],[-70.633974,-33.543567],[-70.634072,-33.542716],[-70.634121,-33.542282],[-70.63417,-33.541497],[-70.63423,-33.540521],[-70.634334,-33.538971],[-70.634414,-33.537767],[-70.634501,-33.535535],[-70.634559,-33.534205],[-70.634829,-33.532156],[-70.63505,-33.530616],[-70.635441,-33.528975],[-70.635619,-33.527364],[-70.635795,-33.52566],[-70.635981,-33.524029],[-70.636146,-33.522621],[-70.636279,-33.521246],[-70.636412,-33.520385],[-70.636569,-33.518895],[-70.636584,-33.518742],[-70.634867,-33.518569],[-70.631906,-33.518257],[-70.631694,-33.518234],[-70.630686,-33.518124],[-70.629251,-33.517976],[-70.627887,-33.517832],[-70.627428,-33.51778],[-70.62717,-33.517728],[-70.627073,-33.517705],[-70.626991,-33.517678],[-70.626737,-33.517573],[-70.625589,-33.517055],[-70.624111,-33.51636],[-70.62239,-33.515555],[-70.620829,-33.514843],[-70.620663,-33.514711],[-70.620373,-33.514566],[-70.620111,-33.514449],[-70.619872,-33.514379],[-70.619365,-33.514235],[-70.618901,-33.514106],[-70.617948,-33.513871],[-70.616026,-33.51341],[-70.614986,-33.513145],[-70.614032,-33.513132],[-70.611224,-33.513097]]]}},{"type":"Feature","properties":{"AREA":20225568.66996,"PERIMETER":20824.57442,"COMUNAS_":21,"COMUNAS_ID":8,"COMUNA":"LA_REINA","COD_VNR":13113,"CENTRO":"CENTRO_ORIENTE","COD_CENTRO":2,"RURALIDAD":"U","CLIENTESTOTAL":"35318","CLIENTESAFECTADOS":"0","PORCENTAJE":"   0.0","TIPO":"COMUNA"},"geometry":{"type":"Polygon","coordinates":[[[-70.584453,-33.431759],[-70.583989,-33.431747],[-70.582242,-33.431637],[-70.580256,-33.431516],[-70.578491,-33.431388],[-70.574519,-33.431268],[-70.572162,-33.431221],[-70.565083,-33.431016],[-70.56002,-33.430784],[-70.556493,-33.430622],[-70.554575,-33.430544],[-70.554496,-33.430724],[-70.551573,-33.430422],[-70.547337,-33.429968],[-70.544197,-33.429613],[-70.538852,-33.42899],[-70.538886,-33.429367],[-70.538743,-33.430582],[-70.538698,-33.431108],[-70.538423,-33.431787],[-70.538177,-33.43251],[-70.537579,-33.433422],[-70.537237,-33.433411],[-70.536161,-33.433288],[-70.535326,-33.433181],[-70.533107,-33.432903],[-70.531414,-33.432699],[-70.53041,-33.432575],[-70.529253,-33.432434],[-70.527871,-33.432253],[-70.524923,-33.431893],[-70.522946,-33.431659],[-70.522721,-33.431774],[-70.51927,-33.433622],[-70.502353,-33.452643],[-70.503742,-33.46047],[-70.508132,-33.460334],[-70.511644,-33.460195],[-70.514863,-33.460071],[-70.517072,-33.459989],[-70.519532,-33.459888],[-70.523209,-33.459549],[-70.524941,-33.45946],[-70.526295,-33.459388],[-70.527493,-33.459298],[-70.529442,-33.459178],[-70.529462,-33.459292],[-70.529464,-33.459398],[-70.529478,-33.459571],[-70.529519,-33.459672],[-70.529569,-33.45977],[-70.529641,-33.459924],[-70.529761,-33.46012],[-70.529794,-33.460192],[-70.529819,-33.460286],[-70.529819,-33.460443],[-70.52983,-33.460621],[-70.52992,-33.460855],[-70.529981,-33.461021],[-70.530042,-33.461164],[-70.530087,-33.461293],[-70.530157,-33.461524],[-70.530218,-33.461723],[-70.53026,-33.461873],[-70.530273,-33.46195],[-70.530316,-33.462104],[-70.530326,-33.46234],[-70.530337,-33.46267],[-70.530388,-33.462784],[-70.530436,-33.462889],[-70.530472,-33.46301],[-70.530477,-33.463275],[-70.530493,-33.463515],[-70.530477,-33.463619],[-70.53045,-33.463718],[-70.530461,-33.463849],[-70.530489,-33.463987],[-70.530508,-33.464075],[-70.530545,-33.464194],[-70.530581,-33.464335],[-70.530612,-33.46442],[-70.530647,-33.464498],[-70.530747,-33.464656],[-70.530795,-33.464759],[-70.530823,-33.464856],[-70.530844,-33.464963],[-70.530858,-33.465078],[-70.530845,-33.465159],[-70.530895,-33.465237],[-70.530983,-33.465372],[-70.531066,-33.465508],[-70.531107,-33.465588],[-70.531955,-33.465341],[-70.533006,-33.46504],[-70.534328,-33.464666],[-70.537756,-33.463692],[-70.538386,-33.46351],[-70.538983,-33.463341],[-70.53934,-33.463243],[-70.539782,-33.463123],[-70.540199,-33.46304],[-70.540603,-33.462985],[-70.54115,-33.462952],[-70.541955,-33.462928],[-70.54204,-33.4629],[-70.54216,-33.462905],[-70.542259,-33.462922],[-70.542352,-33.462956],[-70.542567,-33.46305],[-70.543585,-33.463527],[-70.543954,-33.463669],[-70.544096,-33.463699],[-70.544245,-33.463701],[-70.544542,-33.463675],[-70.544784,-33.463647],[-70.547577,-33.463262],[-70.550955,-33.462694],[-70.551661,-33.462671],[-70.559844,-33.462592],[-70.561179,-33.462571],[-70.562123,-33.462555],[-70.562274,-33.462535],[-70.562395,-33.462504],[-70.562785,-33.462378],[-70.564982,-33.461638],[-70.565375,-33.461498],[-70.567252,-33.460867],[-70.569162,-33.460143],[-70.570194,-33.459735],[-70.571289,-33.459359],[-70.57157,-33.459257],[-70.572134,-33.459085],[-70.572276,-33.459034],[-70.572073,-33.45851],[-70.572009,-33.458326],[-70.571938,-33.458082],[-70.571876,-33.457852],[-70.571823,-33.457642],[-70.571733,-33.457302],[-70.571676,-33.457079],[-70.571599,-33.456769],[-70.571482,-33.456253],[-70.571439,-33.456087],[-70.571406,-33.45595],[-70.571364,-33.455773],[-70.571291,-33.455555],[-70.571216,-33.455304],[-70.571071,-33.454902],[-70.57098,-33.454594],[-70.570941,-33.45442],[-70.570898,-33.454239],[-70.570788,-33.453691],[-70.5707,-33.453405],[-70.570688,-33.452962],[-70.570745,-33.452672],[-70.570865,-33.452155],[-70.570921,-33.451809],[-70.571014,-33.451303],[-70.571191,-33.450294],[-70.571326,-33.449411],[-70.571547,-33.448129],[-70.571558,-33.448015],[-70.571633,-33.447564],[-70.571933,-33.44602],[-70.571927,-33.44592],[-70.572146,-33.444684],[-70.572263,-33.44402],[-70.572286,-33.443813],[-70.572355,-33.443401],[-70.572392,-33.443243],[-70.572515,-33.442593],[-70.572622,-33.44207],[-70.572719,-33.44148],[-70.572726,-33.441376],[-70.57279,-33.440954],[-70.572883,-33.44042],[-70.572912,-33.440279],[-70.572958,-33.439883],[-70.573043,-33.439409],[-70.573163,-33.438856],[-70.573276,-33.438431],[-70.573389,-33.438142],[-70.573547,-33.437726],[-70.574136,-33.43757],[-70.575236,-33.43707],[-70.575949,-33.436755],[-70.5766,-33.436514],[-70.577403,-33.436282],[-70.578054,-33.436051],[-70.578755,-33.435778],[-70.579442,-33.435442],[-70.580104,-33.435106],[-70.580878,-33.434663],[-70.581613,-33.434199],[-70.582187,-33.433832],[-70.582582,-33.433599],[-70.582919,-33.433376],[-70.583203,-33.433161],[-70.583477,-33.432917],[-70.58368,-33.432718],[-70.583892,-33.43249],[-70.58405,-33.432299],[-70.584242,-33.432003],[-70.584453,-33.431759]]]}},{"type":"Feature","properties":{"AREA":1017888715.0304,"PERIMETER":137401.89407,"COMUNAS_":5,"COMUNAS_ID":27,"COMUNA":"LO_BARNECHEA","COD_VNR":13115,"CENTRO":"CENTRO_ORIENTE","COD_CENTRO":2,"RURALIDAD":"U","CLIENTESTOTAL":"39790","CLIENTESAFECTADOS":"2","PORCENTAJE":"   0.0","TIPO":"COMUNA"},"geometry":{"type":"Polygon","coordinates":[[[-70.241832,-33.184724],[-70.241283,-33.185232],[-70.240801,-33.188448],[-70.240619,-33.189649],[-70.240301,-33.190802],[-70.239857,-33.192525],[-70.239345,-33.194248],[-70.238639,-33.196492],[-70.237243,-33.198341],[-70.235959,-33.198931],[-70.235288,-33.199515],[-70.232851,-33.200401],[-70.2321,-33.200354],[-70.231486,-33.20036],[-70.230804,-33.200371],[-70.229375,-33.200503],[-70.228647,-33.201655],[-70.22806,-33.203037],[-70.226673,-33.205346],[-70.226014,-33.206556],[-70.225355,-33.207713],[-70.224821,-33.208291],[-70.223547,-33.209453],[-70.222808,-33.210033],[-70.220244,-33.211443],[-70.219573,-33.212022],[-70.218768,-33.21272],[-70.217495,-33.213882],[-70.217039,-33.215032],[-70.216714,-33.215838],[-70.216725,-33.216411],[-70.217232,-33.217953],[-70.217249,-33.218809],[-70.218655,-33.221028],[-70.219287,-33.221937],[-70.220069,-33.223589],[-70.220834,-33.22438],[-70.221912,-33.227233],[-70.22172,-33.227866],[-70.221748,-33.229354],[-70.22115,-33.230162],[-70.219661,-33.230754],[-70.217968,-33.231402],[-70.215395,-33.23241],[-70.214716,-33.232534],[-70.213419,-33.232493],[-70.213358,-33.23289],[-70.21303,-33.233583],[-70.213246,-33.234154],[-70.213938,-33.234661],[-70.214633,-33.23534],[-70.215337,-33.236478],[-70.216049,-33.238014],[-70.216406,-33.238872],[-70.216159,-33.240191],[-70.215356,-33.241001],[-70.214617,-33.241586],[-70.213264,-33.24223],[-70.21172,-33.243508],[-70.208955,-33.245204],[-70.208283,-33.245729],[-70.207612,-33.246308],[-70.207626,-33.247056],[-70.207444,-33.248204],[-70.208153,-33.249626],[-70.208722,-33.25082],[-70.20936,-33.252072],[-70.209395,-33.253907],[-70.209817,-33.254589],[-70.20964,-33.256024],[-70.208088,-33.256901],[-70.203571,-33.259763],[-70.202764,-33.260402],[-70.202106,-33.261671],[-70.200764,-33.262888],[-70.200105,-33.264103],[-70.199167,-33.265028],[-70.198508,-33.266238],[-70.197923,-33.267795],[-70.197753,-33.269574],[-70.197781,-33.271061],[-70.198423,-33.272543],[-70.198723,-33.27397],[-70.198147,-33.279536],[-70.197853,-33.282001],[-70.197607,-33.283437],[-70.197642,-33.285268],[-70.197872,-33.286583],[-70.197834,-33.288188],[-70.197372,-33.288995],[-70.196782,-33.290322],[-70.196113,-33.291019],[-70.196116,-33.29119],[-70.195245,-33.29206],[-70.19446,-33.293844],[-70.193109,-33.294606],[-70.192383,-33.295875],[-70.190965,-33.296692],[-70.188984,-33.30021],[-70.186192,-33.307804],[-70.185679,-33.309585],[-70.185028,-33.311256],[-70.184378,-33.312985],[-70.183719,-33.314249],[-70.183276,-33.316089],[-70.182689,-33.317528],[-70.182025,-33.318567],[-70.182056,-33.320172],[-70.181738,-33.321434],[-70.181697,-33.322868],[-70.181722,-33.324185],[-70.181813,-33.325388],[-70.181838,-33.326704],[-70.181309,-33.327629],[-70.180911,-33.328264],[-70.180657,-33.329295],[-70.180675,-33.330215],[-70.180754,-33.330787],[-70.180779,-33.332103],[-70.18143,-33.334041],[-70.178245,-33.339004],[-70.177918,-33.339756],[-70.177793,-33.340389],[-70.177804,-33.340961],[-70.176923,-33.341312],[-70.176862,-33.341714],[-70.176248,-33.341725],[-70.175517,-33.342818],[-70.174902,-33.342829],[-70.174776,-33.343402],[-70.174792,-33.344205],[-70.17618,-33.345391],[-70.177558,-33.346005],[-70.178253,-33.346684],[-70.178565,-33.348742],[-70.178576,-33.349315],[-70.178041,-33.349892],[-70.177572,-33.350415],[-70.176968,-33.350935],[-70.176705,-33.351515],[-70.176443,-33.35209],[-70.176453,-33.352663],[-70.176882,-33.353628],[-70.177847,-33.354133],[-70.178268,-33.354702],[-70.178905,-33.3559],[-70.179603,-33.356691],[-70.180238,-33.357772],[-70.18052,-33.358229],[-70.181009,-33.358793],[-70.184244,-33.360074],[-70.185337,-33.36006],[-70.18602,-33.360053],[-70.186915,-33.360441],[-70.18829,-33.360884],[-70.189055,-33.36162],[-70.189556,-33.362815],[-70.190185,-33.363553],[-70.19042,-33.365156],[-70.190847,-33.366009],[-70.191196,-33.366407],[-70.191891,-33.367027],[-70.192583,-33.367535],[-70.193383,-33.370048],[-70.193334,-33.371076],[-70.193269,-33.371253],[-70.193281,-33.37188],[-70.194776,-33.375013],[-70.19547,-33.375579],[-70.196164,-33.376145],[-70.196807,-33.377627],[-70.197385,-33.379281],[-70.197667,-33.379733],[-70.197679,-33.380365],[-70.197759,-33.380991],[-70.197771,-33.381622],[-70.198746,-33.382587],[-70.199652,-33.383489],[-70.200355,-33.384515],[-70.201058,-33.385536],[-70.201072,-33.38628],[-70.202055,-33.387646],[-70.20282,-33.388378],[-70.203925,-33.38894],[-70.205252,-33.390469],[-70.206835,-33.391022],[-70.208821,-33.391287],[-70.210267,-33.391841],[-70.21323,-33.393124],[-70.214766,-33.394764],[-70.215393,-33.395389],[-70.216089,-33.396068],[-70.216235,-33.396522],[-70.216248,-33.397212],[-70.216534,-33.397894],[-70.216685,-33.398637],[-70.21704,-33.399319],[-70.216737,-33.401329],[-70.21675,-33.40196],[-70.216353,-33.402649],[-70.216181,-33.404374],[-70.216813,-33.405224],[-70.217174,-33.406249],[-70.217461,-33.406936],[-70.217482,-33.408022],[-70.218959,-33.410182],[-70.219654,-33.410802],[-70.220551,-33.411194],[-70.221925,-33.411577],[-70.223497,-33.411557],[-70.224338,-33.412636],[-70.225246,-33.413655],[-70.225951,-33.414735],[-70.22733,-33.415348],[-70.228105,-33.416544],[-70.229211,-33.41716],[-70.230042,-33.41772],[-70.232667,-33.419124],[-70.23397,-33.419336],[-70.23538,-33.42155],[-70.235388,-33.421951],[-70.235401,-33.422582],[-70.235747,-33.422809],[-70.235772,-33.424067],[-70.236685,-33.425316],[-70.238224,-33.427131],[-70.238847,-33.427522],[-70.23967,-33.427626],[-70.240857,-33.428931],[-70.241278,-33.429441],[-70.241961,-33.429434],[-70.242548,-33.431489],[-70.243027,-33.43148],[-70.242832,-33.432],[-70.242843,-33.432573],[-70.242787,-33.433205],[-70.243129,-33.433197],[-70.243891,-33.433703],[-70.245121,-33.433691],[-70.245403,-33.434089],[-70.247256,-33.434463],[-70.247266,-33.434982],[-70.248849,-33.435534],[-70.249609,-33.435928],[-70.250296,-33.436088],[-70.251807,-33.436415],[-70.252571,-33.437034],[-70.253989,-33.439595],[-70.255509,-33.440377],[-70.255591,-33.441062],[-70.258128,-33.441433],[-70.261004,-33.441625],[-70.261823,-33.441558],[-70.263053,-33.441545],[-70.264496,-33.441869],[-70.265325,-33.442316],[-70.266772,-33.442869],[-70.267531,-33.443204],[-70.268225,-33.443711],[-70.274002,-33.448797],[-70.275742,-33.450322],[-70.2763,-33.450884],[-70.278227,-33.451491],[-70.279058,-33.451996],[-70.279749,-33.452332],[-70.280637,-33.452318],[-70.281323,-33.452424],[-70.281729,-33.45219],[-70.282384,-33.450749],[-70.283067,-33.450742],[-70.284208,-33.449639],[-70.285571,-33.449395],[-70.28769,-33.449364],[-70.288572,-33.449066],[-70.290822,-33.448695],[-70.29273,-33.448387],[-70.293822,-33.448312],[-70.294506,-33.448305],[-70.295395,-33.448291],[-70.29622,-33.448513],[-70.296631,-33.448563],[-70.297115,-33.448788],[-70.298173,-33.450377],[-70.298203,-33.451865],[-70.297942,-33.452499],[-70.297948,-33.452788],[-70.297957,-33.453243],[-70.298459,-33.454383],[-70.300684,-33.456186],[-70.301305,-33.456468],[-70.301587,-33.456862],[-70.301603,-33.457665],[-70.30204,-33.458977],[-70.302257,-33.459547],[-70.30268,-33.460174],[-70.302961,-33.460568],[-70.30518,-33.462033],[-70.306558,-33.462528],[-70.307857,-33.462509],[-70.309976,-33.462483],[-70.311345,-33.462522],[-70.312849,-33.462506],[-70.314153,-33.462718],[-70.315885,-33.463782],[-70.317236,-33.466342],[-70.317661,-33.467023],[-70.320857,-33.469447],[-70.322509,-33.469939],[-70.324571,-33.470431],[-70.327375,-33.47045],[-70.328614,-33.470834],[-70.329254,-33.471972],[-70.330701,-33.472525],[-70.331464,-33.473031],[-70.333471,-33.47415],[-70.334167,-33.474715],[-70.335708,-33.476471],[-70.337307,-33.477707],[-70.338852,-33.479634],[-70.340256,-33.481396],[-70.341792,-33.482863],[-70.342628,-33.483598],[-70.343963,-33.485297],[-70.344663,-33.486033],[-70.345361,-33.486711],[-70.345977,-33.486704],[-70.347355,-33.487199],[-70.348045,-33.487475],[-70.348804,-33.48781],[-70.349557,-33.487802],[-70.350309,-33.487789],[-70.350577,-33.487502],[-70.350843,-33.487152],[-70.351167,-33.486292],[-70.351364,-33.485888],[-70.351351,-33.485257],[-70.351819,-33.484733],[-70.352428,-33.484443],[-70.353933,-33.484422],[-70.354679,-33.484125],[-70.356115,-33.484105],[-70.356187,-33.484275],[-70.356871,-33.484268],[-70.358307,-33.484247],[-70.360496,-33.484219],[-70.361378,-33.483862],[-70.36212,-33.483394],[-70.36383,-33.483371],[-70.366845,-33.483617],[-70.367883,-33.484178],[-70.369263,-33.484731],[-70.373869,-33.485817],[-70.374622,-33.485804],[-70.375298,-33.485453],[-70.375973,-33.48504],[-70.376648,-33.484573],[-70.37732,-33.483993],[-70.377995,-33.483584],[-70.37861,-33.483577],[-70.378602,-33.483176],[-70.379145,-33.482994],[-70.379827,-33.482869],[-70.381195,-33.482854],[-70.382633,-33.482946],[-70.38339,-33.483167],[-70.385723,-33.483479],[-70.386547,-33.483637],[-70.388053,-33.483674],[-70.388874,-33.483665],[-70.389563,-33.483941],[-70.390337,-33.484907],[-70.391034,-33.485526],[-70.391732,-33.486203],[-70.39236,-33.486769],[-70.393054,-33.487217],[-70.393806,-33.487208],[-70.394971,-33.487303],[-70.39695,-33.487051],[-70.399407,-33.486789],[-70.401314,-33.486416],[-70.403489,-33.485755],[-70.404709,-33.485223],[-70.405585,-33.484581],[-70.407347,-33.483813],[-70.408165,-33.483686],[-70.409191,-33.483675],[-70.409863,-33.483149],[-70.410535,-33.482568],[-70.411959,-33.481975],[-70.412764,-33.481276],[-70.41412,-33.480683],[-70.415338,-33.480096],[-70.416012,-33.479629],[-70.417507,-33.479147],[-70.418806,-33.479132],[-70.419489,-33.479066],[-70.421615,-33.479321],[-70.422443,-33.479654],[-70.424294,-33.479859],[-70.42457,-33.479968],[-70.426288,-33.480345],[-70.426776,-33.480741],[-70.427256,-33.480789],[-70.42794,-33.480782],[-70.428479,-33.480428],[-70.428881,-33.480022],[-70.429284,-33.479675],[-70.429831,-33.479664],[-70.430507,-33.479314],[-70.431253,-33.479016],[-70.431728,-33.478835],[-70.432001,-33.478832],[-70.432294,-33.47891],[-70.429479,-33.467633],[-70.427275,-33.452318],[-70.429844,-33.437872],[-70.433929,-33.426678],[-70.452155,-33.410151],[-70.469632,-33.393667],[-70.473699,-33.387084],[-70.47475,-33.384267],[-70.476779,-33.370933],[-70.478218,-33.369102],[-70.478727,-33.368552],[-70.479713,-33.367893],[-70.480535,-33.366941],[-70.480819,-33.366685],[-70.481027,-33.366615],[-70.481313,-33.366558],[-70.481561,-33.366469],[-70.481702,-33.366314],[-70.481884,-33.366213],[-70.482106,-33.366187],[-70.482366,-33.36613],[-70.482574,-33.366006],[-70.482635,-33.365775],[-70.48266,-33.364925],[-70.482688,-33.364936],[-70.482767,-33.364973],[-70.482949,-33.364972],[-70.483123,-33.364964],[-70.483297,-33.364927],[-70.483483,-33.364848],[-70.483607,-33.364753],[-70.483737,-33.364635],[-70.483902,-33.364487],[-70.484078,-33.364397],[-70.484224,-33.364348],[-70.484377,-33.364335],[-70.484544,-33.364345],[-70.484718,-33.364378],[-70.484921,-33.364434],[-70.48518,-33.364506],[-70.485432,-33.364568],[-70.485662,-33.364594],[-70.486635,-33.364653],[-70.4881,-33.364749],[-70.488431,-33.364757],[-70.48864,-33.364752],[-70.488787,-33.364732],[-70.489085,-33.36467],[-70.489463,-33.364584],[-70.489644,-33.364564],[-70.490028,-33.364562],[-70.490146,-33.364543],[-70.490842,-33.36452],[-70.491334,-33.364526],[-70.491631,-33.364578],[-70.491896,-33.364628],[-70.492144,-33.364633],[-70.492404,-33.364653],[-70.492738,-33.364666],[-70.492992,-33.364744],[-70.493247,-33.364869],[-70.493997,-33.365307],[-70.494479,-33.365876],[-70.494961,-33.366465],[-70.495322,-33.366897],[-70.495456,-33.366955],[-70.495709,-33.367021],[-70.496765,-33.367058],[-70.497379,-33.36707],[-70.498598,-33.367104],[-70.499043,-33.367198],[-70.499409,-33.367264],[-70.50437,-33.369611],[-70.505515,-33.369992],[-70.506314,-33.370139],[-70.507509,-33.370202],[-70.509816,-33.37053],[-70.511336,-33.370767],[-70.512612,-33.37105],[-70.514511,-33.371649],[-70.515954,-33.372098],[-70.5176,-33.372755],[-70.518085,-33.371915],[-70.518513,-33.371373],[-70.520082,-33.369768],[-70.52004,-33.368951],[-70.521381,-33.369493],[-70.52214,-33.369638],[-70.524631,-33.369305],[-70.526238,-33.369963],[-70.528251,-33.37022],[-70.530313,-33.370683],[-70.533665,-33.370452],[-70.538371,-33.369839],[-70.541313,-33.368751],[-70.543363,-33.367445],[-70.54433,-33.366725],[-70.545661,-33.365982],[-70.547396,-33.364909],[-70.549401,-33.362867],[-70.550736,-33.361385],[-70.553523,-33.359798],[-70.553724,-33.359744],[-70.555832,-33.35895],[-70.561859,-33.357043],[-70.566696,-33.354385],[-70.573558,-33.352797],[-70.577717,-33.351283],[-70.581366,-33.350502],[-70.592983,-33.332952],[-70.596938,-33.323648],[-70.600445,-33.313489],[-70.602943,-33.307153],[-70.595477,-33.301509],[-70.592894,-33.295833],[-70.584554,-33.289951],[-70.577413,-33.286173],[-70.574013,-33.280701],[-70.573143,-33.273358],[-70.574831,-33.266442],[-70.572708,-33.258708],[-70.568746,-33.253523],[-70.562378,-33.24807],[-70.562619,-33.24184],[-70.557645,-33.237767],[-70.550628,-33.237945],[-70.543659,-33.235055],[-70.535786,-33.235694],[-70.526892,-33.234424],[-70.521069,-33.229629],[-70.516523,-33.224869],[-70.515301,-33.21839],[-70.508318,-33.2148],[-70.499556,-33.215037],[-70.491649,-33.21432],[-70.483922,-33.214399],[-70.475973,-33.213461],[-70.473765,-33.207873],[-70.470154,-33.201341],[-70.471204,-33.194537],[-70.469237,-33.188707],[-70.464739,-33.184309],[-70.46546,-33.176067],[-70.461464,-33.169981],[-70.458833,-33.162873],[-70.453121,-33.157366],[-70.449802,-33.151922],[-70.447138,-33.145991],[-70.443566,-33.140923],[-70.439517,-33.134341],[-70.434492,-33.128483],[-70.428941,-33.124695],[-70.423034,-33.119437],[-70.416341,-33.117949],[-70.406846,-33.117335],[-70.398767,-33.115148],[-70.39314,-33.111834],[-70.388869,-33.10546],[-70.381427,-33.102861],[-70.380559,-33.102568],[-70.346938,-33.111989],[-70.308297,-33.134376],[-70.274724,-33.15801],[-70.260111,-33.172262],[-70.254393,-33.181503],[-70.241832,-33.184724]]]}},{"type":"Feature","properties":{"AREA":8286890.18851,"PERIMETER":11483.3676,"COMUNAS_":33,"COMUNAS_ID":28,"COMUNA":"LO_ESPEJO","COD_VNR":13116,"CENTRO":"CENTRO_PONIENTE","COD_CENTRO":1,"RURALIDAD":"U","CLIENTESTOTAL":"25037","CLIENTESAFECTADOS":"0","PORCENTAJE":"   0.0","TIPO":"COMUNA"},"geometry":{"type":"Polygon","coordinates":[[[-70.695471,-33.501976],[-70.692735,-33.502935],[-70.690712,-33.503634],[-70.687393,-33.504776],[-70.684665,-33.505718],[-70.684303,-33.505824],[-70.684018,-33.505875],[-70.683826,-33.505918],[-70.683588,-33.505992],[-70.683297,-33.506105],[-70.682813,-33.506319],[-70.678224,-33.508323],[-70.67778,-33.508365],[-70.677314,-33.508361],[-70.676756,-33.508377],[-70.676644,-33.5084],[-70.676493,-33.508452],[-70.676304,-33.508538],[-70.675227,-33.509005],[-70.672673,-33.510116],[-70.670997,-33.510794],[-70.671177,-33.511188],[-70.672192,-33.513288],[-70.674074,-33.517212],[-70.675032,-33.519206],[-70.676826,-33.52295],[-70.677476,-33.524313],[-70.677893,-33.525165],[-70.678353,-33.52611],[-70.678796,-33.526951],[-70.681288,-33.531612],[-70.68396,-33.536592],[-70.685351,-33.539159],[-70.690608,-33.53723],[-70.695255,-33.535586],[-70.703027,-33.532712],[-70.706353,-33.53143],[-70.706238,-33.530136],[-70.706156,-33.52929],[-70.706086,-33.528317],[-70.705997,-33.527081],[-70.705929,-33.526228],[-70.705804,-33.525036],[-70.705697,-33.524404],[-70.705609,-33.524003],[-70.7055,-33.523621],[-70.705017,-33.52233],[-70.704378,-33.520432],[-70.699122,-33.50973],[-70.695471,-33.501976]]]}},{"type":"Feature","properties":{"AREA":6572232.44956,"PERIMETER":10714.42925,"COMUNAS_":23,"COMUNAS_ID":29,"COMUNA":"LO_PRADO","COD_VNR":13117,"CENTRO":"CENTRO_PONIENTE","COD_CENTRO":1,"RURALIDAD":"U","CLIENTESTOTAL":"26764","CLIENTESAFECTADOS":"3","PORCENTAJE":"   0.0","TIPO":"COMUNA"},"geometry":{"type":"Polygon","coordinates":[[[-70.721488,-33.436658],[-70.718487,-33.437096],[-70.718372,-33.437123],[-70.717008,-33.437304],[-70.710813,-33.438173],[-70.710183,-33.438175],[-70.708959,-33.438151],[-70.708033,-33.43811],[-70.707015,-33.438102],[-70.707038,-33.438616],[-70.707163,-33.440394],[-70.707232,-33.441458],[-70.707303,-33.441633],[-70.707309,-33.442772],[-70.707281,-33.446128],[-70.707201,-33.447857],[-70.707056,-33.448864],[-70.706769,-33.450852],[-70.706633,-33.451236],[-70.706298,-33.45211],[-70.706215,-33.452314],[-70.70614,-33.452674],[-70.705979,-33.453736],[-70.705782,-33.455045],[-70.705718,-33.455546],[-70.705649,-33.456062],[-70.705671,-33.456178],[-70.705507,-33.457423],[-70.708642,-33.458148],[-70.709922,-33.458455],[-70.710756,-33.458636],[-70.711307,-33.45876],[-70.71165,-33.45872],[-70.71207,-33.458714],[-70.71245,-33.45868],[-70.712719,-33.45864],[-70.713017,-33.458544],[-70.713748,-33.458417],[-70.71496,-33.458181],[-70.72825,-33.455597],[-70.729596,-33.45534],[-70.731027,-33.455063],[-70.738904,-33.453545],[-70.739004,-33.452562],[-70.739178,-33.450318],[-70.739309,-33.448655],[-70.739483,-33.446688],[-70.739517,-33.446609],[-70.7396,-33.446521],[-70.740418,-33.445976],[-70.740508,-33.445873],[-70.740539,-33.445795],[-70.740561,-33.445704],[-70.740527,-33.444708],[-70.740456,-33.441916],[-70.740471,-33.441833],[-70.740598,-33.440371],[-70.740845,-33.436483],[-70.73767,-33.436488],[-70.734944,-33.436508],[-70.734769,-33.436499],[-70.734594,-33.436461],[-70.733119,-33.436405],[-70.730835,-33.436323],[-70.73019,-33.436312],[-70.729145,-33.436402],[-70.728887,-33.436435],[-70.728635,-33.436493],[-70.727837,-33.436865],[-70.727443,-33.437055],[-70.727149,-33.437177],[-70.726815,-33.437277],[-70.726565,-33.437335],[-70.725896,-33.437438],[-70.725311,-33.43753],[-70.724668,-33.437668],[-70.724385,-33.437729],[-70.72423,-33.437772],[-70.724169,-33.437833],[-70.724118,-33.437911],[-70.723895,-33.438305],[-70.723769,-33.438533],[-70.723702,-33.43863],[-70.723628,-33.438679],[-70.723583,-33.438707],[-70.723486,-33.438733],[-70.723057,-33.438807],[-70.722807,-33.438846],[-70.722539,-33.438844],[-70.722379,-33.438808],[-70.722263,-33.438728],[-70.72162,-33.437121],[-70.721551,-33.436924],[-70.721488,-33.436658]]]}},{"type":"Feature","properties":{"AREA":12822131.13039,"PERIMETER":15409.52475,"COMUNAS_":27,"COMUNAS_ID":30,"COMUNA":"MACUL","COD_VNR":13118,"CENTRO":"CENTRO_PONIENTE","COD_CENTRO":1,"RURALIDAD":"U","CLIENTESTOTAL":"56382","CLIENTESAFECTADOS":"0","PORCENTAJE":"   0.0","TIPO":"COMUNA"},"geometry":{"type":"Polygon","coordinates":[[[-70.576841,-33.470335],[-70.576762,-33.47046],[-70.576921,-33.471342],[-70.57701,-33.47173],[-70.578575,-33.479233],[-70.578975,-33.481461],[-70.579242,-33.48271],[-70.580007,-33.486345],[-70.580319,-33.488063],[-70.580484,-33.488065],[-70.580721,-33.488088],[-70.58088,-33.48813],[-70.580997,-33.488173],[-70.581146,-33.488251],[-70.581253,-33.488333],[-70.581366,-33.488433],[-70.581436,-33.488534],[-70.581507,-33.488683],[-70.581552,-33.488842],[-70.581555,-33.48901],[-70.581498,-33.489311],[-70.581345,-33.489595],[-70.581111,-33.489824],[-70.580955,-33.489923],[-70.580786,-33.490012],[-70.582003,-33.492024],[-70.58415,-33.495438],[-70.585065,-33.4969],[-70.585533,-33.497644],[-70.585943,-33.498304],[-70.586557,-33.499265],[-70.587243,-33.500385],[-70.587314,-33.50054],[-70.587365,-33.500658],[-70.587452,-33.5009],[-70.587568,-33.501194],[-70.588492,-33.503424],[-70.589232,-33.505189],[-70.589285,-33.505887],[-70.58931,-33.506263],[-70.589311,-33.506552],[-70.589328,-33.506768],[-70.589367,-33.506948],[-70.589442,-33.508594],[-70.588541,-33.509855],[-70.58848,-33.509983],[-70.593145,-33.50969],[-70.593843,-33.509634],[-70.594779,-33.50957],[-70.59727,-33.509382],[-70.598769,-33.509274],[-70.60198,-33.509041],[-70.608627,-33.508554],[-70.61227,-33.508299],[-70.613812,-33.508228],[-70.614018,-33.507805],[-70.61431,-33.506473],[-70.614866,-33.503936],[-70.61544,-33.501299],[-70.616047,-33.498594],[-70.61657,-33.496182],[-70.617246,-33.493062],[-70.617485,-33.492044],[-70.617567,-33.491756],[-70.617619,-33.491508],[-70.617752,-33.490866],[-70.618068,-33.489432],[-70.618343,-33.488253],[-70.618456,-33.487745],[-70.618525,-33.487531],[-70.618552,-33.487235],[-70.620438,-33.484318],[-70.620615,-33.484047],[-70.621553,-33.4805],[-70.621949,-33.478996],[-70.622038,-33.478672],[-70.623052,-33.474986],[-70.619841,-33.474825],[-70.61865,-33.47475],[-70.613541,-33.474505],[-70.610966,-33.474378],[-70.609805,-33.474321],[-70.608059,-33.474214],[-70.606278,-33.474137],[-70.60422,-33.474033],[-70.601198,-33.473858],[-70.598712,-33.473739],[-70.596728,-33.47364],[-70.596453,-33.473537],[-70.595884,-33.473515],[-70.59487,-33.473557],[-70.592042,-33.473711],[-70.591179,-33.473813],[-70.58999,-33.473957],[-70.589407,-33.47401],[-70.588347,-33.474359],[-70.588004,-33.474453],[-70.587622,-33.474464],[-70.587261,-33.474385],[-70.587098,-33.474266],[-70.586903,-33.474082],[-70.586816,-33.473923],[-70.586806,-33.473763],[-70.58684,-33.473502],[-70.586746,-33.473527],[-70.586604,-33.473549],[-70.586351,-33.473567],[-70.586007,-33.473542],[-70.585052,-33.473449],[-70.584651,-33.47341],[-70.584316,-33.473338],[-70.58416,-33.473306],[-70.584057,-33.473275],[-70.58392,-33.47323],[-70.583742,-33.473164],[-70.583541,-33.473071],[-70.583359,-33.472983],[-70.58149,-33.472002],[-70.580262,-33.471363],[-70.577337,-33.469924],[-70.577274,-33.470001],[-70.577186,-33.470092],[-70.577106,-33.470157],[-70.576993,-33.470222],[-70.576992,-33.470222],[-70.576896,-33.470274],[-70.576841,-33.470335]]]}},{"type":"Feature","properties":{"AREA":139038309.11318,"PERIMETER":62004.88637,"COMUNAS_":26,"COMUNAS_ID":10,"COMUNA":"MAIPU","COD_VNR":13119,"CENTRO":"CENTRO_PONIENTE","COD_CENTRO":1,"RURALIDAD":"U","CLIENTESTOTAL":"174524","CLIENTESAFECTADOS":"1","PORCENTAJE":"   0.0","TIPO":"COMUNA"},"geometry":{"type":"Polygon","coordinates":[[[-70.721923,-33.473282],[-70.722073,-33.473469],[-70.722193,-33.473692],[-70.722304,-33.474058],[-70.723112,-33.478375],[-70.723201,-33.47867],[-70.723377,-33.479653],[-70.723375,-33.479931],[-70.723453,-33.480289],[-70.723497,-33.480389],[-70.723636,-33.480638],[-70.723911,-33.480989],[-70.724135,-33.481299],[-70.724261,-33.481598],[-70.724365,-33.482186],[-70.724391,-33.482391],[-70.724608,-33.48238],[-70.72475,-33.482352],[-70.725107,-33.482244],[-70.725542,-33.482102],[-70.725785,-33.482029],[-70.726065,-33.481989],[-70.72638,-33.481977],[-70.72652,-33.482004],[-70.726688,-33.482054],[-70.726829,-33.482124],[-70.726963,-33.482226],[-70.727034,-33.482313],[-70.727156,-33.4825],[-70.727239,-33.482712],[-70.72729,-33.482831],[-70.727446,-33.482981],[-70.727738,-33.483153],[-70.727968,-33.483238],[-70.728179,-33.483272],[-70.728425,-33.4833],[-70.728884,-33.483284],[-70.729067,-33.483238],[-70.729162,-33.483207],[-70.729279,-33.483129],[-70.72937,-33.483064],[-70.729606,-33.482804],[-70.729661,-33.482745],[-70.729747,-33.482641],[-70.729859,-33.482558],[-70.729981,-33.482527],[-70.730086,-33.482518],[-70.730217,-33.482531],[-70.730393,-33.482551],[-70.73063,-33.482584],[-70.730962,-33.482565],[-70.731295,-33.48256],[-70.731398,-33.494742],[-70.731465,-33.494787],[-70.731592,-33.494884],[-70.73177,-33.49502],[-70.732266,-33.49544],[-70.732826,-33.495994],[-70.733155,-33.496354],[-70.733362,-33.496605],[-70.733511,-33.496795],[-70.73389,-33.497354],[-70.734308,-33.49808],[-70.735312,-33.500272],[-70.73553,-33.500744],[-70.73578,-33.501302],[-70.735929,-33.501635],[-70.736106,-33.502015],[-70.736215,-33.50225],[-70.736267,-33.502368],[-70.736418,-33.502697],[-70.736568,-33.503031],[-70.737852,-33.505846],[-70.738849,-33.508028],[-70.739434,-33.509314],[-70.739872,-33.51027],[-70.737107,-33.510209],[-70.737101,-33.5103],[-70.732031,-33.510184],[-70.730404,-33.510151],[-70.730403,-33.510043],[-70.729696,-33.510027],[-70.726936,-33.50993],[-70.726809,-33.509287],[-70.7259,-33.509373],[-70.724127,-33.508564],[-70.722936,-33.510099],[-70.721526,-33.511216],[-70.719734,-33.512717],[-70.718401,-33.514006],[-70.721274,-33.517644],[-70.723461,-33.52042],[-70.72633,-33.523985],[-70.728505,-33.526724],[-70.728778,-33.527049],[-70.732589,-33.531729],[-70.735755,-33.535415],[-70.738996,-33.539136],[-70.741274,-33.541726],[-70.744516,-33.545407],[-70.747341,-33.548548],[-70.7493,-33.550716],[-70.750077,-33.55158],[-70.751906,-33.55361],[-70.753848,-33.555788],[-70.754859,-33.556921],[-70.759667,-33.562324],[-70.760954,-33.563789],[-70.762125,-33.565099],[-70.762706,-33.56575],[-70.762792,-33.565842],[-70.763433,-33.56657],[-70.763548,-33.566701],[-70.763615,-33.566771],[-70.763721,-33.566913],[-70.763828,-33.567048],[-70.764192,-33.567538],[-70.76498,-33.568668],[-70.765312,-33.569146],[-70.765584,-33.569531],[-70.765907,-33.569998],[-70.766451,-33.570771],[-70.766881,-33.57138],[-70.766997,-33.571548],[-70.767223,-33.571837],[-70.767452,-33.572111],[-70.779271,-33.568846],[-70.779276,-33.568845],[-70.779912,-33.568669],[-70.782512,-33.56815],[-70.783576,-33.567665],[-70.784746,-33.567035],[-70.798631,-33.555063],[-70.817622,-33.542796],[-70.814587,-33.540822],[-70.813533,-33.538155],[-70.805185,-33.534855],[-70.805722,-33.530022],[-70.81004,-33.528097],[-70.811266,-33.5289],[-70.820113,-33.53804],[-70.827284,-33.536564],[-70.829736,-33.536059],[-70.837832,-33.533946],[-70.839581,-33.534863],[-70.843749,-33.534228],[-70.853868,-33.537585],[-70.86017,-33.530966],[-70.866521,-33.530816],[-70.875599,-33.532383],[-70.882896,-33.530104],[-70.886249,-33.52896],[-70.888984,-33.528027],[-70.891998,-33.524636],[-70.895437,-33.520115],[-70.89902,-33.518662],[-70.90338,-33.514195],[-70.913988,-33.508562],[-70.914378,-33.508709],[-70.918749,-33.510355],[-70.923359,-33.511568],[-70.924064,-33.511084],[-70.926389,-33.509483],[-70.932625,-33.506821],[-70.933652,-33.500889],[-70.931028,-33.498256],[-70.928089,-33.490912],[-70.923607,-33.487005],[-70.921835,-33.486562],[-70.92093,-33.486744],[-70.920386,-33.486974],[-70.920047,-33.486926],[-70.919686,-33.486861],[-70.919307,-33.486947],[-70.919059,-33.487189],[-70.918873,-33.487361],[-70.91864,-33.487364],[-70.918354,-33.487451],[-70.918024,-33.487429],[-70.917632,-33.487422],[-70.917311,-33.487742],[-70.916471,-33.488018],[-70.915473,-33.488243],[-70.915005,-33.488343],[-70.914613,-33.488335],[-70.914191,-33.488381],[-70.913938,-33.488241],[-70.913688,-33.488297],[-70.913548,-33.488313],[-70.913378,-33.48842],[-70.912711,-33.488719],[-70.912396,-33.488659],[-70.911861,-33.488536],[-70.911656,-33.488512],[-70.911236,-33.488611],[-70.910846,-33.488709],[-70.910441,-33.488807],[-70.909997,-33.48859],[-70.909895,-33.488225],[-70.909731,-33.487762],[-70.909896,-33.487472],[-70.910061,-33.487182],[-70.910141,-33.486894],[-70.910307,-33.486676],[-70.910474,-33.486457],[-70.910253,-33.485961],[-70.910354,-33.485579],[-70.91023,-33.484911],[-70.910065,-33.484546],[-70.910029,-33.484324],[-70.909865,-33.483998],[-70.909717,-33.483672],[-70.909568,-33.483307],[-70.909189,-33.483168],[-70.908686,-33.483108],[-70.908246,-33.483012],[-70.907999,-33.483047],[-70.90697,-33.483063],[-70.906029,-33.483149],[-70.90534,-33.483016],[-70.904909,-33.482879],[-70.904134,-33.482747],[-70.904047,-33.482677],[-70.903099,-33.482476],[-70.902412,-33.482415],[-70.899902,-33.48134],[-70.899033,-33.480778],[-70.897995,-33.480363],[-70.897387,-33.480013],[-70.896697,-33.479808],[-70.896089,-33.479458],[-70.89523,-33.479399],[-70.894799,-33.479262],[-70.893426,-33.479211],[-70.893253,-33.479142],[-70.892059,-33.479448],[-70.890867,-33.479825],[-70.890107,-33.48034],[-70.889683,-33.480562],[-70.889003,-33.48086],[-70.887897,-33.481236],[-70.886702,-33.481469],[-70.886016,-33.48148],[-70.884985,-33.481352],[-70.883523,-33.481159],[-70.882745,-33.480883],[-70.881536,-33.48047],[-70.879813,-33.480065],[-70.878434,-33.479727],[-70.87671,-33.479322],[-70.875849,-33.47912],[-70.875165,-33.479135],[-70.874031,-33.478815],[-70.87352,-33.478461],[-70.873225,-33.478134],[-70.872751,-33.47787],[-70.872387,-33.477665],[-70.871846,-33.477582],[-70.871341,-33.47753],[-70.87037,-33.477544],[-70.868393,-33.477604],[-70.867388,-33.47771],[-70.866528,-33.477874],[-70.865703,-33.477976],[-70.865059,-33.478137],[-70.864522,-33.478296],[-70.864416,-33.478358],[-70.864134,-33.478633],[-70.863241,-33.478918],[-70.862812,-33.479075],[-70.862633,-33.479108],[-70.861592,-33.479214],[-70.860552,-33.47935],[-70.859369,-33.479549],[-70.858041,-33.479689],[-70.856999,-33.479735],[-70.85592,-33.479781],[-70.855094,-33.479854],[-70.854843,-33.479888],[-70.853657,-33.479906],[-70.851568,-33.479816],[-70.849905,-33.479449],[-70.848954,-33.47868],[-70.848152,-33.478179],[-70.84723,-33.477138],[-70.846349,-33.476307],[-70.845609,-33.475353],[-70.844982,-33.474609],[-70.84465,-33.474222],[-70.842587,-33.46854],[-70.842075,-33.468125],[-70.840986,-33.467659],[-70.840151,-33.46728],[-70.838235,-33.466856],[-70.83679,-33.466546],[-70.83498,-33.466],[-70.833031,-33.465697],[-70.831626,-33.465567],[-70.830973,-33.465335],[-70.830254,-33.465346],[-70.829758,-33.465715],[-70.829049,-33.466208],[-70.828348,-33.467062],[-70.827427,-33.467739],[-70.825629,-33.467766],[-70.824473,-33.467542],[-70.823248,-33.467439],[-70.822667,-33.467146],[-70.821945,-33.467036],[-70.821366,-33.466864],[-70.821147,-33.466746],[-70.820354,-33.466637],[-70.818697,-33.466541],[-70.817038,-33.466324],[-70.81581,-33.466101],[-70.814874,-33.466055],[-70.81415,-33.465824],[-70.813717,-33.46577],[-70.813643,-33.465651],[-70.812692,-33.464881],[-70.81167,-33.464172],[-70.810727,-33.463824],[-70.810069,-33.463291],[-70.809626,-33.462755],[-70.809188,-33.46246],[-70.809042,-33.462341],[-70.798734,-33.463212],[-70.798678,-33.46052],[-70.796447,-33.460553],[-70.793145,-33.460562],[-70.781835,-33.462442],[-70.78053,-33.462343],[-70.778883,-33.462411],[-70.778868,-33.458348],[-70.764456,-33.459217],[-70.762942,-33.46396],[-70.760114,-33.464454],[-70.758335,-33.464752],[-70.757996,-33.464799],[-70.757828,-33.464835],[-70.757629,-33.464856],[-70.757459,-33.464895],[-70.757285,-33.464932],[-70.757093,-33.464953],[-70.75697,-33.464977],[-70.756541,-33.465061],[-70.756175,-33.465136],[-70.755729,-33.465217],[-70.755504,-33.465255],[-70.755349,-33.465269],[-70.755104,-33.465317],[-70.754872,-33.465362],[-70.754705,-33.465399],[-70.754402,-33.465441],[-70.753644,-33.465582],[-70.752666,-33.465738],[-70.752463,-33.465779],[-70.752345,-33.465803],[-70.752174,-33.465825],[-70.751999,-33.46584],[-70.751877,-33.465881],[-70.75168,-33.465917],[-70.751513,-33.465961],[-70.751372,-33.465973],[-70.75112,-33.466008],[-70.75092,-33.466035],[-70.75075,-33.466079],[-70.750538,-33.466111],[-70.749907,-33.466233],[-70.749759,-33.466247],[-70.74966,-33.46628],[-70.749544,-33.466297],[-70.749378,-33.46634],[-70.749146,-33.466373],[-70.74894,-33.466416],[-70.74877,-33.466443],[-70.748681,-33.466449],[-70.748558,-33.466469],[-70.748463,-33.466494],[-70.748259,-33.466533],[-70.74812,-33.466557],[-70.747996,-33.466575],[-70.747875,-33.466593],[-70.747747,-33.466623],[-70.74753,-33.466666],[-70.747383,-33.466687],[-70.747206,-33.466722],[-70.746985,-33.466772],[-70.746653,-33.466816],[-70.746566,-33.466826],[-70.746167,-33.466901],[-70.746025,-33.466933],[-70.74587,-33.466952],[-70.745683,-33.466995],[-70.745427,-33.467043],[-70.745115,-33.467094],[-70.744788,-33.467147],[-70.744472,-33.467213],[-70.744141,-33.467271],[-70.74401,-33.467286],[-70.743884,-33.467308],[-70.743623,-33.467351],[-70.743523,-33.467379],[-70.7434,-33.467397],[-70.743266,-33.467412],[-70.743104,-33.467453],[-70.742915,-33.46749],[-70.742824,-33.467513],[-70.742721,-33.46752],[-70.742614,-33.467529],[-70.742482,-33.467561],[-70.742215,-33.467597],[-70.742077,-33.467614],[-70.741986,-33.467623],[-70.741834,-33.46766],[-70.741694,-33.467681],[-70.741259,-33.467767],[-70.741143,-33.467785],[-70.741007,-33.467797],[-70.740857,-33.467821],[-70.740681,-33.46786],[-70.740517,-33.467897],[-70.740401,-33.467919],[-70.740271,-33.467949],[-70.740146,-33.467979],[-70.740003,-33.467987],[-70.739797,-33.468016],[-70.739646,-33.468052],[-70.739542,-33.468076],[-70.737711,-33.468402],[-70.73759,-33.468475],[-70.737481,-33.468542],[-70.737392,-33.468612],[-70.73729,-33.468699],[-70.737173,-33.468702],[-70.736791,-33.468694],[-70.736615,-33.46876],[-70.736492,-33.468813],[-70.736259,-33.468882],[-70.736025,-33.468937],[-70.735818,-33.468996],[-70.735582,-33.469077],[-70.735312,-33.469163],[-70.735097,-33.469225],[-70.734998,-33.469265],[-70.73481,-33.469323],[-70.734722,-33.469356],[-70.734571,-33.469387],[-70.734468,-33.469405],[-70.734263,-33.469457],[-70.734127,-33.469485],[-70.734036,-33.469557],[-70.733868,-33.469588],[-70.733635,-33.469556],[-70.733479,-33.469594],[-70.731058,-33.47027],[-70.730923,-33.470307],[-70.730726,-33.470355],[-70.730626,-33.470378],[-70.73052,-33.470401],[-70.730369,-33.470449],[-70.730279,-33.470469],[-70.729929,-33.470561],[-70.729024,-33.470817],[-70.728591,-33.470966],[-70.728245,-33.471071],[-70.727922,-33.471171],[-70.727802,-33.471241],[-70.727736,-33.47129],[-70.727657,-33.471332],[-70.727594,-33.471381],[-70.727455,-33.471448],[-70.727294,-33.471514],[-70.727081,-33.471572],[-70.726953,-33.47159],[-70.726768,-33.47162],[-70.726549,-33.471707],[-70.726428,-33.471752],[-70.726298,-33.471777],[-70.726169,-33.471785],[-70.726034,-33.471803],[-70.725919,-33.471841],[-70.725788,-33.471893],[-70.725585,-33.471933],[-70.725394,-33.472007],[-70.725236,-33.472072],[-70.725089,-33.472136],[-70.724873,-33.472216],[-70.724677,-33.47228],[-70.724486,-33.472333],[-70.724195,-33.472414],[-70.723982,-33.472489],[-70.723772,-33.472554],[-70.723577,-33.472597],[-70.723191,-33.472747],[-70.723047,-33.472777],[-70.722833,-33.472826],[-70.722605,-33.472873],[-70.722443,-33.472916],[-70.722296,-33.47298],[-70.722132,-33.473081],[-70.72203,-33.473163],[-70.721923,-33.473282]]]}},{"type":"Feature","properties":{"AREA":16905673.74152,"PERIMETER":18007.66207,"COMUNAS_":22,"COMUNAS_ID":15,"COMUNA":"NUNOA","COD_VNR":13120,"CENTRO":"CENTRO_ORIENTE","COD_CENTRO":2,"RURALIDAD":"U","CLIENTESTOTAL":"140320","CLIENTESAFECTADOS":"7","PORCENTAJE":"   0.0","TIPO":"COMUNA"},"geometry":{"type":"Polygon","coordinates":[[[-70.582187,-33.433832],[-70.581613,-33.434199],[-70.580878,-33.434663],[-70.580104,-33.435106],[-70.579442,-33.435442],[-70.578755,-33.435778],[-70.578054,-33.436051],[-70.577403,-33.436282],[-70.5766,-33.436514],[-70.575949,-33.436755],[-70.575236,-33.43707],[-70.574136,-33.43757],[-70.573547,-33.437726],[-70.573389,-33.438142],[-70.573276,-33.438431],[-70.573163,-33.438856],[-70.573043,-33.439409],[-70.572958,-33.439883],[-70.572912,-33.440279],[-70.572883,-33.44042],[-70.57279,-33.440954],[-70.572726,-33.441376],[-70.572719,-33.44148],[-70.572622,-33.44207],[-70.572515,-33.442593],[-70.572392,-33.443243],[-70.572355,-33.443401],[-70.572286,-33.443813],[-70.572263,-33.44402],[-70.572146,-33.444684],[-70.571927,-33.44592],[-70.571933,-33.44602],[-70.571633,-33.447564],[-70.571558,-33.448015],[-70.571547,-33.448129],[-70.571326,-33.449411],[-70.571191,-33.450294],[-70.571014,-33.451303],[-70.570921,-33.451809],[-70.570865,-33.452155],[-70.570745,-33.452672],[-70.570688,-33.452962],[-70.5707,-33.453405],[-70.570788,-33.453691],[-70.570898,-33.454239],[-70.570941,-33.45442],[-70.57098,-33.454594],[-70.571071,-33.454902],[-70.571216,-33.455304],[-70.571291,-33.455555],[-70.571364,-33.455773],[-70.571406,-33.45595],[-70.571439,-33.456087],[-70.571482,-33.456253],[-70.571599,-33.456769],[-70.571676,-33.457079],[-70.571733,-33.457302],[-70.571823,-33.457642],[-70.571876,-33.457852],[-70.571938,-33.458082],[-70.572009,-33.458326],[-70.572073,-33.45851],[-70.572276,-33.459034],[-70.572325,-33.459366],[-70.572404,-33.459637],[-70.572474,-33.459862],[-70.572544,-33.460075],[-70.572588,-33.460191],[-70.572677,-33.460375],[-70.57275,-33.460513],[-70.572954,-33.460919],[-70.573237,-33.461479],[-70.573321,-33.461625],[-70.573532,-33.461982],[-70.573591,-33.462087],[-70.573634,-33.462167],[-70.573689,-33.462295],[-70.573732,-33.46243],[-70.573797,-33.462576],[-70.574054,-33.463238],[-70.574741,-33.465019],[-70.575427,-33.466881],[-70.575614,-33.467449],[-70.576158,-33.468881],[-70.576016,-33.468939],[-70.575922,-33.469],[-70.575852,-33.469068],[-70.575786,-33.469135],[-70.575728,-33.469216],[-70.57569,-33.469296],[-70.575648,-33.469426],[-70.575634,-33.469519],[-70.575627,-33.469593],[-70.575641,-33.469702],[-70.575675,-33.469818],[-70.575716,-33.469901],[-70.575782,-33.469996],[-70.575867,-33.470089],[-70.575955,-33.470161],[-70.576063,-33.470219],[-70.576187,-33.470281],[-70.576331,-33.470312],[-70.57651,-33.47033],[-70.576637,-33.470325],[-70.576841,-33.470335],[-70.576896,-33.470274],[-70.576992,-33.470222],[-70.576993,-33.470222],[-70.577106,-33.470157],[-70.577186,-33.470092],[-70.577274,-33.470001],[-70.577337,-33.469924],[-70.580262,-33.471363],[-70.58149,-33.472002],[-70.583359,-33.472983],[-70.583541,-33.473071],[-70.583742,-33.473164],[-70.58392,-33.47323],[-70.584057,-33.473275],[-70.58416,-33.473306],[-70.584316,-33.473338],[-70.584651,-33.47341],[-70.585052,-33.473449],[-70.586007,-33.473542],[-70.586351,-33.473567],[-70.586604,-33.473549],[-70.586746,-33.473527],[-70.58684,-33.473502],[-70.586806,-33.473763],[-70.586816,-33.473923],[-70.586903,-33.474082],[-70.587098,-33.474266],[-70.587261,-33.474385],[-70.587622,-33.474464],[-70.588004,-33.474453],[-70.588347,-33.474359],[-70.589407,-33.47401],[-70.58999,-33.473957],[-70.591179,-33.473813],[-70.592042,-33.473711],[-70.59487,-33.473557],[-70.595884,-33.473515],[-70.596453,-33.473537],[-70.596728,-33.47364],[-70.598712,-33.473739],[-70.601198,-33.473858],[-70.60422,-33.474033],[-70.606278,-33.474137],[-70.608059,-33.474214],[-70.609805,-33.474321],[-70.610966,-33.474378],[-70.613541,-33.474505],[-70.61865,-33.47475],[-70.619841,-33.474825],[-70.623052,-33.474986],[-70.62344,-33.473454],[-70.623841,-33.471839],[-70.624099,-33.470773],[-70.624193,-33.470439],[-70.624275,-33.470244],[-70.624357,-33.470123],[-70.624485,-33.470029],[-70.625066,-33.469667],[-70.625432,-33.469445],[-70.625706,-33.469258],[-70.625894,-33.469071],[-70.626053,-33.46873],[-70.628509,-33.459971],[-70.629149,-33.457829],[-70.629636,-33.456042],[-70.629737,-33.455678],[-70.629822,-33.455383],[-70.629968,-33.454888],[-70.630008,-33.454804],[-70.630065,-33.454675],[-70.630324,-33.453807],[-70.630457,-33.453391],[-70.630589,-33.452883],[-70.630678,-33.45263],[-70.630823,-33.452122],[-70.630884,-33.451862],[-70.631164,-33.450997],[-70.631496,-33.449872],[-70.629853,-33.449564],[-70.62889,-33.449375],[-70.627948,-33.449201],[-70.627283,-33.449063],[-70.626707,-33.448954],[-70.626139,-33.448822],[-70.625327,-33.448616],[-70.624441,-33.448441],[-70.623677,-33.448296],[-70.623152,-33.448187],[-70.622206,-33.448005],[-70.619798,-33.447517],[-70.618718,-33.447298],[-70.6186,-33.447659],[-70.61839,-33.448423],[-70.616429,-33.448055],[-70.615886,-33.447964],[-70.6137,-33.447603],[-70.613849,-33.446875],[-70.61127,-33.446495],[-70.611123,-33.446468],[-70.610902,-33.446406],[-70.609891,-33.446113],[-70.609426,-33.445969],[-70.60871,-33.445777],[-70.608049,-33.44568],[-70.606097,-33.445464],[-70.604771,-33.445276],[-70.60432,-33.44522],[-70.602854,-33.445066],[-70.601858,-33.444975],[-70.601064,-33.444888],[-70.599142,-33.44471],[-70.59911,-33.444965],[-70.597985,-33.444856],[-70.597595,-33.445059],[-70.597155,-33.44533],[-70.596102,-33.446005],[-70.594415,-33.446914],[-70.592758,-33.447813],[-70.591789,-33.446694],[-70.591299,-33.445989],[-70.590932,-33.445398],[-70.590334,-33.444457],[-70.589445,-33.443076],[-70.588544,-33.441682],[-70.587417,-33.439878],[-70.587161,-33.43951],[-70.586954,-33.439247],[-70.586387,-33.438609],[-70.585305,-33.437393],[-70.583802,-33.435723],[-70.583065,-33.434861],[-70.582187,-33.433832]]]}},{"type":"Feature","properties":{"AREA":8723068.77914,"PERIMETER":13057.18323,"COMUNAS_":30,"COMUNAS_ID":32,"COMUNA":"PEDRO_AGUIRRE_CERDA","COD_VNR":13121,"CENTRO":"CENTRO_PONIENTE","COD_CENTRO":1,"RURALIDAD":"U","CLIENTESTOTAL":"29210","CLIENTESAFECTADOS":"0","PORCENTAJE":"   0.0","TIPO":"COMUNA"},"geometry":{"type":"Polygon","coordinates":[[[-70.671608,-33.476133],[-70.668437,-33.47606],[-70.66707,-33.476031],[-70.661907,-33.475911],[-70.658592,-33.476202],[-70.655854,-33.476443],[-70.654909,-33.476566],[-70.655149,-33.47708],[-70.655392,-33.477597],[-70.65624,-33.47941],[-70.658209,-33.483598],[-70.659469,-33.486293],[-70.660157,-33.48776],[-70.661793,-33.491241],[-70.662715,-33.493198],[-70.663739,-33.495365],[-70.664475,-33.496964],[-70.666104,-33.500445],[-70.6663,-33.50087],[-70.667933,-33.504354],[-70.670043,-33.508797],[-70.670997,-33.510794],[-70.672673,-33.510116],[-70.675227,-33.509005],[-70.676304,-33.508538],[-70.676493,-33.508452],[-70.676644,-33.5084],[-70.676756,-33.508377],[-70.677314,-33.508361],[-70.67778,-33.508365],[-70.678224,-33.508323],[-70.682813,-33.506319],[-70.683297,-33.506105],[-70.683588,-33.505992],[-70.683826,-33.505918],[-70.684018,-33.505875],[-70.684303,-33.505824],[-70.684665,-33.505718],[-70.687393,-33.504776],[-70.690712,-33.503634],[-70.692735,-33.502935],[-70.695471,-33.501976],[-70.691259,-33.493679],[-70.690897,-33.492701],[-70.688917,-33.487685],[-70.68792,-33.485098],[-70.687846,-33.485144],[-70.687703,-33.485154],[-70.687619,-33.48514],[-70.68754,-33.485086],[-70.686745,-33.48305],[-70.685858,-33.480717],[-70.685461,-33.479732],[-70.685364,-33.479334],[-70.685325,-33.479072],[-70.685383,-33.478291],[-70.685598,-33.477675],[-70.685754,-33.477085],[-70.685846,-33.476836],[-70.686205,-33.476258],[-70.68582,-33.476161],[-70.685559,-33.476102],[-70.68531,-33.476066],[-70.685022,-33.476051],[-70.684762,-33.476074],[-70.68455,-33.476125],[-70.684355,-33.476181],[-70.684165,-33.476222],[-70.683895,-33.476279],[-70.683752,-33.47631],[-70.683144,-33.476392],[-70.682616,-33.476506],[-70.682237,-33.476541],[-70.68063,-33.476596],[-70.680624,-33.476595],[-70.680766,-33.478473],[-70.671552,-33.478609],[-70.671537,-33.476846],[-70.671598,-33.476282],[-70.671608,-33.476133]]]}},{"type":"Feature","properties":{"AREA":50234239.6259,"PERIMETER":34736.05301,"COMUNAS_":25,"COMUNAS_ID":31,"COMUNA":"PENALOLEN","COD_VNR":13122,"CENTRO":"CENTRO_PONIENTE","COD_CENTRO":1,"RURALIDAD":"U","CLIENTESTOTAL":"70527","CLIENTESAFECTADOS":"0","PORCENTAJE":"   0.0","TIPO":"COMUNA"},"geometry":{"type":"Polygon","coordinates":[[[-70.572276,-33.459034],[-70.572134,-33.459085],[-70.57157,-33.459257],[-70.571289,-33.459359],[-70.570194,-33.459735],[-70.569162,-33.460143],[-70.567252,-33.460867],[-70.565375,-33.461498],[-70.564982,-33.461638],[-70.562785,-33.462378],[-70.562395,-33.462504],[-70.562274,-33.462535],[-70.562123,-33.462555],[-70.561179,-33.462571],[-70.559844,-33.462592],[-70.551661,-33.462671],[-70.550955,-33.462694],[-70.547577,-33.463262],[-70.544784,-33.463647],[-70.544542,-33.463675],[-70.544245,-33.463701],[-70.544096,-33.463699],[-70.543954,-33.463669],[-70.543585,-33.463527],[-70.542567,-33.46305],[-70.542352,-33.462956],[-70.542259,-33.462922],[-70.54216,-33.462905],[-70.54204,-33.4629],[-70.541955,-33.462928],[-70.54115,-33.462952],[-70.540603,-33.462985],[-70.540199,-33.46304],[-70.539782,-33.463123],[-70.53934,-33.463243],[-70.538983,-33.463341],[-70.538386,-33.46351],[-70.537756,-33.463692],[-70.534328,-33.464666],[-70.533006,-33.46504],[-70.531955,-33.465341],[-70.531107,-33.465588],[-70.531066,-33.465508],[-70.530983,-33.465372],[-70.530895,-33.465237],[-70.530845,-33.465159],[-70.530858,-33.465078],[-70.530844,-33.464963],[-70.530823,-33.464856],[-70.530795,-33.464759],[-70.530747,-33.464656],[-70.530647,-33.464498],[-70.530612,-33.46442],[-70.530581,-33.464335],[-70.530545,-33.464194],[-70.530508,-33.464075],[-70.530489,-33.463987],[-70.530461,-33.463849],[-70.53045,-33.463718],[-70.530477,-33.463619],[-70.530493,-33.463515],[-70.530477,-33.463275],[-70.530472,-33.46301],[-70.530436,-33.462889],[-70.530388,-33.462784],[-70.530337,-33.46267],[-70.530326,-33.46234],[-70.530316,-33.462104],[-70.530273,-33.46195],[-70.53026,-33.461873],[-70.530218,-33.461723],[-70.530157,-33.461524],[-70.530087,-33.461293],[-70.530042,-33.461164],[-70.529981,-33.461021],[-70.52992,-33.460855],[-70.52983,-33.460621],[-70.529819,-33.460443],[-70.529819,-33.460286],[-70.529794,-33.460192],[-70.529761,-33.46012],[-70.529641,-33.459924],[-70.529569,-33.45977],[-70.529519,-33.459672],[-70.529478,-33.459571],[-70.529464,-33.459398],[-70.529462,-33.459292],[-70.529442,-33.459178],[-70.527493,-33.459298],[-70.526295,-33.459388],[-70.524941,-33.45946],[-70.523209,-33.459549],[-70.519532,-33.459888],[-70.517072,-33.459989],[-70.514863,-33.460071],[-70.511644,-33.460195],[-70.508132,-33.460334],[-70.503742,-33.46047],[-70.437917,-33.483226],[-70.513672,-33.500122],[-70.524103,-33.508088],[-70.524245,-33.508097],[-70.524348,-33.508069],[-70.524437,-33.508076],[-70.524551,-33.508099],[-70.524692,-33.508105],[-70.524799,-33.508112],[-70.524986,-33.508111],[-70.52509,-33.508226],[-70.525177,-33.508251],[-70.525294,-33.508245],[-70.525369,-33.508142],[-70.525427,-33.508078],[-70.525524,-33.507978],[-70.525606,-33.50791],[-70.525751,-33.507919],[-70.52599,-33.507919],[-70.526105,-33.50792],[-70.526227,-33.507931],[-70.526347,-33.507952],[-70.526475,-33.507978],[-70.526591,-33.507989],[-70.5267,-33.507992],[-70.526832,-33.50804],[-70.526939,-33.508056],[-70.527063,-33.508124],[-70.527151,-33.508191],[-70.527273,-33.508168],[-70.5274,-33.508163],[-70.527525,-33.508207],[-70.52763,-33.508225],[-70.527771,-33.508231],[-70.527895,-33.508248],[-70.528021,-33.508275],[-70.528155,-33.508319],[-70.528229,-33.508389],[-70.528269,-33.508486],[-70.528392,-33.508593],[-70.52851,-33.508609],[-70.52864,-33.508645],[-70.528764,-33.508684],[-70.528858,-33.508774],[-70.528903,-33.508939],[-70.528914,-33.509105],[-70.528989,-33.509216],[-70.529078,-33.509244],[-70.529201,-33.50922],[-70.529303,-33.509219],[-70.529444,-33.50922],[-70.529634,-33.509217],[-70.529752,-33.509219],[-70.529874,-33.509266],[-70.530028,-33.509287],[-70.53018,-33.509285],[-70.530267,-33.509276],[-70.530337,-33.509181],[-70.530509,-33.509118],[-70.530627,-33.509123],[-70.530752,-33.509164],[-70.530838,-33.509197],[-70.530952,-33.509258],[-70.53103,-33.509319],[-70.531128,-33.509393],[-70.531272,-33.509454],[-70.531443,-33.509504],[-70.531528,-33.509547],[-70.531621,-33.509642],[-70.531734,-33.509662],[-70.531868,-33.5097],[-70.532052,-33.509809],[-70.532176,-33.509802],[-70.532241,-33.50985],[-70.532346,-33.509919],[-70.532428,-33.509942],[-70.532569,-33.509997],[-70.5327,-33.510075],[-70.532783,-33.510126],[-70.532867,-33.510173],[-70.53296,-33.510203],[-70.533075,-33.510214],[-70.533163,-33.51021],[-70.533292,-33.510213],[-70.533421,-33.510219],[-70.533563,-33.510251],[-70.533674,-33.5103],[-70.533808,-33.510343],[-70.533934,-33.510346],[-70.534076,-33.510388],[-70.534203,-33.5104],[-70.534367,-33.510457],[-70.534469,-33.510504],[-70.534583,-33.510507],[-70.53471,-33.510559],[-70.534814,-33.510624],[-70.534897,-33.510667],[-70.534987,-33.510703],[-70.535096,-33.510746],[-70.535283,-33.510797],[-70.535404,-33.510853],[-70.535581,-33.510856],[-70.535687,-33.510845],[-70.535841,-33.51083],[-70.535935,-33.510836],[-70.536039,-33.51086],[-70.536143,-33.510894],[-70.536273,-33.510974],[-70.536417,-33.511021],[-70.536571,-33.511063],[-70.536653,-33.511094],[-70.536831,-33.511134],[-70.537015,-33.511195],[-70.537152,-33.51125],[-70.537279,-33.511301],[-70.537391,-33.51136],[-70.537523,-33.511399],[-70.537648,-33.511458],[-70.53774,-33.511525],[-70.537833,-33.511576],[-70.537916,-33.511617],[-70.538026,-33.511691],[-70.53819,-33.511757],[-70.538354,-33.511817],[-70.53849,-33.511876],[-70.538572,-33.511906],[-70.538708,-33.511942],[-70.538817,-33.51197],[-70.538926,-33.512007],[-70.539008,-33.512035],[-70.539117,-33.512064],[-70.539253,-33.512085],[-70.539344,-33.512093],[-70.539453,-33.512127],[-70.539671,-33.512196],[-70.539789,-33.512203],[-70.539938,-33.512189],[-70.540046,-33.512155],[-70.540136,-33.512132],[-70.540228,-33.51213],[-70.540318,-33.512164],[-70.540398,-33.512201],[-70.540482,-33.51223],[-70.540715,-33.512279],[-70.540853,-33.512307],[-70.541017,-33.512342],[-70.541235,-33.512391],[-70.541398,-33.512423],[-70.541543,-33.512437],[-70.541661,-33.512442],[-70.541769,-33.512434],[-70.541885,-33.512349],[-70.54201,-33.512425],[-70.542143,-33.51252],[-70.542268,-33.512596],[-70.542392,-33.512633],[-70.542532,-33.512618],[-70.542967,-33.512536],[-70.543369,-33.512479],[-70.543559,-33.512464],[-70.543789,-33.512448],[-70.544044,-33.512445],[-70.544341,-33.512454],[-70.544786,-33.512487],[-70.545025,-33.512497],[-70.54565,-33.51247],[-70.548835,-33.512347],[-70.550921,-33.512244],[-70.553569,-33.512138],[-70.556603,-33.511999],[-70.557996,-33.511896],[-70.560531,-33.5117],[-70.56167,-33.5116],[-70.563206,-33.511502],[-70.563899,-33.511464],[-70.564118,-33.511469],[-70.564365,-33.51148],[-70.564584,-33.511506],[-70.564813,-33.511531],[-70.565033,-33.511579],[-70.565235,-33.51164],[-70.565418,-33.511703],[-70.565611,-33.511764],[-70.565793,-33.511762],[-70.567172,-33.511648],[-70.567125,-33.511334],[-70.56836,-33.511187],[-70.568981,-33.511112],[-70.569607,-33.511035],[-70.570987,-33.510908],[-70.571861,-33.510831],[-70.57207,-33.510816],[-70.5723,-33.510803],[-70.572615,-33.510799],[-70.572736,-33.510817],[-70.572991,-33.510823],[-70.573211,-33.510808],[-70.573338,-33.510794],[-70.573607,-33.510777],[-70.57396,-33.51075],[-70.574537,-33.510743],[-70.57605,-33.510613],[-70.576138,-33.510793],[-70.577181,-33.51075],[-70.577953,-33.510713],[-70.579147,-33.510642],[-70.580132,-33.510568],[-70.581602,-33.510469],[-70.5832,-33.510358],[-70.584957,-33.510234],[-70.585678,-33.510186],[-70.586035,-33.510156],[-70.58848,-33.509983],[-70.588541,-33.509855],[-70.589442,-33.508594],[-70.589367,-33.506948],[-70.589328,-33.506768],[-70.589311,-33.506552],[-70.58931,-33.506263],[-70.589285,-33.505887],[-70.589232,-33.505189],[-70.588492,-33.503424],[-70.587568,-33.501194],[-70.587452,-33.5009],[-70.587365,-33.500658],[-70.587314,-33.50054],[-70.587243,-33.500385],[-70.586557,-33.499265],[-70.585943,-33.498304],[-70.585533,-33.497644],[-70.585065,-33.4969],[-70.58415,-33.495438],[-70.582003,-33.492024],[-70.580786,-33.490012],[-70.580955,-33.489923],[-70.581111,-33.489824],[-70.581345,-33.489595],[-70.581498,-33.489311],[-70.581555,-33.48901],[-70.581552,-33.488842],[-70.581507,-33.488683],[-70.581436,-33.488534],[-70.581366,-33.488433],[-70.581253,-33.488333],[-70.581146,-33.488251],[-70.580997,-33.488173],[-70.58088,-33.48813],[-70.580721,-33.488088],[-70.580484,-33.488065],[-70.580319,-33.488063],[-70.580007,-33.486345],[-70.579242,-33.48271],[-70.578975,-33.481461],[-70.578575,-33.479233],[-70.57701,-33.47173],[-70.576921,-33.471342],[-70.576762,-33.47046],[-70.576841,-33.470335],[-70.576637,-33.470325],[-70.57651,-33.47033],[-70.576331,-33.470312],[-70.576187,-33.470281],[-70.576063,-33.470219],[-70.575955,-33.470161],[-70.575867,-33.470089],[-70.575782,-33.469996],[-70.575716,-33.469901],[-70.575675,-33.469818],[-70.575641,-33.469702],[-70.575627,-33.469593],[-70.575634,-33.469519],[-70.575648,-33.469426],[-70.57569,-33.469296],[-70.575728,-33.469216],[-70.575786,-33.469135],[-70.575852,-33.469068],[-70.575922,-33.469],[-70.576016,-33.468939],[-70.576158,-33.468881],[-70.575614,-33.467449],[-70.575427,-33.466881],[-70.574741,-33.465019],[-70.574054,-33.463238],[-70.573797,-33.462576],[-70.573732,-33.46243],[-70.573689,-33.462295],[-70.573634,-33.462167],[-70.573591,-33.462087],[-70.573532,-33.461982],[-70.573321,-33.461625],[-70.573237,-33.461479],[-70.572954,-33.460919],[-70.57275,-33.460513],[-70.572677,-33.460375],[-70.572588,-33.460191],[-70.572544,-33.460075],[-70.572474,-33.459862],[-70.572404,-33.459637],[-70.572325,-33.459366],[-70.572276,-33.459034]]]}},{"type":"Feature","properties":{"AREA":14552143.27874,"PERIMETER":16286.11075,"COMUNAS_":17,"COMUNAS_ID":9,"COMUNA":"PROVIDENCIA","COD_VNR":13123,"CENTRO":"CENTRO_ORIENTE","COD_CENTRO":2,"RURALIDAD":"U","CLIENTESTOTAL":"106155","CLIENTESAFECTADOS":"1","PORCENTAJE":"   0.0","TIPO":"COMUNA"},"geometry":{"type":"Polygon","coordinates":[[[-70.60521,-33.409243],[-70.60512,-33.410171],[-70.60555,-33.411109],[-70.606167,-33.413006],[-70.606757,-33.415485],[-70.606639,-33.416021],[-70.604773,-33.41705],[-70.604448,-33.41713],[-70.604209,-33.417171],[-70.603683,-33.417227],[-70.60347,-33.417233],[-70.603039,-33.417306],[-70.602513,-33.417426],[-70.60217,-33.417559],[-70.601923,-33.417682],[-70.601695,-33.417802],[-70.601599,-33.41786],[-70.601337,-33.418147],[-70.601083,-33.418415],[-70.600751,-33.418699],[-70.599052,-33.419979],[-70.596809,-33.42162],[-70.594879,-33.423159],[-70.590893,-33.426238],[-70.588705,-33.427939],[-70.58714,-33.429307],[-70.58568,-33.430569],[-70.585079,-33.431074],[-70.584453,-33.431759],[-70.584242,-33.432003],[-70.58405,-33.432299],[-70.583892,-33.43249],[-70.58368,-33.432718],[-70.583477,-33.432917],[-70.583203,-33.433161],[-70.582919,-33.433376],[-70.582582,-33.433599],[-70.582187,-33.433832],[-70.583065,-33.434861],[-70.583802,-33.435723],[-70.585305,-33.437393],[-70.586387,-33.438609],[-70.586954,-33.439247],[-70.587161,-33.43951],[-70.587417,-33.439878],[-70.588544,-33.441682],[-70.589445,-33.443076],[-70.590334,-33.444457],[-70.590932,-33.445398],[-70.591299,-33.445989],[-70.591789,-33.446694],[-70.592758,-33.447813],[-70.594415,-33.446914],[-70.596102,-33.446005],[-70.597155,-33.44533],[-70.597595,-33.445059],[-70.597985,-33.444856],[-70.59911,-33.444965],[-70.599142,-33.44471],[-70.601064,-33.444888],[-70.601858,-33.444975],[-70.602854,-33.445066],[-70.60432,-33.44522],[-70.604771,-33.445276],[-70.606097,-33.445464],[-70.608049,-33.44568],[-70.60871,-33.445777],[-70.609426,-33.445969],[-70.609891,-33.446113],[-70.610902,-33.446406],[-70.611123,-33.446468],[-70.61127,-33.446495],[-70.613849,-33.446875],[-70.6137,-33.447603],[-70.615886,-33.447964],[-70.616429,-33.448055],[-70.61839,-33.448423],[-70.6186,-33.447659],[-70.618718,-33.447298],[-70.619798,-33.447517],[-70.622206,-33.448005],[-70.623152,-33.448187],[-70.623677,-33.448296],[-70.624441,-33.448441],[-70.625327,-33.448616],[-70.626139,-33.448822],[-70.626707,-33.448954],[-70.627283,-33.449063],[-70.627948,-33.449201],[-70.62889,-33.449375],[-70.629853,-33.449564],[-70.631496,-33.449872],[-70.632118,-33.447815],[-70.632212,-33.447437],[-70.632232,-33.447341],[-70.63279,-33.445532],[-70.632812,-33.445402],[-70.633405,-33.443465],[-70.633465,-33.443193],[-70.633854,-33.441907],[-70.634363,-33.440155],[-70.634489,-33.439716],[-70.634848,-33.438511],[-70.634934,-33.4381],[-70.635117,-33.437407],[-70.635288,-33.436802],[-70.635336,-33.436538],[-70.635315,-33.435768],[-70.635757,-33.433379],[-70.635958,-33.432211],[-70.636186,-33.430929],[-70.636162,-33.430561],[-70.636027,-33.430234],[-70.635945,-33.42997],[-70.63595,-33.42989],[-70.636006,-33.429783],[-70.636166,-33.429537],[-70.632881,-33.425161],[-70.630005,-33.42042],[-70.624592,-33.418029],[-70.622166,-33.41547],[-70.61669,-33.411073],[-70.615773,-33.410596],[-70.614618,-33.409126],[-70.613955,-33.408706],[-70.611521,-33.407591],[-70.610131,-33.405504],[-70.60521,-33.409243]]]}},{"type":"Feature","properties":{"AREA":203164241.05688,"PERIMETER":72656.51005,"COMUNAS_":11,"COMUNAS_ID":11,"COMUNA":"PUDAHUEL","COD_VNR":13124,"CENTRO":"CENTRO_PONIENTE","COD_CENTRO":1,"RURALIDAD":"U","CLIENTESTOTAL":"72456","CLIENTESAFECTADOS":"5","PORCENTAJE":"   0.0","TIPO":"COMUNA"},"geometry":{"type":"Polygon","coordinates":[[[-70.756245,-33.383178],[-70.78149,-33.404564],[-70.782006,-33.40507],[-70.782201,-33.405324],[-70.78229,-33.405517],[-70.782448,-33.405916],[-70.782497,-33.406204],[-70.782509,-33.406369],[-70.782469,-33.407663],[-70.782328,-33.410025],[-70.782065,-33.413931],[-70.781894,-33.417093],[-70.781869,-33.418974],[-70.782026,-33.419968],[-70.779573,-33.419914],[-70.779069,-33.420028],[-70.778704,-33.420245],[-70.778303,-33.42072],[-70.777945,-33.421265],[-70.777875,-33.421983],[-70.777704,-33.42241],[-70.77726,-33.422605],[-70.777011,-33.422812],[-70.776642,-33.423339],[-70.776259,-33.423663],[-70.775968,-33.42388],[-70.775738,-33.424007],[-70.775499,-33.424161],[-70.775194,-33.42421],[-70.774708,-33.424172],[-70.774342,-33.424319],[-70.773763,-33.424633],[-70.772773,-33.424736],[-70.772198,-33.424956],[-70.771739,-33.424954],[-70.771265,-33.424996],[-70.770615,-33.425165],[-70.769806,-33.425344],[-70.768923,-33.425463],[-70.768672,-33.425591],[-70.768392,-33.425816],[-70.768186,-33.426076],[-70.767989,-33.426255],[-70.767885,-33.426319],[-70.76777,-33.426356],[-70.767632,-33.426322],[-70.767514,-33.426218],[-70.767406,-33.426069],[-70.767292,-33.425777],[-70.767158,-33.425773],[-70.767004,-33.425804],[-70.766863,-33.425845],[-70.766522,-33.425986],[-70.764737,-33.426949],[-70.763675,-33.42745],[-70.763276,-33.427627],[-70.762968,-33.427739],[-70.762611,-33.427761],[-70.762338,-33.427782],[-70.761736,-33.427783],[-70.761086,-33.427742],[-70.760496,-33.427597],[-70.76008,-33.427514],[-70.758972,-33.427449],[-70.758124,-33.427421],[-70.757307,-33.427384],[-70.756918,-33.427375],[-70.756519,-33.427403],[-70.756095,-33.42746],[-70.755383,-33.427554],[-70.754415,-33.428066],[-70.753358,-33.428175],[-70.752529,-33.428264],[-70.752295,-33.428327],[-70.751749,-33.428656],[-70.750582,-33.429164],[-70.749625,-33.429357],[-70.748994,-33.429568],[-70.748378,-33.429696],[-70.746855,-33.429978],[-70.746707,-33.429989],[-70.743374,-33.429938],[-70.740762,-33.429951],[-70.740813,-33.433793],[-70.740832,-33.434986],[-70.740845,-33.436483],[-70.740598,-33.440371],[-70.740471,-33.441833],[-70.740456,-33.441916],[-70.740527,-33.444708],[-70.740561,-33.445704],[-70.740539,-33.445795],[-70.740508,-33.445873],[-70.740418,-33.445976],[-70.7396,-33.446521],[-70.739517,-33.446609],[-70.739483,-33.446688],[-70.739309,-33.448655],[-70.739178,-33.450318],[-70.739004,-33.452562],[-70.738904,-33.453545],[-70.731027,-33.455063],[-70.731138,-33.467713],[-70.731164,-33.468229],[-70.731568,-33.468479],[-70.731959,-33.46869],[-70.733194,-33.469421],[-70.733479,-33.469594],[-70.733635,-33.469556],[-70.733868,-33.469588],[-70.734036,-33.469557],[-70.734127,-33.469485],[-70.734263,-33.469457],[-70.734468,-33.469405],[-70.734571,-33.469387],[-70.734722,-33.469356],[-70.73481,-33.469323],[-70.734998,-33.469265],[-70.735097,-33.469225],[-70.735312,-33.469163],[-70.735582,-33.469077],[-70.735818,-33.468996],[-70.736025,-33.468937],[-70.736259,-33.468882],[-70.736492,-33.468813],[-70.736615,-33.46876],[-70.736791,-33.468694],[-70.737173,-33.468702],[-70.73729,-33.468699],[-70.737392,-33.468612],[-70.737481,-33.468542],[-70.73759,-33.468475],[-70.737711,-33.468402],[-70.739542,-33.468076],[-70.739646,-33.468052],[-70.739797,-33.468016],[-70.740003,-33.467987],[-70.740146,-33.467979],[-70.740271,-33.467949],[-70.740401,-33.467919],[-70.740517,-33.467897],[-70.740681,-33.46786],[-70.740857,-33.467821],[-70.741007,-33.467797],[-70.741143,-33.467785],[-70.741259,-33.467767],[-70.741694,-33.467681],[-70.741834,-33.46766],[-70.741986,-33.467623],[-70.742077,-33.467614],[-70.742215,-33.467597],[-70.742482,-33.467561],[-70.742614,-33.467529],[-70.742721,-33.46752],[-70.742824,-33.467513],[-70.742915,-33.46749],[-70.743104,-33.467453],[-70.743266,-33.467412],[-70.7434,-33.467397],[-70.743523,-33.467379],[-70.743623,-33.467351],[-70.743884,-33.467308],[-70.74401,-33.467286],[-70.744141,-33.467271],[-70.744472,-33.467213],[-70.744788,-33.467147],[-70.745115,-33.467094],[-70.745427,-33.467043],[-70.745683,-33.466995],[-70.74587,-33.466952],[-70.746025,-33.466933],[-70.746167,-33.466901],[-70.746566,-33.466826],[-70.746653,-33.466816],[-70.746985,-33.466772],[-70.747206,-33.466722],[-70.747383,-33.466687],[-70.74753,-33.466666],[-70.747747,-33.466623],[-70.747875,-33.466593],[-70.747996,-33.466575],[-70.74812,-33.466557],[-70.748259,-33.466533],[-70.748463,-33.466494],[-70.748558,-33.466469],[-70.748681,-33.466449],[-70.74877,-33.466443],[-70.74894,-33.466416],[-70.749146,-33.466373],[-70.749378,-33.46634],[-70.749544,-33.466297],[-70.74966,-33.46628],[-70.749759,-33.466247],[-70.749907,-33.466233],[-70.750538,-33.466111],[-70.75075,-33.466079],[-70.75092,-33.466035],[-70.75112,-33.466008],[-70.751372,-33.465973],[-70.751513,-33.465961],[-70.75168,-33.465917],[-70.751877,-33.465881],[-70.751999,-33.46584],[-70.752174,-33.465825],[-70.752345,-33.465803],[-70.752463,-33.465779],[-70.752666,-33.465738],[-70.753644,-33.465582],[-70.754402,-33.465441],[-70.754705,-33.465399],[-70.754872,-33.465362],[-70.755104,-33.465317],[-70.755349,-33.465269],[-70.755504,-33.465255],[-70.755729,-33.465217],[-70.756175,-33.465136],[-70.756541,-33.465061],[-70.75697,-33.464977],[-70.757093,-33.464953],[-70.757285,-33.464932],[-70.757459,-33.464895],[-70.757629,-33.464856],[-70.757828,-33.464835],[-70.757996,-33.464799],[-70.758335,-33.464752],[-70.760114,-33.464454],[-70.762942,-33.46396],[-70.764456,-33.459217],[-70.778868,-33.458348],[-70.778883,-33.462411],[-70.78053,-33.462343],[-70.781835,-33.462442],[-70.793145,-33.460562],[-70.796447,-33.460553],[-70.798678,-33.46052],[-70.798734,-33.463212],[-70.809042,-33.462341],[-70.809188,-33.46246],[-70.809626,-33.462755],[-70.810069,-33.463291],[-70.810727,-33.463824],[-70.81167,-33.464172],[-70.812692,-33.464881],[-70.813643,-33.465651],[-70.813717,-33.46577],[-70.81415,-33.465824],[-70.814874,-33.466055],[-70.81581,-33.466101],[-70.817038,-33.466324],[-70.818697,-33.466541],[-70.820354,-33.466637],[-70.821147,-33.466746],[-70.821366,-33.466864],[-70.821945,-33.467036],[-70.822667,-33.467146],[-70.823248,-33.467439],[-70.824473,-33.467542],[-70.825629,-33.467766],[-70.827427,-33.467739],[-70.828348,-33.467062],[-70.829049,-33.466208],[-70.829758,-33.465715],[-70.830254,-33.465346],[-70.830973,-33.465335],[-70.831626,-33.465567],[-70.833031,-33.465697],[-70.83498,-33.466],[-70.83679,-33.466546],[-70.838235,-33.466856],[-70.840151,-33.46728],[-70.840986,-33.467659],[-70.842075,-33.468125],[-70.842587,-33.46854],[-70.84465,-33.474222],[-70.844982,-33.474609],[-70.845609,-33.475353],[-70.846349,-33.476307],[-70.84723,-33.477138],[-70.848152,-33.478179],[-70.848954,-33.47868],[-70.849905,-33.479449],[-70.851568,-33.479816],[-70.853657,-33.479906],[-70.854843,-33.479888],[-70.855094,-33.479854],[-70.85592,-33.479781],[-70.856999,-33.479735],[-70.858041,-33.479689],[-70.859369,-33.479549],[-70.860552,-33.47935],[-70.861592,-33.479214],[-70.862633,-33.479108],[-70.862812,-33.479075],[-70.863241,-33.478918],[-70.864134,-33.478633],[-70.864416,-33.478358],[-70.864522,-33.478296],[-70.865059,-33.478137],[-70.865703,-33.477976],[-70.866528,-33.477874],[-70.867388,-33.47771],[-70.868393,-33.477604],[-70.87037,-33.477544],[-70.871341,-33.47753],[-70.871846,-33.477582],[-70.872387,-33.477665],[-70.872751,-33.47787],[-70.873225,-33.478134],[-70.87352,-33.478461],[-70.874031,-33.478815],[-70.875165,-33.479135],[-70.875849,-33.47912],[-70.87671,-33.479322],[-70.878434,-33.479727],[-70.879813,-33.480065],[-70.881536,-33.48047],[-70.882745,-33.480883],[-70.883523,-33.481159],[-70.884985,-33.481352],[-70.886016,-33.48148],[-70.886702,-33.481469],[-70.887897,-33.481236],[-70.889003,-33.48086],[-70.889683,-33.480562],[-70.890107,-33.48034],[-70.890867,-33.479825],[-70.892059,-33.479448],[-70.893253,-33.479142],[-70.893426,-33.479211],[-70.894799,-33.479262],[-70.89523,-33.479399],[-70.896089,-33.479458],[-70.896697,-33.479808],[-70.897387,-33.480013],[-70.897995,-33.480363],[-70.899033,-33.480778],[-70.899902,-33.48134],[-70.902412,-33.482415],[-70.903099,-33.482476],[-70.904047,-33.482677],[-70.904134,-33.482747],[-70.904909,-33.482879],[-70.90534,-33.483016],[-70.906029,-33.483149],[-70.90697,-33.483063],[-70.907999,-33.483047],[-70.908246,-33.483012],[-70.908686,-33.483108],[-70.909189,-33.483168],[-70.909568,-33.483307],[-70.909717,-33.483672],[-70.909865,-33.483998],[-70.910029,-33.484324],[-70.910065,-33.484546],[-70.91023,-33.484911],[-70.910354,-33.485579],[-70.910253,-33.485961],[-70.910474,-33.486457],[-70.910307,-33.486676],[-70.910141,-33.486894],[-70.910061,-33.487182],[-70.909896,-33.487472],[-70.909731,-33.487762],[-70.909895,-33.488225],[-70.909997,-33.48859],[-70.910441,-33.488807],[-70.910846,-33.488709],[-70.911236,-33.488611],[-70.911656,-33.488512],[-70.911861,-33.488536],[-70.912396,-33.488659],[-70.912711,-33.488719],[-70.913378,-33.48842],[-70.913548,-33.488313],[-70.913688,-33.488297],[-70.913938,-33.488241],[-70.914191,-33.488381],[-70.914613,-33.488335],[-70.915005,-33.488343],[-70.915473,-33.488243],[-70.916471,-33.488018],[-70.917311,-33.487742],[-70.917632,-33.487422],[-70.918024,-33.487429],[-70.918354,-33.487451],[-70.91864,-33.487364],[-70.918873,-33.487361],[-70.919059,-33.487189],[-70.919307,-33.486947],[-70.919686,-33.486861],[-70.920047,-33.486926],[-70.920386,-33.486974],[-70.92093,-33.486744],[-70.921835,-33.486562],[-70.923607,-33.487005],[-70.925923,-33.484156],[-70.933876,-33.474369],[-70.939554,-33.474091],[-70.950312,-33.468115],[-70.953194,-33.461045],[-70.951822,-33.456689],[-70.952714,-33.452982],[-70.95713,-33.447664],[-70.957686,-33.439846],[-70.952912,-33.433708],[-70.949615,-33.419007],[-70.950959,-33.417209],[-70.955024,-33.409602],[-70.952487,-33.40461],[-70.954665,-33.398539],[-70.953046,-33.391959],[-70.951648,-33.382927],[-70.951706,-33.382893],[-70.944932,-33.382359],[-70.942072,-33.380824],[-70.937423,-33.379711],[-70.932608,-33.378852],[-70.926541,-33.37557],[-70.923247,-33.373753],[-70.91588,-33.3697],[-70.910239,-33.366128],[-70.907755,-33.366094],[-70.904856,-33.366642],[-70.901119,-33.368064],[-70.895164,-33.373759],[-70.894071,-33.37471],[-70.892361,-33.374808],[-70.891419,-33.374822],[-70.890303,-33.374695],[-70.888497,-33.374328],[-70.887204,-33.373916],[-70.885661,-33.373868],[-70.884299,-33.374248],[-70.883112,-33.374769],[-70.881923,-33.375218],[-70.880813,-33.375378],[-70.87987,-33.375321],[-70.878411,-33.375199],[-70.877548,-33.374853],[-70.876846,-33.374073],[-70.876318,-33.373435],[-70.875372,-33.373234],[-70.874186,-33.373826],[-70.873005,-33.374634],[-70.870621,-33.375317],[-70.869767,-33.375402],[-70.868824,-33.375344],[-70.867711,-33.375361],[-70.866682,-33.375304],[-70.865314,-33.375397],[-70.863776,-33.375564],[-70.861642,-33.375883],[-70.860444,-33.375901],[-70.85943,-33.376563],[-70.857813,-33.377018],[-70.856456,-33.377613],[-70.855954,-33.378195],[-70.854332,-33.378435],[-70.853487,-33.378951],[-70.852386,-33.379542],[-70.851625,-33.379984],[-70.850692,-33.380429],[-70.849335,-33.381024],[-70.848229,-33.3814],[-70.847886,-33.381653],[-70.847475,-33.381824],[-70.846976,-33.382022],[-70.846447,-33.382229],[-70.845175,-33.382736],[-70.844804,-33.382924],[-70.844268,-33.383238],[-70.844035,-33.383415],[-70.843704,-33.383644],[-70.843025,-33.384023],[-70.841503,-33.384518],[-70.840293,-33.384782],[-70.840015,-33.384865],[-70.839771,-33.384944],[-70.839534,-33.385126],[-70.839363,-33.385227],[-70.839232,-33.385198],[-70.838777,-33.384987],[-70.837989,-33.384755],[-70.837549,-33.384538],[-70.837435,-33.384451],[-70.837348,-33.384326],[-70.837307,-33.38419],[-70.837265,-33.384055],[-70.837178,-33.383934],[-70.837119,-33.383804],[-70.837049,-33.383664],[-70.837042,-33.383566],[-70.837044,-33.383406],[-70.837103,-33.383293],[-70.837223,-33.383127],[-70.837349,-33.383017],[-70.837419,-33.382899],[-70.837349,-33.382769],[-70.837259,-33.382709],[-70.837151,-33.382636],[-70.836999,-33.382596],[-70.836869,-33.382527],[-70.836716,-33.382434],[-70.836587,-33.382393],[-70.836435,-33.382358],[-70.836265,-33.382257],[-70.836073,-33.382166],[-70.835853,-33.382043],[-70.835651,-33.382004],[-70.835511,-33.381992],[-70.83528,-33.38193],[-70.835133,-33.381861],[-70.834958,-33.381751],[-70.834738,-33.38167],[-70.834597,-33.381621],[-70.834439,-33.381529],[-70.834354,-33.381465],[-70.834258,-33.381424],[-70.834084,-33.381399],[-70.83395,-33.381401],[-70.833726,-33.381399],[-70.833524,-33.381346],[-70.833366,-33.381287],[-70.83322,-33.381252],[-70.833096,-33.381202],[-70.832944,-33.381153],[-70.832831,-33.381075],[-70.832768,-33.381001],[-70.83262,-33.380869],[-70.832534,-33.380795],[-70.832438,-33.380745],[-70.832397,-33.380657],[-70.832367,-33.380559],[-70.832332,-33.380461],[-70.832368,-33.380338],[-70.832444,-33.380225],[-70.832554,-33.38012],[-70.83263,-33.380025],[-70.832701,-33.37993],[-70.832743,-33.379798],[-70.832683,-33.37964],[-70.832625,-33.379528],[-70.832529,-33.379473],[-70.832381,-33.379335],[-70.832407,-33.379236],[-70.8325,-33.379178],[-70.832617,-33.37913],[-70.832792,-33.378968],[-70.832773,-33.378851],[-70.832726,-33.378734],[-70.832629,-33.378637],[-70.832498,-33.378531],[-70.832384,-33.378444],[-70.832304,-33.378346],[-70.832235,-33.378254],[-70.832221,-33.378141],[-70.83222,-33.378014],[-70.832168,-33.377909],[-70.832059,-33.377795],[-70.831938,-33.377692],[-70.831829,-33.377609],[-70.831677,-33.377511],[-70.831512,-33.377451],[-70.831398,-33.377395],[-70.831259,-33.377339],[-70.831107,-33.377272],[-70.830942,-33.377206],[-70.83081,-33.377166],[-70.830689,-33.377084],[-70.830511,-33.376987],[-70.830258,-33.376869],[-70.830054,-33.376746],[-70.829902,-33.376638],[-70.82966,-33.376489],[-70.82947,-33.376381],[-70.829348,-33.376262],[-70.829258,-33.376142],[-70.82923,-33.376016],[-70.829207,-33.375819],[-70.829216,-33.375677],[-70.829219,-33.375482],[-70.829215,-33.375319],[-70.829206,-33.375156],[-70.829146,-33.374999],[-70.829074,-33.374858],[-70.829033,-33.374695],[-70.828947,-33.37447],[-70.828843,-33.374314],[-70.828716,-33.374237],[-70.828539,-33.374171],[-70.828399,-33.374104],[-70.828289,-33.373948],[-70.828262,-33.373812],[-70.828265,-33.373683],[-70.828282,-33.373588],[-70.82831,-33.37344],[-70.828326,-33.373271],[-70.828328,-33.373087],[-70.828255,-33.37292],[-70.828146,-33.3728],[-70.828035,-33.372602],[-70.82792,-33.372467],[-70.827778,-33.37229],[-70.82763,-33.372102],[-70.827533,-33.371993],[-70.827413,-33.371916],[-70.827298,-33.371818],[-70.827171,-33.371746],[-70.827044,-33.371685],[-70.826935,-33.371563],[-70.826864,-33.37149],[-70.826687,-33.371414],[-70.826528,-33.371332],[-70.826321,-33.371293],[-70.82624,-33.371341],[-70.826128,-33.37138],[-70.825934,-33.371388],[-70.825782,-33.371348],[-70.825663,-33.37136],[-70.825475,-33.371342],[-70.825343,-33.371323],[-70.825065,-33.371253],[-70.824863,-33.371193],[-70.824743,-33.371132],[-70.824598,-33.371097],[-70.824546,-33.371029],[-70.824493,-33.370909],[-70.824516,-33.370803],[-70.824577,-33.370702],[-70.824581,-33.370576],[-70.824501,-33.370388],[-70.824437,-33.370305],[-70.824372,-33.370216],[-70.824345,-33.370122],[-70.824242,-33.369997],[-70.824135,-33.369956],[-70.824014,-33.369879],[-70.823912,-33.369802],[-70.823816,-33.369703],[-70.823751,-33.369593],[-70.823704,-33.369439],[-70.823639,-33.369345],[-70.823599,-33.36923],[-70.823572,-33.36913],[-70.823543,-33.368978],[-70.823445,-33.368769],[-70.82338,-33.368644],[-70.823262,-33.368419],[-70.823138,-33.368189],[-70.823126,-33.367926],[-70.823092,-33.367774],[-70.822981,-33.36757],[-70.822896,-33.367419],[-70.82283,-33.367244],[-70.822803,-33.367149],[-70.822699,-33.366967],[-70.82257,-33.366811],[-70.822504,-33.366638],[-70.822444,-33.366497],[-70.822435,-33.366376],[-70.822452,-33.366265],[-70.822487,-33.366143],[-70.822483,-33.365959],[-70.82244,-33.365702],[-70.822393,-33.36555],[-70.822289,-33.365357],[-70.822173,-33.365243],[-70.82209,-33.365165],[-70.822001,-33.365079],[-70.821923,-33.364991],[-70.821739,-33.364873],[-70.821637,-33.364774],[-70.821572,-33.364701],[-70.821539,-33.364591],[-70.821531,-33.364497],[-70.821508,-33.364323],[-70.821467,-33.364166],[-70.821384,-33.364073],[-70.821287,-33.363964],[-70.821235,-33.363843],[-70.82115,-33.363713],[-70.821098,-33.363608],[-70.821021,-33.36351],[-70.820924,-33.36339],[-70.820853,-33.363312],[-70.820814,-33.363228],[-70.820724,-33.363098],[-70.820646,-33.36301],[-70.820564,-33.362958],[-70.820488,-33.362912],[-70.820393,-33.362871],[-70.820297,-33.36281],[-70.820189,-33.362753],[-70.820088,-33.362713],[-70.819999,-33.362661],[-70.819954,-33.362599],[-70.819858,-33.3625],[-70.819776,-33.36247],[-70.819663,-33.362456],[-70.81955,-33.362484],[-70.819419,-33.362507],[-70.819338,-33.36255],[-70.819203,-33.362694],[-70.819086,-33.362769],[-70.818917,-33.362777],[-70.818765,-33.362711],[-70.818562,-33.362619],[-70.818341,-33.362538],[-70.818163,-33.362441],[-70.818004,-33.362343],[-70.817833,-33.362251],[-70.817706,-33.362184],[-70.817597,-33.362054],[-70.817526,-33.361961],[-70.817443,-33.361883],[-70.817316,-33.361806],[-70.817177,-33.361755],[-70.817051,-33.361725],[-70.816938,-33.361714],[-70.816838,-33.361742],[-70.816738,-33.361754],[-70.816613,-33.361782],[-70.816462,-33.361771],[-70.816311,-33.361747],[-70.816172,-33.361707],[-70.816077,-33.361661],[-70.816018,-33.361556],[-70.815929,-33.361484],[-70.815871,-33.361406],[-70.815801,-33.361354],[-70.815694,-33.361335],[-70.815587,-33.361305],[-70.815403,-33.361239],[-70.815277,-33.361167],[-70.815181,-33.3611],[-70.81508,-33.361044],[-70.814959,-33.360988],[-70.814895,-33.360925],[-70.814838,-33.360868],[-70.814773,-33.360785],[-70.814703,-33.360712],[-70.814608,-33.360672],[-70.814537,-33.36061],[-70.814467,-33.360542],[-70.814421,-33.360443],[-70.814376,-33.36037],[-70.81428,-33.360276],[-70.814204,-33.360241],[-70.814052,-33.360175],[-70.813888,-33.360151],[-70.813712,-33.360122],[-70.813598,-33.360076],[-70.813509,-33.360035],[-70.813415,-33.36001],[-70.813314,-33.359991],[-70.813214,-33.359997],[-70.813088,-33.359994],[-70.812906,-33.359991],[-70.812805,-33.359945],[-70.812697,-33.359894],[-70.812558,-33.359833],[-70.812318,-33.359758],[-70.812204,-33.359707],[-70.812016,-33.359642],[-70.811782,-33.359548],[-70.811548,-33.359486],[-70.811236,-33.359393],[-70.810965,-33.359259],[-70.810901,-33.359186],[-70.810855,-33.359087],[-70.810878,-33.35896],[-70.810882,-33.358881],[-70.810893,-33.358786],[-70.810947,-33.358691],[-70.811015,-33.358606],[-70.811062,-33.358485],[-70.811122,-33.35832],[-70.811107,-33.358209],[-70.810973,-33.358111],[-70.810907,-33.357965],[-70.810892,-33.357849],[-70.810808,-33.357724],[-70.810799,-33.35759],[-70.810728,-33.357475],[-70.810614,-33.357451],[-70.810457,-33.357422],[-70.810349,-33.35737],[-70.810185,-33.357315],[-70.809925,-33.357198],[-70.809711,-33.357122],[-70.809552,-33.357045],[-70.809488,-33.356994],[-70.809443,-33.35692],[-70.809397,-33.356805],[-70.809338,-33.356696],[-70.809285,-33.356581],[-70.809201,-33.35645],[-70.809155,-33.356335],[-70.809153,-33.35623],[-70.809145,-33.356141],[-70.809093,-33.356062],[-70.809023,-33.356016],[-70.808934,-33.355959],[-70.808851,-33.355892],[-70.808724,-33.355836],[-70.808566,-33.35577],[-70.808451,-33.355656],[-70.80838,-33.355583],[-70.808303,-33.355495],[-70.808214,-33.355425],[-70.808175,-33.355352],[-70.808072,-33.355222],[-70.807989,-33.355176],[-70.807848,-33.35503],[-70.807731,-33.354832],[-70.807647,-33.354712],[-70.807537,-33.354514],[-70.807452,-33.354373],[-70.807425,-33.354273],[-70.807384,-33.354116],[-70.807343,-33.353943],[-70.80729,-33.353791],[-70.807174,-33.353635],[-70.807006,-33.353414],[-70.806954,-33.35333],[-70.806846,-33.353269],[-70.806714,-33.353223],[-70.80653,-33.353157],[-70.806309,-33.353055],[-70.8061,-33.352953],[-70.805909,-33.352856],[-70.805751,-33.352785],[-70.805568,-33.352745],[-70.805411,-33.35271],[-70.805265,-33.352639],[-70.805126,-33.352562],[-70.805062,-33.35251],[-70.804998,-33.352432],[-70.804921,-33.352349],[-70.80485,-33.352261],[-70.804785,-33.352177],[-70.804708,-33.352094],[-70.804619,-33.352022],[-70.804542,-33.351955],[-70.804416,-33.351888],[-70.804308,-33.351821],[-70.804237,-33.351754],[-70.804154,-33.351687],[-70.804083,-33.351598],[-70.804051,-33.351525],[-70.803999,-33.351452],[-70.803991,-33.351378],[-70.803983,-33.351289],[-70.803962,-33.351205],[-70.803922,-33.351085],[-70.803814,-33.350852],[-70.801769,-33.348967],[-70.770908,-33.373654],[-70.764819,-33.377095],[-70.763329,-33.378204],[-70.760985,-33.379869],[-70.759781,-33.38067],[-70.759535,-33.380831],[-70.759312,-33.380939],[-70.758089,-33.381521],[-70.757887,-33.381636],[-70.757719,-33.381736],[-70.757511,-33.381916],[-70.756245,-33.383178]]]}},{"type":"Feature","properties":{"AREA":55115015.62536,"PERIMETER":34158.71115,"COMUNAS_":8,"COMUNAS_ID":16,"COMUNA":"QUILICURA","COD_VNR":13125,"CENTRO":"CENTRO_PONIENTE","COD_CENTRO":1,"RURALIDAD":"U","CLIENTESTOTAL":"71806","CLIENTESAFECTADOS":"43","PORCENTAJE":"   0.1","TIPO":"COMUNA"},"geometry":{"type":"Polygon","coordinates":[[[-70.718589,-33.325324],[-70.708081,-33.322557],[-70.709741,-33.32002],[-70.710042,-33.319799],[-70.710523,-33.319576],[-70.710809,-33.319414],[-70.711078,-33.319174],[-70.71122,-33.318857],[-70.711261,-33.318521],[-70.710947,-33.317258],[-70.71101,-33.316915],[-70.710677,-33.317091],[-70.710334,-33.317148],[-70.709912,-33.317154],[-70.709502,-33.316976],[-70.709114,-33.316751],[-70.708815,-33.316637],[-70.708485,-33.316596],[-70.707657,-33.31664],[-70.707157,-33.316666],[-70.706808,-33.316855],[-70.706613,-33.317252],[-70.706678,-33.317402],[-70.706824,-33.31763],[-70.706945,-33.317838],[-70.707052,-33.3181],[-70.707087,-33.318316],[-70.70706,-33.318533],[-70.69486,-33.32009],[-70.68161,-33.326059],[-70.679322,-33.33026],[-70.680769,-33.335495],[-70.684301,-33.339593],[-70.686899,-33.342101],[-70.68807,-33.343091],[-70.68789,-33.345406],[-70.687912,-33.346436],[-70.688391,-33.347781],[-70.689802,-33.348406],[-70.691471,-33.35079],[-70.692719,-33.3528],[-70.692647,-33.353005],[-70.692466,-33.353668],[-70.692174,-33.355207],[-70.691944,-33.356261],[-70.691739,-33.356997],[-70.691015,-33.359064],[-70.690509,-33.360463],[-70.690156,-33.361501],[-70.68975,-33.36269],[-70.689577,-33.363256],[-70.689405,-33.363863],[-70.689215,-33.365254],[-70.689178,-33.366111],[-70.690539,-33.366014],[-70.691974,-33.365915],[-70.694387,-33.365908],[-70.698262,-33.365904],[-70.699381,-33.365953],[-70.699713,-33.366002],[-70.700258,-33.366163],[-70.696585,-33.374355],[-70.69375,-33.380728],[-70.695034,-33.381114],[-70.694452,-33.382612],[-70.695483,-33.382831],[-70.695583,-33.382524],[-70.69852,-33.383048],[-70.698857,-33.383083],[-70.699209,-33.383092],[-70.699832,-33.383056],[-70.700296,-33.383064],[-70.700762,-33.383151],[-70.701853,-33.383364],[-70.702523,-33.383274],[-70.703901,-33.38339],[-70.705684,-33.385405],[-70.706338,-33.386147],[-70.707306,-33.386563],[-70.707899,-33.387414],[-70.70817,-33.388189],[-70.710954,-33.39061],[-70.712851,-33.390351],[-70.715691,-33.3916],[-70.717667,-33.392861],[-70.721333,-33.392193],[-70.722305,-33.392797],[-70.723308,-33.391763],[-70.726765,-33.391849],[-70.728408,-33.392444],[-70.730003,-33.392207],[-70.730703,-33.391982],[-70.733496,-33.392507],[-70.736586,-33.393347],[-70.739092,-33.390223],[-70.741087,-33.389321],[-70.745394,-33.389436],[-70.748329,-33.390385],[-70.749862,-33.390655],[-70.75038,-33.390443],[-70.750646,-33.390197],[-70.750764,-33.389983],[-70.750887,-33.38957],[-70.750908,-33.389333],[-70.751806,-33.385715],[-70.756245,-33.383178],[-70.757511,-33.381916],[-70.757719,-33.381736],[-70.757887,-33.381636],[-70.758089,-33.381521],[-70.759312,-33.380939],[-70.759535,-33.380831],[-70.759781,-33.38067],[-70.760985,-33.379869],[-70.763329,-33.378204],[-70.764819,-33.377095],[-70.770908,-33.373654],[-70.801769,-33.348967],[-70.799868,-33.34838],[-70.799285,-33.348446],[-70.798825,-33.348099],[-70.798374,-33.34752],[-70.79779,-33.347122],[-70.797463,-33.346707],[-70.797065,-33.345746],[-70.796515,-33.344787],[-70.795248,-33.344335],[-70.794734,-33.344393],[-70.79479,-33.344927],[-70.718589,-33.325324]]]}},{"type":"Feature","properties":{"AREA":11876123.71449,"PERIMETER":17219.75598,"COMUNAS_":18,"COMUNAS_ID":12,"COMUNA":"QUINTA_NORMAL","COD_VNR":13126,"CENTRO":"CENTRO_PONIENTE","COD_CENTRO":1,"RURALIDAD":"U","CLIENTESTOTAL":"46719","CLIENTESAFECTADOS":"13","PORCENTAJE":"   0.0","TIPO":"COMUNA"},"geometry":{"type":"Polygon","coordinates":[[[-70.671361,-33.426401],[-70.671527,-33.426966],[-70.671732,-33.42776],[-70.671769,-33.428114],[-70.671781,-33.428357],[-70.672083,-33.428268],[-70.674908,-33.427325],[-70.675639,-33.4271],[-70.676053,-33.426972],[-70.676448,-33.426885],[-70.6769,-33.426841],[-70.677189,-33.426853],[-70.677656,-33.426895],[-70.678021,-33.426969],[-70.67836,-33.427084],[-70.679093,-33.4274],[-70.67928,-33.427487],[-70.679511,-33.427638],[-70.67982,-33.427926],[-70.680107,-33.428243],[-70.680265,-33.428473],[-70.680368,-33.428661],[-70.680493,-33.428911],[-70.680553,-33.429111],[-70.680628,-33.429493],[-70.680669,-33.429882],[-70.680583,-33.430965],[-70.680526,-33.431985],[-70.680498,-33.43229],[-70.680471,-33.432973],[-70.680487,-33.433195],[-70.68043,-33.433806],[-70.680254,-33.435779],[-70.680241,-33.435889],[-70.680115,-33.437455],[-70.680027,-33.438487],[-70.68111,-33.438554],[-70.681221,-33.437547],[-70.6826,-33.437628],[-70.682488,-33.438649],[-70.684197,-33.438764],[-70.68512,-33.438828],[-70.686522,-33.438924],[-70.688417,-33.439051],[-70.690701,-33.439207],[-70.690986,-33.439222],[-70.691371,-33.439268],[-70.691606,-33.439298],[-70.691532,-33.4396],[-70.691455,-33.439855],[-70.691442,-33.440151],[-70.691481,-33.440404],[-70.69181,-33.444523],[-70.69205,-33.448039],[-70.694766,-33.447911],[-70.696174,-33.447839],[-70.697921,-33.447746],[-70.698245,-33.447756],[-70.700274,-33.44801],[-70.701455,-33.448159],[-70.704191,-33.448499],[-70.707056,-33.448864],[-70.707201,-33.447857],[-70.707281,-33.446128],[-70.707309,-33.442772],[-70.707303,-33.441633],[-70.707232,-33.441458],[-70.707163,-33.440394],[-70.707038,-33.438616],[-70.707015,-33.438102],[-70.708033,-33.43811],[-70.708959,-33.438151],[-70.710183,-33.438175],[-70.710813,-33.438173],[-70.717008,-33.437304],[-70.718372,-33.437123],[-70.718487,-33.437096],[-70.721488,-33.436658],[-70.72119,-33.435266],[-70.720472,-33.431882],[-70.720211,-33.430655],[-70.719957,-33.429684],[-70.719681,-33.428685],[-70.719235,-33.426872],[-70.718904,-33.425653],[-70.71856,-33.424328],[-70.718451,-33.424088],[-70.718054,-33.422483],[-70.718052,-33.422366],[-70.717755,-33.421167],[-70.717364,-33.41954],[-70.717159,-33.418599],[-70.716696,-33.416604],[-70.716641,-33.416449],[-70.715823,-33.415151],[-70.716609,-33.414866],[-70.717001,-33.414717],[-70.717242,-33.414583],[-70.71749,-33.414429],[-70.719259,-33.413311],[-70.719561,-33.413182],[-70.720828,-33.412667],[-70.721629,-33.412338],[-70.721928,-33.412161],[-70.722367,-33.411751],[-70.721584,-33.411234],[-70.721157,-33.410864],[-70.721054,-33.410595],[-70.720644,-33.410424],[-70.720055,-33.410385],[-70.719492,-33.410264],[-70.719041,-33.410117],[-70.718566,-33.410147],[-70.718246,-33.410258],[-70.717656,-33.410183],[-70.716996,-33.410075],[-70.716227,-33.40984],[-70.71541,-33.409445],[-70.714846,-33.409172],[-70.71413,-33.408775],[-70.713265,-33.408318],[-70.712852,-33.408168],[-70.712253,-33.40802],[-70.711619,-33.407935],[-70.710612,-33.407886],[-70.708602,-33.407914],[-70.707821,-33.407987],[-70.707299,-33.407932],[-70.70659,-33.407848],[-70.706029,-33.407762],[-70.705063,-33.407869],[-70.704656,-33.407968],[-70.703694,-33.408294],[-70.70255,-33.408872],[-70.701555,-33.409386],[-70.700596,-33.409868],[-70.699862,-33.410409],[-70.699091,-33.410982],[-70.698505,-33.411491],[-70.697733,-33.412001],[-70.696998,-33.412511],[-70.696372,-33.412895],[-70.695857,-33.41323],[-70.695377,-33.413424],[-70.694936,-33.413712],[-70.6942,-33.414191],[-70.693688,-33.414666],[-70.693139,-33.415174],[-70.69274,-33.415711],[-70.692489,-33.416214],[-70.692274,-33.416624],[-70.691981,-33.416909],[-70.691359,-33.41748],[-70.690405,-33.418212],[-70.690114,-33.418591],[-70.6896,-33.418973],[-70.689119,-33.419136],[-70.687716,-33.419749],[-70.687196,-33.419818],[-70.686453,-33.419953],[-70.686121,-33.420114],[-70.685752,-33.420275],[-70.685495,-33.420466],[-70.685166,-33.420783],[-70.6848,-33.421132],[-70.684505,-33.421292],[-70.684138,-33.421548],[-70.68351,-33.421837],[-70.683289,-33.421965],[-70.68292,-33.422127],[-70.682587,-33.422256],[-70.682142,-33.422356],[-70.681734,-33.422455],[-70.681253,-33.422587],[-70.680808,-33.422718],[-70.680142,-33.422946],[-70.679255,-33.42327],[-70.678219,-33.42358],[-70.676575,-33.424304],[-70.675396,-33.425009],[-70.67449,-33.425489],[-70.673499,-33.425891],[-70.671361,-33.426401]]]}},{"type":"Feature","properties":{"AREA":15883607.45016,"PERIMETER":18356.30519,"COMUNAS_":14,"COMUNAS_ID":33,"COMUNA":"RECOLETA","COD_VNR":13127,"CENTRO":"CENTRO_ORIENTE","COD_CENTRO":2,"RURALIDAD":"U","CLIENTESTOTAL":"51634","CLIENTESAFECTADOS":"0","PORCENTAJE":"   0.0","TIPO":"COMUNA"},"geometry":{"type":"Polygon","coordinates":[[[-70.656702,-33.376369],[-70.655753,-33.376725],[-70.653806,-33.37744],[-70.652084,-33.378085],[-70.650897,-33.378528],[-70.64967,-33.378985],[-70.648419,-33.379456],[-70.64439,-33.381016],[-70.643386,-33.381406],[-70.642761,-33.381736],[-70.642134,-33.382076],[-70.641166,-33.382617],[-70.640453,-33.383089],[-70.640307,-33.383297],[-70.639464,-33.383957],[-70.638574,-33.384639],[-70.637528,-33.385412],[-70.636664,-33.386044],[-70.635174,-33.38714],[-70.633908,-33.388083],[-70.633021,-33.388727],[-70.632005,-33.389476],[-70.630736,-33.390414],[-70.629515,-33.391318],[-70.629,-33.391693],[-70.628529,-33.392053],[-70.6277,-33.392647],[-70.627263,-33.392924],[-70.626878,-33.393151],[-70.626239,-33.393496],[-70.624869,-33.394131],[-70.62256,-33.395205],[-70.620777,-33.396023],[-70.619629,-33.396537],[-70.610131,-33.405504],[-70.611521,-33.407591],[-70.613955,-33.408706],[-70.614618,-33.409126],[-70.615773,-33.410596],[-70.61669,-33.411073],[-70.622166,-33.41547],[-70.624592,-33.418029],[-70.630005,-33.42042],[-70.632881,-33.425161],[-70.636166,-33.429537],[-70.636006,-33.429783],[-70.63595,-33.42989],[-70.635945,-33.42997],[-70.636027,-33.430234],[-70.636162,-33.430561],[-70.636186,-33.430929],[-70.635958,-33.432211],[-70.635757,-33.433379],[-70.635315,-33.435768],[-70.638793,-33.434966],[-70.642328,-33.434131],[-70.642731,-33.434046],[-70.645405,-33.43342],[-70.648544,-33.432658],[-70.649598,-33.432417],[-70.651727,-33.431945],[-70.651641,-33.431784],[-70.651617,-33.431659],[-70.651634,-33.431402],[-70.651633,-33.430451],[-70.651439,-33.428691],[-70.651316,-33.427104],[-70.651141,-33.425018],[-70.651001,-33.423394],[-70.650734,-33.421334],[-70.650087,-33.417911],[-70.651736,-33.417634],[-70.652685,-33.417608],[-70.652712,-33.415226],[-70.654325,-33.414897],[-70.654385,-33.412403],[-70.654385,-33.412126],[-70.653506,-33.412115],[-70.653528,-33.409355],[-70.653509,-33.408645],[-70.653439,-33.407213],[-70.653212,-33.406407],[-70.654288,-33.40616],[-70.657161,-33.405331],[-70.657638,-33.402892],[-70.657871,-33.401797],[-70.658141,-33.400595],[-70.658197,-33.400375],[-70.658214,-33.400024],[-70.65813,-33.399649],[-70.657972,-33.399068],[-70.657802,-33.398475],[-70.657486,-33.395839],[-70.657273,-33.393915],[-70.657143,-33.392968],[-70.657177,-33.391961],[-70.657226,-33.391748],[-70.65732,-33.389857],[-70.657344,-33.388649],[-70.657174,-33.387616],[-70.657085,-33.386825],[-70.657132,-33.385543],[-70.65743,-33.383254],[-70.657572,-33.38065],[-70.657699,-33.378815],[-70.657704,-33.378439],[-70.657611,-33.378057],[-70.657088,-33.377047],[-70.656702,-33.376369]]]}},{"type":"Feature","properties":{"AREA":23628936.69748,"PERIMETER":28821.80411,"COMUNAS_":15,"COMUNAS_ID":13,"COMUNA":"RENCA","COD_VNR":13128,"CENTRO":"CENTRO_PONIENTE","COD_CENTRO":1,"RURALIDAD":"U","CLIENTESTOTAL":"47612","CLIENTESAFECTADOS":"2","PORCENTAJE":"   0.0","TIPO":"COMUNA"},"geometry":{"type":"Polygon","coordinates":[[[-70.69375,-33.380728],[-70.693054,-33.382226],[-70.690423,-33.388101],[-70.689581,-33.389902],[-70.689069,-33.391062],[-70.688383,-33.392205],[-70.685921,-33.396317],[-70.681859,-33.403061],[-70.681026,-33.404445],[-70.680783,-33.404865],[-70.680623,-33.405134],[-70.680504,-33.405392],[-70.68041,-33.405632],[-70.680347,-33.405818],[-70.68029,-33.406061],[-70.680218,-33.406409],[-70.679015,-33.415264],[-70.678884,-33.416318],[-70.678772,-33.417062],[-70.678679,-33.417627],[-70.678613,-33.417919],[-70.678495,-33.418255],[-70.678335,-33.418599],[-70.678138,-33.418959],[-70.677813,-33.419398],[-70.677614,-33.419634],[-70.677306,-33.41995],[-70.676989,-33.420236],[-70.676607,-33.420506],[-70.675862,-33.420947],[-70.675487,-33.421173],[-70.675163,-33.421365],[-70.674774,-33.421633],[-70.674374,-33.421996],[-70.673706,-33.422875],[-70.672692,-33.424199],[-70.670986,-33.425648],[-70.671361,-33.426401],[-70.673499,-33.425891],[-70.67449,-33.425489],[-70.675396,-33.425009],[-70.676575,-33.424304],[-70.678219,-33.42358],[-70.679255,-33.42327],[-70.680142,-33.422946],[-70.680808,-33.422718],[-70.681253,-33.422587],[-70.681734,-33.422455],[-70.682142,-33.422356],[-70.682587,-33.422256],[-70.68292,-33.422127],[-70.683289,-33.421965],[-70.68351,-33.421837],[-70.684138,-33.421548],[-70.684505,-33.421292],[-70.6848,-33.421132],[-70.685166,-33.420783],[-70.685495,-33.420466],[-70.685752,-33.420275],[-70.686121,-33.420114],[-70.686453,-33.419953],[-70.687196,-33.419818],[-70.687716,-33.419749],[-70.689119,-33.419136],[-70.6896,-33.418973],[-70.690114,-33.418591],[-70.690405,-33.418212],[-70.691359,-33.41748],[-70.691981,-33.416909],[-70.692274,-33.416624],[-70.692489,-33.416214],[-70.69274,-33.415711],[-70.693139,-33.415174],[-70.693688,-33.414666],[-70.6942,-33.414191],[-70.694936,-33.413712],[-70.695377,-33.413424],[-70.695857,-33.41323],[-70.696372,-33.412895],[-70.696998,-33.412511],[-70.697733,-33.412001],[-70.698505,-33.411491],[-70.699091,-33.410982],[-70.699862,-33.410409],[-70.700596,-33.409868],[-70.701555,-33.409386],[-70.70255,-33.408872],[-70.703694,-33.408294],[-70.704656,-33.407968],[-70.705063,-33.407869],[-70.706029,-33.407762],[-70.70659,-33.407848],[-70.707299,-33.407932],[-70.707821,-33.407987],[-70.708602,-33.407914],[-70.710612,-33.407886],[-70.711619,-33.407935],[-70.712253,-33.40802],[-70.712852,-33.408168],[-70.713265,-33.408318],[-70.71413,-33.408775],[-70.714846,-33.409172],[-70.71541,-33.409445],[-70.716227,-33.40984],[-70.716996,-33.410075],[-70.717656,-33.410183],[-70.718246,-33.410258],[-70.718566,-33.410147],[-70.719041,-33.410117],[-70.719492,-33.410264],[-70.720055,-33.410385],[-70.720644,-33.410424],[-70.721054,-33.410595],[-70.721157,-33.410864],[-70.721584,-33.411234],[-70.722367,-33.411751],[-70.722698,-33.41193],[-70.72329,-33.412083],[-70.724092,-33.412474],[-70.724908,-33.412922],[-70.725764,-33.41329],[-70.726878,-33.413515],[-70.727666,-33.41355],[-70.728751,-33.413509],[-70.729456,-33.413248],[-70.73016,-33.412894],[-70.731281,-33.412558],[-70.732072,-33.412386],[-70.732864,-33.412283],[-70.734204,-33.412172],[-70.735742,-33.412254],[-70.737138,-33.412246],[-70.738633,-33.412375],[-70.739811,-33.41237],[-70.741285,-33.412475],[-70.742241,-33.412393],[-70.743033,-33.412255],[-70.743729,-33.412142],[-70.744211,-33.412124],[-70.744637,-33.412221],[-70.744996,-33.412377],[-70.745288,-33.412568],[-70.745686,-33.41262],[-70.746098,-33.412672],[-70.746438,-33.412587],[-70.746738,-33.412502],[-70.747147,-33.41245],[-70.749105,-33.412411],[-70.750367,-33.412382],[-70.750777,-33.41233],[-70.751655,-33.41241],[-70.752641,-33.412465],[-70.753588,-33.412578],[-70.754316,-33.412694],[-70.754873,-33.412801],[-70.755543,-33.412768],[-70.756133,-33.412817],[-70.756558,-33.412846],[-70.757014,-33.412725],[-70.757473,-33.412718],[-70.758204,-33.412639],[-70.758627,-33.412587],[-70.758942,-33.412582],[-70.759647,-33.412488],[-70.760191,-33.41248],[-70.760671,-33.412596],[-70.761111,-33.412746],[-70.761576,-33.412784],[-70.762027,-33.412766],[-70.762771,-33.412845],[-70.763212,-33.412972],[-70.763722,-33.413287],[-70.764193,-33.413592],[-70.764659,-33.413686],[-70.765096,-33.413658],[-70.765453,-33.413586],[-70.76591,-33.413757],[-70.768323,-33.414324],[-70.769203,-33.414545],[-70.76997,-33.414445],[-70.770579,-33.414381],[-70.770786,-33.414445],[-70.771522,-33.414779],[-70.772184,-33.414703],[-70.772418,-33.414488],[-70.77269,-33.414184],[-70.773179,-33.414077],[-70.773774,-33.413979],[-70.774306,-33.414049],[-70.774762,-33.414154],[-70.775119,-33.41406],[-70.775526,-33.413865],[-70.776134,-33.413756],[-70.77661,-33.413682],[-70.777049,-33.413743],[-70.777695,-33.413943],[-70.778129,-33.414039],[-70.778833,-33.413891],[-70.779538,-33.41381],[-70.780467,-33.413868],[-70.782065,-33.413931],[-70.782328,-33.410025],[-70.782469,-33.407663],[-70.782509,-33.406369],[-70.782497,-33.406204],[-70.782448,-33.405916],[-70.78229,-33.405517],[-70.782201,-33.405324],[-70.782006,-33.40507],[-70.78149,-33.404564],[-70.756245,-33.383178],[-70.751806,-33.385715],[-70.750908,-33.389333],[-70.750887,-33.38957],[-70.750764,-33.389983],[-70.750646,-33.390197],[-70.75038,-33.390443],[-70.749862,-33.390655],[-70.748329,-33.390385],[-70.745394,-33.389436],[-70.741087,-33.389321],[-70.739092,-33.390223],[-70.736586,-33.393347],[-70.733496,-33.392507],[-70.730703,-33.391982],[-70.730003,-33.392207],[-70.728408,-33.392444],[-70.726765,-33.391849],[-70.723308,-33.391763],[-70.722305,-33.392797],[-70.721333,-33.392193],[-70.717667,-33.392861],[-70.715691,-33.3916],[-70.712851,-33.390351],[-70.710954,-33.39061],[-70.70817,-33.388189],[-70.707899,-33.387414],[-70.707306,-33.386563],[-70.706338,-33.386147],[-70.705684,-33.385405],[-70.703901,-33.38339],[-70.702523,-33.383274],[-70.701853,-33.383364],[-70.700762,-33.383151],[-70.700296,-33.383064],[-70.699832,-33.383056],[-70.699209,-33.383092],[-70.698857,-33.383083],[-70.69852,-33.383048],[-70.695583,-33.382524],[-70.695483,-33.382831],[-70.694452,-33.382612],[-70.695034,-33.381114],[-70.69375,-33.380728]]]}},{"type":"Feature","properties":{"AREA":23185516.07983,"PERIMETER":23781.4276,"COMUNAS_":20,"COMUNAS_ID":2,"COMUNA":"SANTIAGO","COD_VNR":13101,"CENTRO":"CENTRO_ORIENTE","COD_CENTRO":2,"RURALIDAD":"U","CLIENTESTOTAL":"281866","CLIENTESAFECTADOS":"9","PORCENTAJE":"   0.0","TIPO":"COMUNA"},"geometry":{"type":"Polygon","coordinates":[[[-70.671361,-33.426401],[-70.670986,-33.425648],[-70.669036,-33.426346],[-70.665826,-33.427487],[-70.66368,-33.428258],[-70.662631,-33.428546],[-70.661241,-33.428892],[-70.660468,-33.42916],[-70.660505,-33.429294],[-70.660006,-33.429495],[-70.659747,-33.429657],[-70.659332,-33.430016],[-70.659012,-33.430212],[-70.656367,-33.430877],[-70.654669,-33.431284],[-70.652724,-33.431725],[-70.651727,-33.431945],[-70.649598,-33.432417],[-70.648544,-33.432658],[-70.645405,-33.43342],[-70.642731,-33.434046],[-70.642328,-33.434131],[-70.638793,-33.434966],[-70.635315,-33.435768],[-70.635336,-33.436538],[-70.635288,-33.436802],[-70.635117,-33.437407],[-70.634934,-33.4381],[-70.634848,-33.438511],[-70.634489,-33.439716],[-70.634363,-33.440155],[-70.633854,-33.441907],[-70.633465,-33.443193],[-70.633405,-33.443465],[-70.632812,-33.445402],[-70.63279,-33.445532],[-70.632232,-33.447341],[-70.632212,-33.447437],[-70.632118,-33.447815],[-70.631496,-33.449872],[-70.631164,-33.450997],[-70.630884,-33.451862],[-70.630823,-33.452122],[-70.630678,-33.45263],[-70.630589,-33.452883],[-70.630457,-33.453391],[-70.630324,-33.453807],[-70.630065,-33.454675],[-70.630008,-33.454804],[-70.629968,-33.454888],[-70.629822,-33.455383],[-70.629737,-33.455678],[-70.629636,-33.456042],[-70.629149,-33.457829],[-70.628509,-33.459971],[-70.626053,-33.46873],[-70.625894,-33.469071],[-70.625706,-33.469258],[-70.625432,-33.469445],[-70.625066,-33.469667],[-70.625354,-33.470137],[-70.625631,-33.470562],[-70.625872,-33.470866],[-70.626079,-33.471083],[-70.626431,-33.471393],[-70.626609,-33.471527],[-70.62681,-33.471668],[-70.626945,-33.471748],[-70.627081,-33.471817],[-70.62747,-33.471972],[-70.628538,-33.472347],[-70.62998,-33.472856],[-70.632527,-33.473769],[-70.634927,-33.474626],[-70.637216,-33.475433],[-70.638057,-33.475749],[-70.638806,-33.475998],[-70.639271,-33.476133],[-70.63977,-33.476269],[-70.640247,-33.476358],[-70.640707,-33.476421],[-70.641355,-33.476469],[-70.641676,-33.476486],[-70.641801,-33.476492],[-70.641935,-33.476508],[-70.642147,-33.476508],[-70.642546,-33.476542],[-70.643109,-33.47657],[-70.644047,-33.476619],[-70.645735,-33.47671],[-70.64686,-33.476747],[-70.647942,-33.476791],[-70.653986,-33.476632],[-70.654909,-33.476566],[-70.655854,-33.476443],[-70.658592,-33.476202],[-70.661907,-33.475911],[-70.66707,-33.476031],[-70.668437,-33.47606],[-70.671608,-33.476133],[-70.671598,-33.476282],[-70.671537,-33.476846],[-70.671552,-33.478609],[-70.680766,-33.478473],[-70.680624,-33.476595],[-70.679258,-33.476532],[-70.678362,-33.476602],[-70.677554,-33.476687],[-70.677061,-33.476694],[-70.676667,-33.476699],[-70.6764,-33.476686],[-70.675997,-33.476749],[-70.675711,-33.476753],[-70.675267,-33.476718],[-70.674544,-33.476612],[-70.67404,-33.476533],[-70.674035,-33.476297],[-70.673562,-33.476038],[-70.673228,-33.475756],[-70.672957,-33.475453],[-70.672889,-33.475252],[-70.672916,-33.475045],[-70.672955,-33.47257],[-70.672973,-33.471189],[-70.673023,-33.470679],[-70.680027,-33.470703],[-70.679049,-33.469335],[-70.678775,-33.464925],[-70.678308,-33.458294],[-70.678047,-33.454563],[-70.67788,-33.452613],[-70.677789,-33.45148],[-70.677773,-33.451298],[-70.677785,-33.450872],[-70.677789,-33.450634],[-70.678941,-33.450893],[-70.679111,-33.449315],[-70.679182,-33.447921],[-70.679535,-33.443883],[-70.680078,-33.443944],[-70.683429,-33.444117],[-70.68409,-33.444136],[-70.687958,-33.444333],[-70.689913,-33.444425],[-70.69181,-33.444523],[-70.691481,-33.440404],[-70.691442,-33.440151],[-70.691455,-33.439855],[-70.691532,-33.4396],[-70.691606,-33.439298],[-70.691371,-33.439268],[-70.690986,-33.439222],[-70.690701,-33.439207],[-70.688417,-33.439051],[-70.686522,-33.438924],[-70.68512,-33.438828],[-70.684197,-33.438764],[-70.682488,-33.438649],[-70.6826,-33.437628],[-70.681221,-33.437547],[-70.68111,-33.438554],[-70.680027,-33.438487],[-70.680115,-33.437455],[-70.680241,-33.435889],[-70.680254,-33.435779],[-70.68043,-33.433806],[-70.680487,-33.433195],[-70.680471,-33.432973],[-70.680498,-33.43229],[-70.680526,-33.431985],[-70.680583,-33.430965],[-70.680669,-33.429882],[-70.680628,-33.429493],[-70.680553,-33.429111],[-70.680493,-33.428911],[-70.680368,-33.428661],[-70.680265,-33.428473],[-70.680107,-33.428243],[-70.67982,-33.427926],[-70.679511,-33.427638],[-70.67928,-33.427487],[-70.679093,-33.4274],[-70.67836,-33.427084],[-70.678021,-33.426969],[-70.677656,-33.426895],[-70.677189,-33.426853],[-70.6769,-33.426841],[-70.676448,-33.426885],[-70.676053,-33.426972],[-70.675639,-33.4271],[-70.674908,-33.427325],[-70.672083,-33.428268],[-70.671781,-33.428357],[-70.671769,-33.428114],[-70.671732,-33.42776],[-70.671527,-33.426966],[-70.671361,-33.426401]]]}},{"type":"Feature","properties":{"AREA":9917719.15786,"PERIMETER":14044.03113,"COMUNAS_":28,"COMUNAS_ID":34,"COMUNA":"SAN_JOAQUIN","COD_VNR":13129,"CENTRO":"CENTRO_PONIENTE","COD_CENTRO":1,"RURALIDAD":"U","CLIENTESTOTAL":"37193","CLIENTESAFECTADOS":"2","PORCENTAJE":"   0.0","TIPO":"COMUNA"},"geometry":{"type":"Polygon","coordinates":[[[-70.625066,-33.469667],[-70.624485,-33.470029],[-70.624357,-33.470123],[-70.624275,-33.470244],[-70.624193,-33.470439],[-70.624099,-33.470773],[-70.623841,-33.471839],[-70.62344,-33.473454],[-70.623052,-33.474986],[-70.622038,-33.478672],[-70.621949,-33.478996],[-70.621553,-33.4805],[-70.620615,-33.484047],[-70.620438,-33.484318],[-70.618552,-33.487235],[-70.618525,-33.487531],[-70.618456,-33.487745],[-70.618343,-33.488253],[-70.618068,-33.489432],[-70.617752,-33.490866],[-70.617619,-33.491508],[-70.617567,-33.491756],[-70.617485,-33.492044],[-70.617246,-33.493062],[-70.61657,-33.496182],[-70.616047,-33.498594],[-70.61544,-33.501299],[-70.614866,-33.503936],[-70.61431,-33.506473],[-70.614018,-33.507805],[-70.613812,-33.508228],[-70.61308,-33.508918],[-70.611553,-33.510394],[-70.611445,-33.511253],[-70.611331,-33.512199],[-70.611224,-33.513097],[-70.614032,-33.513132],[-70.614986,-33.513145],[-70.616026,-33.51341],[-70.617948,-33.513871],[-70.618901,-33.514106],[-70.619365,-33.514235],[-70.619872,-33.514379],[-70.620111,-33.514449],[-70.620373,-33.514566],[-70.620663,-33.514711],[-70.620829,-33.514843],[-70.62239,-33.515555],[-70.624111,-33.51636],[-70.625589,-33.517055],[-70.626737,-33.517573],[-70.626991,-33.517678],[-70.627073,-33.517705],[-70.62717,-33.517728],[-70.627428,-33.51778],[-70.627887,-33.517832],[-70.629251,-33.517976],[-70.630686,-33.518124],[-70.631694,-33.518234],[-70.631906,-33.518257],[-70.634867,-33.518569],[-70.636584,-33.518742],[-70.636752,-33.517098],[-70.637087,-33.51412],[-70.637179,-33.513134],[-70.637898,-33.510003],[-70.638363,-33.50799],[-70.638494,-33.507336],[-70.638502,-33.50722],[-70.638485,-33.507098],[-70.638576,-33.506513],[-70.638708,-33.505577],[-70.638854,-33.504066],[-70.638978,-33.502605],[-70.639121,-33.501167],[-70.639371,-33.498596],[-70.639746,-33.495434],[-70.640212,-33.492127],[-70.640724,-33.488135],[-70.641107,-33.485397],[-70.641339,-33.483685],[-70.641545,-33.482123],[-70.641662,-33.480983],[-70.6418,-33.478845],[-70.641867,-33.477692],[-70.641935,-33.476508],[-70.641801,-33.476492],[-70.641676,-33.476486],[-70.641355,-33.476469],[-70.640707,-33.476421],[-70.640247,-33.476358],[-70.63977,-33.476269],[-70.639271,-33.476133],[-70.638806,-33.475998],[-70.638057,-33.475749],[-70.637216,-33.475433],[-70.634927,-33.474626],[-70.632527,-33.473769],[-70.62998,-33.472856],[-70.628538,-33.472347],[-70.62747,-33.471972],[-70.627081,-33.471817],[-70.626945,-33.471748],[-70.62681,-33.471668],[-70.626609,-33.471527],[-70.626431,-33.471393],[-70.626079,-33.471083],[-70.625872,-33.470866],[-70.625631,-33.470562],[-70.625354,-33.470137],[-70.625066,-33.469667]]]}},{"type":"Feature","properties":{"AREA":9631725.49411,"PERIMETER":13346.90711,"COMUNAS_":31,"COMUNAS_ID":6,"COMUNA":"SAN_MIGUEL","COD_VNR":13130,"CENTRO":"CENTRO_PONIENTE","COD_CENTRO":1,"RURALIDAD":"U","CLIENTESTOTAL":"69209","CLIENTESAFECTADOS":"1","PORCENTAJE":"   0.0","TIPO":"COMUNA"},"geometry":{"type":"Polygon","coordinates":[[[-70.641935,-33.476508],[-70.641867,-33.477692],[-70.6418,-33.478845],[-70.641662,-33.480983],[-70.641545,-33.482123],[-70.641339,-33.483685],[-70.641107,-33.485397],[-70.640724,-33.488135],[-70.640212,-33.492127],[-70.639746,-33.495434],[-70.639371,-33.498596],[-70.639121,-33.501167],[-70.638978,-33.502605],[-70.638854,-33.504066],[-70.638708,-33.505577],[-70.638576,-33.506513],[-70.638485,-33.507098],[-70.638502,-33.50722],[-70.638494,-33.507336],[-70.638363,-33.50799],[-70.637898,-33.510003],[-70.637179,-33.513134],[-70.637087,-33.51412],[-70.636752,-33.517098],[-70.636584,-33.518742],[-70.636569,-33.518895],[-70.636721,-33.518893],[-70.637143,-33.518851],[-70.637437,-33.518822],[-70.6377,-33.518789],[-70.639244,-33.518482],[-70.641004,-33.518124],[-70.641966,-33.517942],[-70.644577,-33.517407],[-70.653517,-33.515645],[-70.658073,-33.514741],[-70.659207,-33.51438],[-70.662306,-33.513442],[-70.670419,-33.510997],[-70.670733,-33.510897],[-70.670997,-33.510794],[-70.670043,-33.508797],[-70.667933,-33.504354],[-70.6663,-33.50087],[-70.666104,-33.500445],[-70.664475,-33.496964],[-70.663739,-33.495365],[-70.662715,-33.493198],[-70.661793,-33.491241],[-70.660157,-33.48776],[-70.659469,-33.486293],[-70.658209,-33.483598],[-70.65624,-33.47941],[-70.655392,-33.477597],[-70.655149,-33.47708],[-70.654909,-33.476566],[-70.653986,-33.476632],[-70.647942,-33.476791],[-70.64686,-33.476747],[-70.645735,-33.47671],[-70.644047,-33.476619],[-70.643109,-33.47657],[-70.642546,-33.476542],[-70.642147,-33.476508],[-70.641935,-33.476508]]]}},{"type":"Feature","properties":{"AREA":6240831.87788,"PERIMETER":11667.79302,"COMUNAS_":37,"COMUNAS_ID":35,"COMUNA":"SAN_RAMON","COD_VNR":13131,"CENTRO":"CENTRO_PONIENTE","COD_CENTRO":1,"RURALIDAD":"U","CLIENTESTOTAL":"21190","CLIENTESAFECTADOS":"0","PORCENTAJE":"   0.0","TIPO":"COMUNA"},"geometry":{"type":"Polygon","coordinates":[[[-70.644577,-33.517407],[-70.641966,-33.517942],[-70.641004,-33.518124],[-70.639244,-33.518482],[-70.6377,-33.518789],[-70.637437,-33.518822],[-70.637143,-33.518851],[-70.636721,-33.518893],[-70.636569,-33.518895],[-70.636412,-33.520385],[-70.636279,-33.521246],[-70.636146,-33.522621],[-70.635981,-33.524029],[-70.635795,-33.52566],[-70.635619,-33.527364],[-70.635441,-33.528975],[-70.63505,-33.530616],[-70.634829,-33.532156],[-70.634559,-33.534205],[-70.634501,-33.535535],[-70.634414,-33.537767],[-70.634334,-33.538971],[-70.63423,-33.540521],[-70.63417,-33.541497],[-70.634121,-33.542282],[-70.634072,-33.542716],[-70.633974,-33.543567],[-70.633875,-33.544186],[-70.633696,-33.545132],[-70.632905,-33.549386],[-70.632451,-33.55152],[-70.630996,-33.55812],[-70.631659,-33.558202],[-70.631902,-33.55822],[-70.632102,-33.558225],[-70.632313,-33.558213],[-70.63251,-33.558188],[-70.632914,-33.558122],[-70.637508,-33.557477],[-70.639402,-33.557224],[-70.641251,-33.556956],[-70.641782,-33.556912],[-70.645503,-33.556416],[-70.646455,-33.556252],[-70.647393,-33.556108],[-70.651971,-33.555425],[-70.654531,-33.555067],[-70.654219,-33.553949],[-70.652828,-33.548937],[-70.652694,-33.54846],[-70.652182,-33.546633],[-70.651878,-33.545541],[-70.65208,-33.544864],[-70.651545,-33.54291],[-70.651112,-33.541469],[-70.650824,-33.540373],[-70.651092,-33.539874],[-70.650503,-33.537759],[-70.648825,-33.53188],[-70.647906,-33.528593],[-70.647851,-33.528486],[-70.647769,-33.528408],[-70.647691,-33.528314],[-70.647126,-33.526341],[-70.647104,-33.526204],[-70.647058,-33.526116],[-70.646309,-33.523348],[-70.646193,-33.523208],[-70.645933,-33.522347],[-70.645096,-33.519289],[-70.644963,-33.518826],[-70.644925,-33.518711],[-70.644847,-33.518402],[-70.644742,-33.518043],[-70.644721,-33.517878],[-70.644577,-33.517407]]]}},{"type":"Feature","properties":{"AREA":642303857.25516,"PERIMETER":120091.6839,"COMUNAS_":2,"COMUNAS_ID":19,"COMUNA":"TIL_TIL","COD_VNR":13303,"CENTRO":"CENTRO_PONIENTE","COD_CENTRO":1,"RURALIDAD":"R","CLIENTESTOTAL":"3280","CLIENTESAFECTADOS":"1","PORCENTAJE":"   0.0","TIPO":"COMUNA"},"geometry":{"type":"Polygon","coordinates":[[[-70.792878,-33.166523],[-70.793742,-33.166286],[-70.802499,-33.167666],[-70.811657,-33.170324],[-70.817808,-33.173097],[-70.822932,-33.179358],[-70.830756,-33.1772],[-70.839288,-33.177404],[-70.846218,-33.177224],[-70.846994,-33.185122],[-70.846189,-33.192145],[-70.851842,-33.197179],[-70.855651,-33.201952],[-70.857363,-33.207887],[-70.860992,-33.216066],[-70.86575,-33.221496],[-70.873341,-33.222577],[-70.881961,-33.220404],[-70.882637,-33.212914],[-70.885849,-33.207707],[-70.892627,-33.204393],[-70.897797,-33.200175],[-70.894115,-33.194929],[-70.891423,-33.189239],[-70.888355,-33.182319],[-70.890296,-33.176436],[-70.897108,-33.176581],[-70.90512,-33.17713],[-70.911806,-33.179391],[-70.919418,-33.181505],[-70.927399,-33.181639],[-70.932761,-33.176803],[-70.937913,-33.172602],[-70.946021,-33.16963],[-70.95296,-33.170414],[-70.961199,-33.172138],[-70.967983,-33.170994],[-70.974701,-33.168872],[-70.981452,-33.169621],[-70.988674,-33.176722],[-70.990572,-33.16843],[-70.993475,-33.162761],[-70.999495,-33.157172],[-71.007034,-33.150752],[-71.012002,-33.144982],[-71.009421,-33.137782],[-71.009231,-33.131824],[-71.011635,-33.12614],[-71.0152,-33.118728],[-71.016587,-33.112195],[-71.017199,-33.10484],[-71.012152,-33.094389],[-71.0167,-33.088521],[-71.0155,-33.068494],[-71.010046,-33.036554],[-71.014019,-33.026399],[-71.016909,-33.020152],[-71.010274,-32.97268],[-71.001105,-32.97244],[-70.992734,-32.974017],[-70.985136,-32.975238],[-70.979288,-32.97244],[-70.970979,-32.972409],[-70.962394,-32.969249],[-70.956067,-32.965335],[-70.949268,-32.966131],[-70.935836,-32.96785],[-70.929816,-32.964963],[-70.926222,-32.959635],[-70.923084,-32.953077],[-70.91964,-32.94785],[-70.914842,-32.942598],[-70.909441,-32.938519],[-70.904603,-32.933092],[-70.896624,-32.93232],[-70.889121,-32.936136],[-70.88297,-32.933235],[-70.87671,-32.930114],[-70.869735,-32.929154],[-70.861388,-32.927646],[-70.853768,-32.925099],[-70.846756,-32.921641],[-70.840126,-32.923015],[-70.832159,-32.924733],[-70.824578,-32.926205],[-70.817545,-32.927516],[-70.811981,-32.924129],[-70.802653,-32.922019],[-70.796195,-32.924844],[-70.789454,-32.925897],[-70.78285,-32.927326],[-70.776218,-32.931736],[-70.769221,-32.92982],[-70.763537,-32.926189],[-70.752774,-32.925402],[-70.745133,-32.9216],[-70.737494,-32.919483],[-70.729409,-32.921809],[-70.724424,-32.928029],[-70.723937,-32.935463],[-70.723075,-32.941422],[-70.723142,-32.948402],[-70.729023,-32.953114],[-70.734227,-32.956938],[-70.740102,-32.96082],[-70.746767,-32.962901],[-70.754217,-32.967572],[-70.759162,-32.972138],[-70.765246,-32.97666],[-70.770395,-32.981498],[-70.765301,-32.986025],[-70.761929,-32.992805],[-70.761627,-32.999659],[-70.755912,-33.00387],[-70.754516,-33.00986],[-70.75929,-33.016178],[-70.755623,-33.021623],[-70.759014,-33.027559],[-70.762571,-33.032582],[-70.760084,-33.039462],[-70.764874,-33.044305],[-70.766807,-33.050563],[-70.762191,-33.054967],[-70.754549,-33.058546],[-70.749663,-33.062872],[-70.748174,-33.072294],[-70.751015,-33.079623],[-70.753196,-33.085116],[-70.756373,-33.092358],[-70.757455,-33.099517],[-70.755145,-33.107062],[-70.752976,-33.113766],[-70.756756,-33.119331],[-70.755027,-33.125741],[-70.754032,-33.134886],[-70.748547,-33.138715],[-70.743345,-33.142697],[-70.741575,-33.149247],[-70.736559,-33.154755],[-70.734637,-33.16091],[-70.741289,-33.164415],[-70.747575,-33.167587],[-70.753152,-33.17251],[-70.759908,-33.173934],[-70.766155,-33.170996],[-70.77341,-33.16972],[-70.780528,-33.169916],[-70.792878,-33.166523]]]}},{"type":"Feature","properties":{"AREA":28478414.22752,"PERIMETER":24354.36424,"COMUNAS_":10,"COMUNAS_ID":36,"COMUNA":"VITACURA","COD_VNR":13132,"CENTRO":"CENTRO_ORIENTE","COD_CENTRO":2,"RURALIDAD":"U","CLIENTESTOTAL":"45605","CLIENTESAFECTADOS":"0","PORCENTAJE":"   0.0","TIPO":"COMUNA"},"geometry":{"type":"Polygon","coordinates":[[[-70.5176,-33.372755],[-70.520311,-33.373952],[-70.525691,-33.376277],[-70.526427,-33.37668],[-70.527092,-33.377119],[-70.52777,-33.377624],[-70.528125,-33.378004],[-70.528543,-33.378526],[-70.52882,-33.378852],[-70.529015,-33.379104],[-70.529131,-33.379266],[-70.529294,-33.379434],[-70.529372,-33.37948],[-70.52997,-33.380018],[-70.530686,-33.380676],[-70.533943,-33.383926],[-70.543459,-33.38804],[-70.543618,-33.388105],[-70.543704,-33.388138],[-70.544515,-33.388428],[-70.544945,-33.388572],[-70.545785,-33.388856],[-70.54608,-33.388957],[-70.54743,-33.389434],[-70.549375,-33.390193],[-70.553273,-33.391702],[-70.555411,-33.392449],[-70.558626,-33.393561],[-70.560861,-33.394335],[-70.565265,-33.395863],[-70.568697,-33.397054],[-70.574124,-33.399122],[-70.574989,-33.399454],[-70.575334,-33.399586],[-70.576152,-33.399902],[-70.577273,-33.400362],[-70.578186,-33.400742],[-70.58096,-33.401898],[-70.581721,-33.402218],[-70.58253,-33.402557],[-70.583093,-33.402795],[-70.583597,-33.403016],[-70.584036,-33.403251],[-70.584375,-33.403464],[-70.58492,-33.403726],[-70.585397,-33.403932],[-70.585846,-33.404081],[-70.586425,-33.404204],[-70.586579,-33.404235],[-70.586755,-33.404272],[-70.587937,-33.404503],[-70.589275,-33.404765],[-70.589757,-33.404845],[-70.590427,-33.405069],[-70.591307,-33.40538],[-70.592921,-33.405995],[-70.595763,-33.406945],[-70.596864,-33.407337],[-70.597372,-33.407554],[-70.597928,-33.407758],[-70.598311,-33.407897],[-70.598436,-33.407943],[-70.598802,-33.408052],[-70.599,-33.408093],[-70.599245,-33.408118],[-70.599937,-33.408117],[-70.601141,-33.408175],[-70.601485,-33.408183],[-70.601911,-33.408229],[-70.602158,-33.408277],[-70.602401,-33.408332],[-70.602733,-33.408424],[-70.603129,-33.40856],[-70.603508,-33.40871],[-70.60403,-33.408874],[-70.60521,-33.409243],[-70.610131,-33.405504],[-70.608259,-33.398277],[-70.607887,-33.396657],[-70.606992,-33.394918],[-70.605886,-33.394024],[-70.605711,-33.393892],[-70.605492,-33.393731],[-70.605002,-33.392404],[-70.603839,-33.391978],[-70.602549,-33.390507],[-70.60215,-33.389957],[-70.601908,-33.389577],[-70.601902,-33.388748],[-70.601702,-33.38686],[-70.602918,-33.384986],[-70.603534,-33.382542],[-70.600551,-33.379724],[-70.599764,-33.378924],[-70.599652,-33.375916],[-70.599573,-33.375088],[-70.598556,-33.373335],[-70.596955,-33.371202],[-70.597271,-33.369387],[-70.596928,-33.366552],[-70.596859,-33.365943],[-70.597467,-33.365037],[-70.600618,-33.362701],[-70.597196,-33.360034],[-70.594859,-33.358639],[-70.592692,-33.357021],[-70.590344,-33.355],[-70.587976,-33.354264],[-70.585909,-33.353298],[-70.581366,-33.350502],[-70.577717,-33.351283],[-70.573558,-33.352797],[-70.566696,-33.354385],[-70.561859,-33.357043],[-70.555832,-33.35895],[-70.553724,-33.359744],[-70.553523,-33.359798],[-70.550736,-33.361385],[-70.549401,-33.362867],[-70.547396,-33.364909],[-70.545661,-33.365982],[-70.54433,-33.366725],[-70.543363,-33.367445],[-70.541313,-33.368751],[-70.538371,-33.369839],[-70.533665,-33.370452],[-70.530313,-33.370683],[-70.528251,-33.37022],[-70.526238,-33.369963],[-70.524631,-33.369305],[-70.52214,-33.369638],[-70.521381,-33.369493],[-70.52004,-33.368951],[-70.520082,-33.369768],[-70.518513,-33.371373],[-70.518085,-33.371915],[-70.5176,-33.372755]]]}}]}