{"type":"FeatureCollection","features":[{"type":"Feature","properties":{"numpos":"3277","TIPO":"DESCARGO","TENSION":"MT","INCIDENCIA":"DF202671815432","CLITOTAL":"11","CANTAVISOS":"","FECHA_INICIO":"","FECHA_FIN":"","DESCARGO":"DF202671815432(TP20267213817666)","ESTADODESC":"789","ESTADOINC":" ","CLI_PLAN":"1","FECHA_INIDESC":"10-10-2026 09:30","FECHA_FINDESC":"10-10-2026 15:30","FECHA_REPOSICION":"10-10-2026 15:30","id_alim":"115"},"geometry":{"type":"Polygon","coordinates":[[[-70.69030228778172,-33.38864698416023],[-70.69029972384588,-33.38866544195515],[-70.69029932891787,-33.38868402168931],[-70.69030110680251,-33.38870254442966],[-70.69030504037907,-33.38872083179199],[-70.6903110917664,-33.38873870765874],[-70.69031920268746,-33.38875599987521],[-70.69032929503061,-33.38877254190748],[-70.69034127160185,-33.38878817444624],[-70.69035501706078,-33.388802746941074],[-70.69037039903138,-33.38881611905031],[-70.69038726937686,-33.38882816199266],[-70.69040546562628,-33.38883875978746],[-70.69042481253932,-33.38884781037159],[-70.69044512379382,-33.38885522658255],[-70.69046620378035,-33.38886093699778],[-70.69048784948593,-33.38886488662258],[-70.69050985244937,-33.38886703741965],[-70.69053200076864,-33.38886736867559],[-70.69055408114204,-33.38886587720026],[-70.69057588092207,-33.38886257735747],[-70.69059719016369,-33.388857500926804],[-70.6906178036461,-33.38885069679737],[-70.69063752284926,-33.38884223049707],[-70.69065615786562,-33.38883218356152],[-70.6906735292293,-33.38882065274871],[-70.69068946964431,-33.38880774910725],[-70.69070382559573,-33.38879359690684],[-70.69071645882818,-33.38877833244146],[-70.69072724767726,-33.3887621027168],[-70.69073608824121,-33.388745064034396],[-70.69092204649588,-33.38833242096752],[-70.69111614940071,-33.387902285104374],[-70.69111862593226,-33.38789997297619],[-70.69113174489682,-33.38788499970614],[-70.69114305118124,-33.38786901982427],[-70.69115243590056,-33.387852187226024],[-70.6911598086757,-33.38783466401895],[-70.69116509850392,-33.38781661896146],[-70.69116825444253,-33.38779822583752],[-70.69116921233882,-33.38778029379045],[-70.69127050595363,-33.387546895348976],[-70.69127109921574,-33.387545286871756],[-70.69127184756002,-33.38754371711553],[-70.69134393728207,-33.387367934221345],[-70.6914162352317,-33.38719561381921],[-70.69151058032541,-33.386984847832764],[-70.69151734060553,-33.38696715167637],[-70.69152200070141,-33.38694898485942],[-70.69152451573508,-33.386930522338496],[-70.69152486148674,-33.38691194191785],[-70.691523034628,-33.38689342253704],[-70.69151905275388,-33.38687514254773],[-70.69151295421322,-33.386857277995944],[-70.69150479773951,-33.38684000092675],[-70.69149466188499,-33.38682347772733],[-70.69148264426425,-33.38680786752467],[-70.69146886061408,-33.38679332065297],[-70.69145344367878,-33.38677997720602],[-70.69143654193192,-33.38676796568793],[-70.69141831814623,-33.38675740177563],[-70.69139894782623,-33.38674838720486],[-70.6913786175179,-33.386741008790366],[-70.69135752301224,-33.386735337589954],[-70.69133586745971,-33.386731428220095],[-70.69131385941384,-33.38672931832995],[-70.69129171082278,-33.38672902823883],[-70.69126963498822,-33.38673056074048],[-70.6912478445111,-33.38673390107623],[-70.69122654924439,-33.38673901707705],[-70.69120595427201,-33.386745859473415],[-70.69118625793381,-33.38675436236972],[-70.69116764991556,-33.3867644438789],[-70.69115030942208,-33.38677600691108],[-70.69113440345158,-33.38678894010846],[-70.69112008518726,-33.38680311891791],[-70.69110749252211,-33.38681840679026],[-70.69109674673088,-33.38683465649548],[-70.69108795130222,-33.38685171154048],[-70.69099277998853,-33.38706432095729],[-70.69099117524925,-33.3870680223985],[-70.69091783214294,-33.38724283184921],[-70.69091730752665,-33.38724409650257],[-70.69084561718631,-33.387418903441386],[-70.69071964670441,-33.38770915826119],[-70.6907188390887,-33.38771134785815],[-70.69071784075564,-33.3877134813882],[-70.6907114171872,-33.38772947557706],[-70.69049981710343,-33.388198380647935],[-70.69049980147673,-33.38819842118051],[-70.69049978121026,-33.38819846024064],[-70.69031380325228,-33.38861114253599],[-70.69030699603195,-33.38862882606311],[-70.69030228778172,-33.38864698416023]]]}},{"type":"Feature","properties":{"numpos":"3278","TIPO":"DESCARGO","TENSION":"MT","INCIDENCIA":"DF202671815432","CLITOTAL":"11","CANTAVISOS":"","FECHA_INICIO":"","FECHA_FIN":"","DESCARGO":"DF202671815432(TP20267213817666)","ESTADODESC":"789","ESTADOINC":" ","CLI_PLAN":"1","FECHA_INIDESC":"10-10-2026 09:30","FECHA_FINDESC":"10-10-2026 15:30","FECHA_REPOSICION":"10-10-2026 15:30","id_alim":"115"},"geometry":{"type":"Polygon","coordinates":[[[-70.69107670940706,-33.38688667599871],[-70.69107408843989,-33.386905128150325],[-70.69107363605175,-33.386923706962136],[-70.69107535660073,-33.38694223351],[-70.69107923351838,-33.386960529373],[-70.69108522946914,-33.38697841835173],[-70.69109328670987,-33.38699572816522],[-70.6911033276459,-33.38701229211009],[-70.69111525557835,-33.38702795066599],[-70.69112895563522,-33.38704255303196],[-70.69114429587775,-33.38705595857863],[-70.69116112857101,-33.38706803820271],[-70.69117929160672,-33.387078675570244],[-70.69119861006433,-33.387087768237045],[-70.69121889789587,-33.3870952286353],[-70.69123995971736,-33.38710098491693],[-70.69126159269086,-33.38710498164545],[-70.69128358847772,-33.38710718033002],[-70.69130573524512,-33.38710755979599],[-70.69132781970622,-33.38710611638891],[-70.6913496291742,-33.38710286400971],[-70.69137095361069,-33.38709783398086],[-70.69139158764857,-33.38709107474456],[-70.69141133256979,-33.3870826513964],[-70.69142999821919,-33.38707264505834],[-70.69144740483584,-33.38706115209739],[-70.6914633847842,-33.3870482831976],[-70.69147778416867,-33.38703416229412],[-70.69149046431555,-33.387018925379515],[-70.69150130310862,-33.38700271919413],[-70.69151019616513,-33.38698569981284],[-70.69161530133296,-33.38675428340943],[-70.69161574871596,-33.38675329001331],[-70.69172142104881,-33.38651664320342],[-70.69172155041664,-33.386516303625996],[-70.6917217173691,-33.38651597579212],[-70.69183620909546,-33.386256611615856],[-70.69190671712515,-33.38610480136914],[-70.6919074000076,-33.386103086719984],[-70.69190824225032,-33.38610142269581],[-70.69199807291794,-33.38589653594402],[-70.69208549352697,-33.3857048233939],[-70.69208635246393,-33.385702908821884],[-70.6921491860346,-33.385560524140814],[-70.69215886386033,-33.385553318773454],[-70.69217391026469,-33.38553968108306],[-70.69218729080234,-33.38552487183116],[-70.69219887661187,-33.3855090336395],[-70.69220855611623,-33.38549231903901],[-70.69221623609744,-33.38547488900085],[-70.69222184259415,-33.38545691138616],[-70.69222532161393,-33.38543855932944],[-70.6922266396533,-33.38542000957116],[-70.69222578402017,-33.38540144075565],[-70.6922235110228,-33.38538759010319],[-70.692313531551,-33.38517925865485],[-70.69231359913196,-33.385179074513324],[-70.69231368583499,-33.38517889996756],[-70.6923840773357,-33.38501496393291],[-70.69247865566318,-33.384806949966496],[-70.69257951119073,-33.38458751707183],[-70.69257982947178,-33.38458670843578],[-70.69258023234352,-33.38458592679691],[-70.69275780496763,-33.38418898755564],[-70.69291092096421,-33.38385713545534],[-70.69291151953499,-33.38385562131277],[-70.69291226277113,-33.38385415297655],[-70.69304628130884,-33.38354850107775],[-70.69305289898871,-33.38353076709867],[-70.69305741283452,-33.38351257434495],[-70.69305977937671,-33.38349409802296],[-70.6930599758256,-33.3834755160698],[-70.69305800029063,-33.383457007439844],[-70.69305387179867,-33.383438750381174],[-70.69304763011057,-33.383420920718955],[-70.69303933533837,-33.3834036901623],[-70.69302906736621,-33.3833872246504],[-70.69301692508101,-33.38337168275468],[-70.69300302542013,-33.38335721415154],[-70.69298750224512,-33.38334395818095],[-70.69297050505266,-33.383332042504605],[-70.69295219753467,-33.38332158187642],[-70.69293275600202,-33.38331267703744],[-70.69291236768649,-33.38330541374569],[-70.69289122893771,-33.38329986195023],[-70.69286954333225,-33.38329607511761],[-70.69284751971303,-33.38329408971695],[-70.69282537017817,-33.3832939248686],[-70.69280330803846,-33.38329558216021],[-70.69278154576297,-33.38329904563128],[-70.69276029293307,-33.38330428192696],[-70.69273975422398,-33.38331124061919],[-70.69272012743374,-33.3833198546924],[-70.69270160157834,-33.383330041188856],[-70.69268435507138,-33.38334170200756],[-70.6926685540059,-33.38335472484901],[-70.69265435055483,-33.38336898429673],[-70.69264188150547,-33.383384343024964],[-70.69263126694213,-33.38340065312128],[-70.69262260908965,-33.38341775751104],[-70.69248924517517,-33.383721913023315],[-70.69233639444535,-33.38405318668186],[-70.69233556721234,-33.38405500730738],[-70.6921579411705,-33.38445206160662],[-70.69205730260822,-33.38467102011169],[-70.69205701010688,-33.38467165994947],[-70.69196153510148,-33.384881643787146],[-70.69196088179599,-33.38488332395765],[-70.69196007145538,-33.384884955280185],[-70.691889008549,-33.38505045306644],[-70.69176690653148,-33.38533302614699],[-70.69176419721832,-33.38533967908186],[-70.69175832292355,-33.38535502965081],[-70.69175510648253,-33.38536269758123],[-70.6916634181349,-33.38557046678436],[-70.6915759116195,-33.38576236565949],[-70.69157545790975,-33.38576352868275],[-70.69157488778876,-33.38576465506832],[-70.69148529648734,-33.38596899358444],[-70.69141487820542,-33.386120608994055],[-70.6914135254613,-33.38612359578993],[-70.69129851867545,-33.38638412386123],[-70.69119321626822,-33.386619939651744],[-70.69108833546616,-33.3868508595616],[-70.69108147371053,-33.3868685282115],[-70.69107670940706,-33.38688667599871]]]}},{"type":"Feature","properties":{"numpos":"4969","TIPO":"DESCARGO","TENSION":"MT","INCIDENCIA":"DF202671818027","CLITOTAL":"106","CANTAVISOS":"","FECHA_INICIO":"","FECHA_FIN":"","DESCARGO":"DF202671818027(TP20267213817571)","ESTADODESC":"789","ESTADOINC":" ","CLI_PLAN":"1","FECHA_INIDESC":"12-10-2026 10:00","FECHA_FINDESC":"12-10-2026 16:00","FECHA_REPOSICION":"12-10-2026 16:00","id_alim":"1421"},"geometry":{"type":"Polygon","coordinates":[[[-70.68542238716697,-33.37480415079211],[-70.68542456010125,-33.37482264390408],[-70.68542888301539,-33.3748408692691],[-70.68543531427865,-33.374858651366615],[-70.68544379195552,-33.374875818945036],[-70.6854542344023,-33.374892206670715],[-70.68546654105329,-33.3749076567204],[-70.68548059338912,-33.374922020301135],[-70.68549625607837,-33.37493515908319],[-70.68551337828072,-33.37494694653237],[-70.68553179509966,-33.37495726912853],[-70.68555132917065,-33.374966027458925],[-70.68557179236903,-33.37497313717558],[-70.685592987622,-33.37497852980766],[-70.68561471080656,-33.374982153420916],[-70.68563675271523,-33.37498397311775],[-70.68565890107102,-33.37498397137347],[-70.68568094257179,-33.37498214820488],[-70.68570266494447,-33.374978521170256],[-70.68572385898952,-33.37497312520017],[-70.68574432059555,-33.374966012261154],[-70.68576385270515,-33.37495725085509],[-70.68578226721276,-33.37494692535962],[-70.68579938677607,-33.37493513521547],[-70.68581504652414,-33.374921993968755],[-70.68582909564506,-33.37490762817738],[-70.68584139883849,-33.37489217619238],[-70.68585183761847,-33.3748757868253],[-70.68594805749464,-33.374705055284736],[-70.68595327809298,-33.37469627550484],[-70.6859542842335,-33.37469435259671],[-70.68595545966716,-33.37469250231468],[-70.68609148473364,-33.374450465740544],[-70.68616552360717,-33.3743228574986],[-70.68616610134984,-33.374321723484506],[-70.68616679196244,-33.37432063481075],[-70.68624850814443,-33.37417500832858],[-70.68624878291756,-33.37417444896019],[-70.68624911764458,-33.3741739130786],[-70.68637516934201,-33.373945503123124],[-70.68637605639839,-33.373943875615495],[-70.6863804767059,-33.37393566316138],[-70.68638071168365,-33.37393522511762],[-70.68638246480874,-33.37393194584764],[-70.68638288574357,-33.373931042150275],[-70.68638339876489,-33.37393017447062],[-70.6863840967656,-33.37392883224065],[-70.68662584559708,-33.37350060030676],[-70.68662598561775,-33.373500368425375],[-70.68662613500648,-33.37350008764657],[-70.68662712997629,-33.373498325155765],[-70.68662724833598,-33.37349808578746],[-70.68662812842966,-33.37349672303063],[-70.68662996897731,-33.37349350550823],[-70.68663187502735,-33.37349008653879],[-70.68669227071078,-33.373378877110575],[-70.68678650800184,-33.37321579101726],[-70.68679518060112,-33.373198692178654],[-70.6868018139173,-33.373180962446334],[-70.68680634406911,-33.37316277256763],[-70.68680872742998,-33.37314429772122],[-70.68680894104821,-33.373125715829985],[-70.68680698286794,-33.37310720584776],[-70.68680287174882,-33.373088946035566],[-70.68679664728448,-33.37307111224518],[-70.68678836942105,-33.37305387622537],[-70.68677811787984,-33.373037403968034],[-70.68676599138954,-33.3730218541095],[-70.68675210673534,-33.373007376402896],[-70.68673659763435,-33.372994110275826],[-70.68671961344766,-33.372982183487814],[-70.68670131774195,-33.37297171089979],[-70.68668188671435,-33.372962793367975],[-70.68666150749547,-33.37295551677263],[-70.68664037634734,-33.37294995119095],[-70.6866186967733,-33.37294615022223],[-70.6865966775582,-33.37294415047174],[-70.68657453075778,-33.37294397119803],[-70.68655246965643,-33.37294561412766],[-70.68653070671331,-33.37294906343847],[-70.68650945151614,-33.372954285911945],[-70.68648890876298,-33.372961231253164],[-70.68646927629081,-33.372969832575116],[-70.68645074317031,-33.372980007042884],[-70.68643348788507,-33.37299165667129],[-70.68641767661268,-33.37300466926864],[-70.68640346162435,-33.37301891951705],[-70.68639097981847,-33.37303427017943],[-70.68638035140222,-33.37305057342098],[-70.68628493774555,-33.373215693962024],[-70.68628388174469,-33.37321777593793],[-70.6862826444763,-33.373219786407],[-70.6862221519291,-33.37333117321855],[-70.6862218416522,-33.37333168704891],[-70.6862215615086,-33.37333221357927],[-70.68622119635259,-33.3733328519153],[-70.68622077503277,-33.37333369176186],[-70.68622061709229,-33.373333988611186],[-70.6862192000113,-33.37333621000023],[-70.68613057242595,-33.37349320339887],[-70.6858788299073,-33.3733911094679],[-70.68586958981717,-33.373387575052774],[-70.68586937594483,-33.37338749807265],[-70.68586560299958,-33.37338575906875],[-70.6857250890804,-33.37332833561999],[-70.68572404831558,-33.37332796212867],[-70.68571844540224,-33.37332549303523],[-70.68559388111336,-33.37327698592473],[-70.68558970462503,-33.37327535579564],[-70.6855832596092,-33.37327255317018],[-70.68558053561628,-33.37327150754051],[-70.68557790782197,-33.3732703009875],[-70.68557145615648,-33.37326767522385],[-70.68557072508017,-33.373267414041166],[-70.68557002537011,-33.37326709811475],[-70.68541581027307,-33.37320545447193],[-70.68535788821544,-33.3731823014994],[-70.68537000778828,-33.373173452591125],[-70.68538520983294,-33.37315993853923],[-70.68539875993407,-33.373145239352915],[-70.68541052759721,-33.373129496593904],[-70.68542039949396,-33.37311286187406],[-70.68542828055345,-33.37309549539527],[-70.68543409487782,-33.37307756440657],[-70.68543778647317,-33.3730592415934],[-70.68543931978874,-33.37304070341467],[-70.68543868005924,-33.37302212840316],[-70.68543587344699,-33.37300369544635],[-70.68543092698252,-33.37298558206348],[-70.68542388830421,-33.372967962696045],[-70.68541482519946,-33.3729510070278],[-70.68540382495179,-33.37293487835066],[-70.68539099350025,-33.372919731992056],[-70.68537645441914,-33.37290571381921],[-70.68536034772792,-33.372892958834136],[-70.68534282854269,-33.372881589873806],[-70.68532406558236,-33.37287171642696],[-70.68530423954388,-33.372863433579795],[-70.6852058190236,-33.37282725748522],[-70.68522154681973,-33.372795687066535],[-70.68526042027067,-33.37272755347037],[-70.68529758001488,-33.37266342817294],[-70.68530202418815,-33.37265527348096],[-70.68530404997925,-33.37265131082383],[-70.6853117713557,-33.37263389393188],[-70.68531742088757,-33.372615925901634],[-70.685320944168,-33.37259757977529],[-70.68532230726719,-33.37257903223616],[-70.6853214970591,-33.372560461907305],[-70.68531852134794,-33.372542047630965],[-70.68531340879267,-33.37252396674655],[-70.68530620863123,-33.37250639338252],[-70.68529699020617,-33.37248949677964],[-70.68528584229682,-33.37247343966097],[-70.68527287226426,-33.37245837666479],[-70.68525820501743,-33.372444452855426],[-70.68524198181002,-33.37243180232626],[-70.68522435888022,-33.37242054690816],[-70.68520550594607,-33.37241079499646],[-70.68518560457099,-33.37240264050691],[-70.68516484641518,-33.372396161971245],[-70.68514343138997,-33.37239142178102],[-70.68512156573252,-33.372388465586575],[-70.68509946001973,-33.37238732185753],[-70.68507732714035,-33.37238800160862],[-70.68505538024469,-33.37239049829355],[-70.68503383069209,-33.37239478786808],[-70.68501288601526,-33.37240082902154],[-70.68499274792185,-33.372408563574695],[-70.68497361035186,-33.37241791704007],[-70.68495565760992,-33.37242879933916],[-70.68493906259029,-33.372441105670056],[-70.68492398511206,-33.372454717516646],[-70.68491057037967,-33.37246950378996],[-70.68489894758478,-33.37248532209063],[-70.68489166446376,-33.372497835152785],[-70.68489164705973,-33.37249782805277],[-70.68485418684449,-33.37256247133387],[-70.68485359014211,-33.372563509049755],[-70.68481196599897,-33.37263646318044],[-70.68480976683124,-33.3726408594338],[-70.68480730067178,-33.372645198133945],[-70.68470496629035,-33.37285061162393],[-70.68470300813506,-33.37285515711646],[-70.68470294098599,-33.372855278649176],[-70.6846779204071,-33.37290708451646],[-70.6846061055183,-33.37287579501716],[-70.68460133708304,-33.37287371742419],[-70.68458120425248,-33.37286597302959],[-70.68456026365834,-33.37285992164012],[-70.68453871696883,-33.37285562153368],[-70.68451677168912,-33.37285311412243],[-70.6844946391629,-33.37285242355399],[-70.68447253253714,-33.372853556478944],[-70.68445066470933,-33.37285650198666],[-70.6844292462773,-33.37286123171054],[-70.68440848351113,-33.3728677001011],[-70.68438857636657,-33.372875844864545],[-70.6843697165595,-33.37288558756289],[-70.68435208571958,-33.37289683436915],[-70.68433585364112,-33.37290947697097],[-70.68432117664786,-33.37292339361375],[-70.6843081960875,-33.37293845027319],[-70.68429703697042,-33.37295450194595],[-70.68428780676572,-33.37297139404615],[-70.68428059436627,-33.372988963894],[-70.68427546923253,-33.3730070422826],[-70.6842724807236,-33.37302545510739],[-70.68427165762182,-33.37304402504293],[-70.68427300785545,-33.37306257325056],[-70.68427651842242,-33.373080921100815],[-70.68428215551529,-33.37309889189365],[-70.68428986484699,-33.37311631256016],[-70.68429957217343,-33.37313301532943],[-70.68431118400858,-33.373148839344154],[-70.68432458852469,-33.3731636322099],[-70.68433965662925,-33.37317725146273],[-70.68435624320826,-33.37318956594123],[-70.68436713266671,-33.373196174812776],[-70.68436638501723,-33.373196471360664],[-70.68434738599248,-33.373206021839074],[-70.68432959415402,-33.37321708879432],[-70.68431318084663,-33.37322956564616],[-70.68429830413935,-33.37324333223625],[-70.6842851073032,-33.37325825598533],[-70.68427371743135,-33.37327419317012],[-70.68426424421523,-33.37329099030729],[-70.68425677888796,-33.37330848563163],[-70.68425139334586,-33.37332651065393],[-70.68424813945586,-33.373344891783645],[-70.68424704855606,-33.37336345200052],[-70.68424813115377,-33.37338201255955],[-70.68425137682438,-33.373400394712334],[-70.6842567543116,-33.37341842142843],[-70.68426421182849,-33.373435919100444],[-70.68427367755612,-33.37345271921582],[-70.68428506033517,-33.3734686599798],[-70.68429825054392,-33.37348358787358],[-70.68431312115375,-33.37349735913282],[-70.68432952895266,-33.3735098411322],[-70.6843380962831,-33.3735151743638],[-70.68422204252141,-33.3737139874315],[-70.68422129635944,-33.37371513658915],[-70.68421655896715,-33.37372337036199],[-70.6842118061782,-33.37373159788713],[-70.68410659689391,-33.37393909274844],[-70.6838732837246,-33.37426953184416],[-70.68386294370924,-33.374285965209346],[-70.68385457328193,-33.374303169788426],[-70.68384825305547,-33.3743209798922],[-70.68384404389826,-33.37433922399993],[-70.68384198634813,-33.37435772641107],[-70.68384210022171,-33.37437630893732],[-70.6838443844238,-33.374394792618794],[-70.68384881695756,-33.37441299944734],[-70.68385535513653,-33.37443075408097],[-70.68386393599562,-33.37444788553252],[-70.68387447689736,-33.374464228816315],[-70.68388687632782,-33.37447962653708],[-70.68390101487421,-33.37449393040579],[-70.68391675637476,-33.37450700266785],[-70.68393394923015,-33.37451871742958],[-70.68395242786347,-33.374528961870936],[-70.6839720143148,-33.37453763733183],[-70.68399251995504,-33.37454466026236],[-70.6840137473027,-33.3745499630275],[-70.6840354919256,-33.37455349455845],[-70.68405754440984,-33.37455522084446],[-70.68407969237657,-33.37455512526041],[-70.68410172252739,-33.37455320872687],[-70.68412342269853,-33.37454948970124],[-70.68414458390428,-33.37454400400007],[-70.68416500234954,-33.37453680445399],[-70.68418448139256,-33.374527960399],[-70.68420283343882,-33.37451755700871],[-70.68421988174761,-33.374505694473996],[-70.68423546213418,-33.374492487038125],[-70.68424942455097,-33.374478061896475],[-70.68426163453262,-33.37446255797162],[-70.68439322188651,-33.3742761912725],[-70.68447612946109,-33.374311222828666],[-70.68436120785896,-33.37450138239866],[-70.68436078837503,-33.37450217012291],[-70.6843551171882,-33.37451136324647],[-70.68434691342844,-33.374528624249635],[-70.68434076566395,-33.37454647679761],[-70.68433673310227,-33.374564748960864],[-70.68433485458051,-33.37458326476865],[-70.6843351481912,-33.374601845903676],[-70.68433761110812,-33.374620313419385],[-70.68434221961334,-33.37463848946335],[-70.68434892932568,-33.37465619899003],[-70.68435767562806,-33.37467327144666],[-70.68436837428969,-33.37468954241572],[-70.68438092227733,-33.37470485519832],[-70.68439519874744,-33.37471906232351],[-70.68441106620996,-33.37473202696831],[-70.68442837185252,-33.37474362427551],[-70.68444694901193,-33.3747537425562],[-70.68446661877938,-33.37476228436527],[-70.68448719172343,-33.37476916743999],[-70.68450846971433,-33.37477432549223],[-70.68453024783223,-33.37477770884684],[-70.6845523163406,-33.374779284920145],[-70.68457446270628,-33.37477903853361],[-70.68459647364631,-33.37477697206015],[-70.68461813718196,-33.374773105401175],[-70.68463924468027,-33.374767475795025],[-70.68465959286341,-33.37476013745823],[-70.68467898576637,-33.37475116106345],[-70.68469723662416,-33.37474063305877],[-70.6847141696706,-33.37472865483517],[-70.68472962183104,-33.37471534175007],[-70.6847434442928,-33.374700822016344],[-70.6847519827112,-33.37468978649572],[-70.6847528204782,-33.37468879466623],[-70.68475332996458,-33.374688045231196],[-70.68475550393839,-33.37468523546749],[-70.68475760393162,-33.37468220546012],[-70.68476058296092,-33.374677376348714],[-70.68476379397868,-33.374672653062426],[-70.68488045747212,-33.37447960969371],[-70.68493809905166,-33.37450194606646],[-70.68475891436212,-33.37477966524888],[-70.68475890831643,-33.37477967582839],[-70.684758897804,-33.37477969037372],[-70.68475513231058,-33.374785528611795],[-70.68474555986276,-33.374802286157596],[-70.68473799119079,-33.37481975022816],[-70.68473249918621,-33.37483775263524],[-70.68472913674127,-33.37485612000607],[-70.6847279362395,-33.37487467545296],[-70.68472890924373,-33.37489324027681],[-70.68473204638481,-33.37491163568815],[-70.68473731745162,-33.374929684528915],[-70.68474467168214,-33.374947212978576],[-70.68475403825217,-33.374964052228215],[-70.6847653269573,-33.37498004010616],[-70.68477842908182,-33.3749950226399],[-70.68479321844546,-33.37500885553887],[-70.68480955261862,-33.37502140558416],[-70.68482727429415,-33.37503255191136],[-70.68484621280219,-33.37504218717471],[-70.68486618575382,-33.375050218580924],[-70.68488700079776,-33.375056568782696],[-70.68490845747263,-33.375061176623795],[-70.68493034913769,-33.37506399772796],[-70.6849524649629,-33.37506500492628],[-70.6849745919594,-33.375064188518856],[-70.68499651703075,-33.37506155636827],[-70.68501802902522,-33.37505713382374],[-70.68503892076934,-33.37505096347709],[-70.68505899106313,-33.37504310475255],[-70.68507804661787,-33.37503363333436],[-70.68509590391751,-33.375022640438],[-70.68511239098615,-33.37501023193163],[-70.68512734904418,-33.37499652731651],[-70.68514063403752,-33.37498165857614],[-70.68515211802485,-33.374965768905184],[-70.68515586442692,-33.37495996022555],[-70.68515586764744,-33.37495995577104],[-70.68534806679233,-33.37466206320227],[-70.68544954999005,-33.37470364825088],[-70.68544377423416,-33.374713896584915],[-70.68543530032757,-33.37473106546911],[-70.68542887296003,-33.37474884855642],[-70.68542455403177,-33.37476707458622],[-70.68542238513777,-33.37478556803209],[-70.68542238716697,-33.37480415079211]],[[-70.68528597717479,-33.37389246589632],[-70.68528516957329,-33.37389407763861],[-70.68528421155365,-33.37389563029905],[-70.68520390295932,-33.37404308948594],[-70.6852027907169,-33.37404542911573],[-70.6852014848746,-33.374047690624984],[-70.68520006972199,-33.37405048292116],[-70.68519771855837,-33.37405480974659],[-70.68513813563696,-33.37416230313421],[-70.68508230604898,-33.37414066893267],[-70.68508243064844,-33.37413995358895],[-70.68516777146021,-33.37397812091319],[-70.68532556756071,-33.37369686890061],[-70.68541553949852,-33.373665730973435],[-70.68528597717479,-33.37389246589632]],[[-70.68591373586422,-33.37382590297557],[-70.68592913258543,-33.37385240023773],[-70.68583981923614,-33.37401423752952],[-70.68575903489821,-33.37415820215059],[-70.68568502478857,-33.374285759772306],[-70.68568381336603,-33.374287881053576],[-70.68564256812918,-33.374361270410226],[-70.68554729489813,-33.37432223005426],[-70.68560736150127,-33.37421386312429],[-70.68560768258511,-33.374213200634955],[-70.68560807381374,-33.374212565246125],[-70.68561198162611,-33.3742053736704],[-70.68561432023651,-33.374200919096175],[-70.68561570156425,-33.374198193515376],[-70.68569389466175,-33.374054617450184],[-70.68584135945187,-33.37379655083876],[-70.68591373586422,-33.37382590297557]],[[-70.6849066192139,-33.3734213746635],[-70.6849074373795,-33.3734217440788],[-70.68496967266996,-33.37344662136407],[-70.6849688209545,-33.37344780962975],[-70.6849661270882,-33.37345113550792],[-70.68496315220088,-33.37345571835627],[-70.68495990937255,-33.37346024256737],[-70.68495782984766,-33.373463917501596],[-70.68495553365939,-33.37346745480506],[-70.68495029364874,-33.373476564809124],[-70.6849498678025,-33.37347740861088],[-70.68494935472962,-33.37347821752833],[-70.68475825432304,-33.37381882768236],[-70.6847572473629,-33.373820877912344],[-70.68475606068019,-33.37382285930278],[-70.68467730824855,-33.37397219703262],[-70.68459744811823,-33.3739384531547],[-70.6846233948856,-33.37388728009159],[-70.68462525833887,-33.37388425574476],[-70.68483799860317,-33.37351980422216],[-70.68483953051731,-33.373516817064726],[-70.68483990896141,-33.3735161922507],[-70.68484044937958,-33.373515356922795],[-70.68484418288388,-33.37350933070586],[-70.68489829727966,-33.37341801991639],[-70.68490576633782,-33.37342106896109],[-70.6849066192139,-33.3734213746635]]]}},{"type":"Feature","properties":{"numpos":"7254","TIPO":"DESCARGO","TENSION":"MT","INCIDENCIA":"DF202671819341","CLITOTAL":"156","CANTAVISOS":"","FECHA_INICIO":"","FECHA_FIN":"","DESCARGO":"DF202671819341(TP20267213817565)","ESTADODESC":"789","ESTADOINC":" ","CLI_PLAN":"1","FECHA_INIDESC":"12-10-2026 10:00","FECHA_FINDESC":"12-10-2026 16:00","FECHA_REPOSICION":"12-10-2026 16:00","id_alim":"1421"},"geometry":{"type":"Polygon","coordinates":[[[-70.68814927595612,-33.37499308561114],[-70.68816904181178,-33.37500146985945],[-70.68818969197713,-33.37500818823454],[-70.68821102757873,-33.375013176034386],[-70.68823284314183,-33.37501638522351],[-70.68825492856938,-33.375017784895505],[-70.68827707116519,-33.37501736157075],[-70.68829905768261,-33.3750151193261],[-70.68832067637815,-33.37501107975585],[-70.6883417190507,-33.3750052817635],[-70.68836198304678,-33.37499778118726],[-70.68838127321207,-33.37498865026229],[-70.68839940377111,-33.37497797692483],[-70.68841620011628,-33.37496586396553],[-70.68843150048943,-33.37495242803939],[-70.6884451575397,-33.374937798542334],[-70.68845703974266,-33.37492211636485],[-70.6884670326668,-33.374905532535486],[-70.68847504007564,-33.37488820676598],[-70.68848098485455,-33.37487030591328],[-70.68848480975323,-33.374852002372705],[-70.68848647793716,-33.374833472417464],[-70.68848597334221,-33.37481489450123],[-70.68848330082923,-33.3747964475394],[-70.68847848613734,-33.374778309186134],[-70.68847157563587,-33.37476065412341],[-70.68846263587783,-33.37474365237875],[-70.68827174377735,-33.374424066098065],[-70.68816782557646,-33.37424572699318],[-70.68834001248251,-33.37425253886508],[-70.68834085789813,-33.374255532393896],[-70.68834280848377,-33.374263018611174],[-70.68834341710625,-33.3742645942824],[-70.68834386991958,-33.37426619764687],[-70.68834682132965,-33.37427340752263],[-70.68834963667105,-33.37428069619673],[-70.68835042632114,-33.37428221400324],[-70.68835106437272,-33.37428377267215],[-70.68835484449399,-33.37429070628423],[-70.6883584971374,-33.37429772712044],[-70.68835946013458,-33.374299172429296],[-70.68836027736002,-33.37430067140828],[-70.68836485016695,-33.374307262027656],[-70.68836930455261,-33.37431394736473],[-70.68837124221308,-33.37431654715716],[-70.68859551414515,-33.37466572533566],[-70.6886069651426,-33.374681631711496],[-70.68862021925011,-33.37469651978574],[-70.68863514882369,-33.37471024617755],[-70.68865161008348,-33.374722678693686],[-70.68866944449833,-33.37473369760166],[-70.68868848031265,-33.37474319678282],[-70.6887085342004,-33.3747510847544],[-70.68872941303079,-33.37475728555049],[-70.68875091572812,-33.37476173945374],[-70.68877283520848,-33.37476440357036],[-70.68879496037388,-33.37476525224336],[-70.68881707814555,-33.37476427729952],[-70.68883897551586,-33.374761488128186],[-70.68886044159989,-33.374756911590836],[-70.6888812696663,-33.37475059176233],[-70.68890125912841,-33.374742589506475],[-70.68892021747595,-33.37473298188982],[-70.68893796212905,-33.374721861439525],[-70.68895432219668,-33.37470933525211],[-70.68896914012237,-33.37469552396227],[-70.68898227320157,-33.374680560580735],[-70.68899359495603,-33.37466458921368],[-70.68900299635176,-33.37464776367451],[-70.6890103868491,-33.3746302460028],[-70.68901569527465,-33.37461220490364],[-70.68901887050659,-33.37459381412289],[-70.68901988196703,-33.37457525077397],[-70.68901871991648,-33.37455669363205],[-70.68901539554744,-33.37453832141248],[-70.68900994087674,-33.37452031104955],[-70.68900240843702,-33.37450283599258],[-70.68899287077082,-33.37448606453553],[-70.68883675412071,-33.37424300213728],[-70.68883839352486,-33.3742422625492],[-70.68884200278491,-33.37424087246791],[-70.68884814166007,-33.374237864850265],[-70.68885440281065,-33.37423504024222],[-70.68885769941964,-33.37423318221843],[-70.68886112890539,-33.37423150201065],[-70.68886688685876,-33.37422800402367],[-70.68887278787876,-33.374224678109194],[-70.68887585155233,-33.37422255792412],[-70.6888790682359,-33.374220603771235],[-70.68888438981529,-33.374216649102536],[-70.68888987387432,-33.37421285391227],[-70.68889267510758,-33.37421049198456],[-70.6888956480105,-33.374208282706235],[-70.68890048196597,-33.374203909441746],[-70.68890549624967,-33.37419968152552],[-70.68890800806525,-33.3741971006019],[-70.68891070855678,-33.374194657474796],[-70.68891500833482,-33.374189907731555],[-70.68891950455283,-33.37418528780675],[-70.68892170276055,-33.3741825127431],[-70.68892410483359,-33.37417985929595],[-70.68892782902515,-33.37417477881667],[-70.68893176387652,-33.37416981137593],[-70.68893362730655,-33.37416686889769],[-70.68893570782788,-33.374164030684746],[-70.68893882056712,-33.374158668397456],[-70.68894215615735,-33.374153401280054],[-70.68894366686399,-33.37415031972499],[-70.68894540579717,-33.37414732407985],[-70.68894787710694,-33.374141731626544],[-70.68895058131277,-33.374136215557776],[-70.68895172474726,-33.37413302460297],[-70.68895310534558,-33.37412990037546],[-70.68895491142621,-33.374124131614565],[-70.68895695820493,-33.37411841971735],[-70.6889577233556,-33.374115150093516],[-70.68895873232336,-33.3741119273717],[-70.68895985578168,-33.374106037859576],[-70.68896122542209,-33.37410018514272],[-70.68896160492034,-33.3740968683382],[-70.68896223254083,-33.37409357815864],[-70.68896266255773,-33.3740876246146],[-70.68896334186988,-33.374081687442995],[-70.68896333206118,-33.37407835540043],[-70.68896357229033,-33.37407502944941],[-70.68896330472496,-33.37406906920936],[-70.68896328716716,-33.374063104761206],[-70.68896288814621,-33.374059789569955],[-70.68896273867072,-33.37405645987823],[-70.68896177610033,-33.37405055034252],[-70.6889610618421,-33.37404461605869],[-70.68896027745191,-33.37404134964586],[-70.68895973971158,-33.37403804828011],[-70.68895809140666,-33.37403224636073],[-70.68895668732712,-33.37402639939159],[-70.68895552512207,-33.37402321321447],[-70.68895460429584,-33.37401997196863],[-70.6889522861309,-33.37401433354116],[-70.68895020575246,-33.37400863019612],[-70.68894867692542,-33.37400555493929],[-70.68894738188156,-33.37400240502826],[-70.68894441618215,-33.37399698439374],[-70.68894167954038,-33.373991479598985],[-70.68893979881491,-33.37398854487874],[-70.68893814202563,-33.37398551663786],[-70.68893455735332,-33.3739803659998],[-70.68893119080384,-33.37397511276937],[-70.68892897629257,-33.37397234684865],[-70.68892697371375,-33.37396946944137],[-70.68892280459107,-33.37396463840302],[-70.68891884055587,-33.373959687328295],[-70.68891081753043,-33.37395065763457],[-70.68889726405538,-33.37393682072168],[-70.68888221311019,-33.37392412007154],[-70.68886579934163,-33.373912669304545],[-70.68884816958814,-33.373902570859556],[-70.68882948156629,-33.37389391507751],[-70.68880990245967,-33.373886779393246],[-70.68878960742353,-33.37388122764272],[-70.6887687780176,-33.37387730949205],[-70.68874760058215,-33.37387505999308],[-70.68872626457073,-33.37387449926989],[-70.68853570212926,-33.37387705701029],[-70.68840714388394,-33.373871368876365],[-70.68840578133957,-33.373871312053346],[-70.68836894776538,-33.37386986957539],[-70.68836946212166,-33.37386558805714],[-70.68836951264812,-33.37384700536245],[-70.68836739204941,-33.37382850799316],[-70.68836312074944,-33.37381027408894],[-70.6883567398844,-33.373792479251975],[-70.68834831090662,-33.37377529485595],[-70.68833791499273,-33.37375888639553],[-70.68832565226178,-33.37374341189266],[-70.68831164081105,-33.37372902037475],[-70.68829601557873,-33.37371585043939],[-70.68827892704425,-33.37370402891966],[-70.68826053977926,-33.373693669662764],[-70.68824387220337,-33.37368615369027],[-70.68825747466097,-33.37346460480725],[-70.68825747667277,-33.373463895851266],[-70.68825755500109,-33.3734631918877],[-70.6882575372595,-33.373460266263436],[-70.68825786091203,-33.37345455473985],[-70.68825785415909,-33.373450964910546],[-70.688257770457,-33.37344957998417],[-70.68825782478204,-33.3734481940276],[-70.6882577715824,-33.37344544100764],[-70.68827655252902,-33.373125156573785],[-70.68827655261326,-33.373124178213075],[-70.68827665500532,-33.37312320363155],[-70.68827710415403,-33.373113504922145],[-70.68829155768623,-33.37282281527979],[-70.68829139393621,-33.37280423304113],[-70.68828906017248,-33.37278575374768],[-70.68828457887179,-33.37276755536498],[-70.68827799319277,-33.37274981315309],[-70.6882693665602,-33.37273269797896],[-70.68825878205419,-33.37271637467054],[-70.68824634161005,-33.372701000429736],[-70.6882321650365,-33.37268672331836],[-70.6882163888619,-33.37267368083219],[-70.68819916501937,-33.372661998576966],[-70.68818065938358,-33.37265178905862],[-70.68816105017329,-33.372643150599885],[-70.68814052623516,-33.37263616639344],[-70.68811928522486,-33.37263090370059],[-70.68809753170375,-33.3726274132037],[-70.68807547516882,-33.37262572851797],[-70.68805332803518,-33.372625865867796],[-70.68803130359052,-33.37262782393046],[-70.68800961394085,-33.37263158384895],[-70.68798846796817,-33.372637109413425],[-70.68796806931863,-33.37264434741006],[-70.68794861444144,-33.372653228133416],[-70.68793029069703,-33.372663666057775],[-70.68791327455256,-33.37267556066079],[-70.68789772988264,-33.37268879739148],[-70.68788380639101,-33.37270324877346],[-70.68787163816884,-33.3727187756326],[-70.68786134240337,-33.372735228437236],[-70.68785301824924,-33.37275244873834],[-70.68784674587368,-33.37277027069533],[-70.68784258568425,-33.372788522673304],[-70.68784057774717,-33.372807028895934],[-70.68782985689111,-33.373022624582646],[-70.68780366859038,-33.3730416005476],[-70.68765297953061,-33.373036488014456],[-70.68731523128383,-33.37302379057396],[-70.68731345040138,-33.373023797012365],[-70.68731167493064,-33.37302368043575],[-70.68715058909576,-33.37301975838209],[-70.68723793042432,-33.37286294242485],[-70.68724631122248,-33.372845741468296],[-70.6872526422214,-33.372827934104485],[-70.68725686245126,-33.37280969182837],[-70.68725893127024,-33.37279119032324],[-70.68725882875587,-33.37277260776871],[-70.68725655589678,-33.37275412312492],[-70.68725213458319,-33.37273591440894],[-70.68724560739602,-33.37271815698039],[-70.68723703719677,-33.37270102185266],[-70.68722650652204,-33.372684674045956],[-70.68721411678875,-33.37266927099808],[-70.68719998731724,-33.37265496104827],[-70.68718425418226,-33.372641882008594],[-70.68716706890244,-33.37263015983677],[-70.68714859698107,-33.37261990742319],[-70.68712901631228,-33.37261122350366],[-70.6871085154678,-33.372604191708696],[-70.68708729188093,-33.37259887975787],[-70.6870655499452,-33.37259533880794],[-70.68704349904611,-33.372593602960016],[-70.68702135154444,-33.372593688931204],[-70.6869993207314,-33.37259559589356],[-70.68697761877439,-33.37259930548221],[-70.68695645467389,-33.372604781972015],[-70.68693603225066,-33.37261197262176],[-70.68691654818282,-33.372620808182],[-70.68689819011192,-33.37263120356194],[-70.68688113483573,-33.37264305864894],[-70.6868655466057,-33.37265625927262],[-70.68685157554505,-33.372670678304296],[-70.68683935620307,-33.372686176881416],[-70.68682900625929,-33.37270260574465],[-70.68667004501327,-33.37298800794554],[-70.68666977534734,-33.372988561405116],[-70.68666944630505,-33.37298909177466],[-70.68666663468821,-33.372994223954905],[-70.68649775534348,-33.37329830133111],[-70.6864954739703,-33.373302998280955],[-70.68649294221797,-33.373307611087164],[-70.68649259140275,-33.37330834278413],[-70.68639896584091,-33.37348801297751],[-70.68639756456515,-33.373491107533276],[-70.68639657881627,-33.373492928686865],[-70.68639636746224,-33.37349329570639],[-70.68639618906205,-33.37349364875088],[-70.68639593183606,-33.37349412397129],[-70.68639568828165,-33.373494639768616],[-70.68621277218583,-33.373856619415655],[-70.68621147765624,-33.3738588540118],[-70.68621138109431,-33.37385900551042],[-70.68621105690009,-33.37385958031429],[-70.68621035083747,-33.373860799108165],[-70.68621018761601,-33.37386112157508],[-70.6860480672183,-33.374148563773524],[-70.68604591077218,-33.37415292926074],[-70.68581993368903,-33.3745560441512],[-70.68557460729814,-33.37497135990779],[-70.68557180633208,-33.37497540382794],[-70.68556876947483,-33.374979930100174],[-70.68536776340468,-33.37528937076016],[-70.68535813133276,-33.37530610425484],[-70.68535050052544,-33.3753235492888],[-70.68534494447269,-33.375341537857146],[-70.68534151668354,-33.375359896720404],[-70.68534025017081,-33.37537844907279],[-70.6853411571331,-33.375397016245046],[-70.68534422883722,-33.37541541942505],[-70.68534943570232,-33.37543348137992],[-70.68535672758462,-33.37545102816289],[-70.68536603426038,-33.37546789078841],[-70.68537726610207,-33.37548390685975],[-70.68539031494153,-33.375498922132834],[-70.68540505511169,-33.37551279200186],[-70.68542134465676,-33.37552538289178],[-70.68543902669934,-33.37553657354492],[-70.68545793095129,-33.37554625618864],[-70.68547787535361,-33.37555433757326],[-70.68549866782993,-33.375560739870224],[-70.68552010813626,-33.37556540142158],[-70.68554198978948,-33.37556827733379],[-70.68556410205599,-33.37556933991014],[-70.68558623198118,-33.3755685789174],[-70.6856081664404,-33.37556600168444],[-70.68562969419153,-33.375561633031616],[-70.68565060790932,-33.37555551503173],[-70.68567070618222,-33.37554770660488],[-70.68568979545199,-33.37553828295091],[-70.68570769187791,-33.375527334825335],[-70.68572422310724,-33.375514967665126],[-70.68573922993511,-33.37550130057334],[-70.68575256783774,-33.37548646517213],[-70.68576410836422,-33.37547060433507],[-70.6859636319672,-33.3751634436876],[-70.6859675561662,-33.37515777805178],[-70.68597120084911,-33.37515230968105],[-70.68597323556318,-33.375149134669236],[-70.68597667527202,-33.37514354673073],[-70.68622539783634,-33.37472247820004],[-70.68622632228336,-33.37472069867065],[-70.68622740854802,-33.37471898470373],[-70.68645666818,-33.37431001066906],[-70.68645861038817,-33.37430605246819],[-70.68646682748417,-33.3742914833426],[-70.68666376112529,-33.37458330342745],[-70.68667560637023,-33.37459900526473],[-70.68668922893012,-33.3746136573622],[-70.68670449761251,-33.37462711861161],[-70.68672126537169,-33.37463925937318],[-70.6867393707247,-33.37464996272422],[-70.68675863930657,-33.374659125585026],[-70.68677888554963,-33.37466665971179],[-70.68679991447046,-33.374672492546374],[-70.68682152354795,-33.374676567915095],[-70.68684350467356,-33.37467884656969],[-70.68686564615572,-33.3746793065654],[-70.68688773475849,-33.37467794347219],[-70.68690955775513,-33.37467477041757],[-70.686930904977,-33.374669817959976],[-70.68695157083756,-33.37466313379465],[-70.68697135631224,-33.37465478229415],[-70.68699007085534,-33.374644843888504],[-70.68700753423502,-33.374633414290486],[-70.68702357826912,-33.37462060357399],[-70.68703804844478,-33.37460653511373],[-70.6870508054066,-33.37459134439726],[-70.68706172629852,-33.374575177720025],[-70.68707070594719,-33.374558190776405],[-70.6870776578746,-33.374540547160365],[-70.68708251513104,-33.37452241678987],[-70.68708523093976,-33.37450397427051],[-70.6870857791474,-33.374485397213896],[-70.68708415447577,-33.374466864527264],[-70.68708037257274,-33.37444855469038],[-70.68707446986137,-33.37443064403676],[-70.68706650318914,-33.37441330505539],[-70.68705654928047,-33.37439670472983],[-70.6869156254848,-33.37418788270611],[-70.68694157574038,-33.374190754591666],[-70.68706255317922,-33.37427246375217],[-70.68708046655847,-33.374283392032574],[-70.68709957036276,-33.37429279452099],[-70.68711968061127,-33.37430058066583],[-70.68714060363043,-33.37430667548186],[-70.68716213791897,-33.374311020272366],[-70.68718407608868,-33.37431357319441],[-70.68720620686166,-33.37431430966183],[-70.68722831710508,-33.37431322258205],[-70.68725019388383,-33.37431032242434],[-70.68727162651129,-33.37430563711906],[-70.68729240857836,-33.374299211788525],[-70.68731233994133,-33.37429110831264],[-70.6873312286495,-33.37428140473272],[-70.68734889279368,-33.37427019450011],[-70.6873651622582,-33.37425758557607],[-70.6873775708056,-33.37424587840213],[-70.68738179324654,-33.37424594064265],[-70.68738445464797,-33.37424576025657],[-70.68738713658387,-33.374245746463224],[-70.68738718533163,-33.37424574218161],[-70.68738722516689,-33.374245741963506],[-70.68739553801015,-33.37424500904112],[-70.68740386948448,-33.37424444434427],[-70.68740649646944,-33.37424404603705],[-70.68740916436754,-33.374243811708794],[-70.68740921278048,-33.374243803369914],[-70.68740925203797,-33.374243799908676],[-70.68741743922956,-33.37424238687949],[-70.6874256646151,-33.37424113973361],[-70.68742823196106,-33.374240527414095],[-70.68743086005514,-33.37424007473819],[-70.68743090760687,-33.374240062368024],[-70.6874309459645,-33.37424005574788],[-70.68743892865724,-33.374237976220115],[-70.68744696873816,-33.37423605863613],[-70.68744945180605,-33.374235238256574],[-70.6874520147041,-33.374234571540775],[-70.68745206086983,-33.37423455521773],[-70.68745209802084,-33.37423454553969],[-70.6874597993362,-33.374231819540555],[-70.6874675766821,-33.374229249985895],[-70.68746995164955,-33.37422822948343],[-70.68747242458244,-33.374227355115664],[-70.68747246884749,-33.37422733497059],[-70.68747250450006,-33.37422732235082],[-70.68747985026958,-33.37422397613341],[-70.68748728998023,-33.37422077935435],[-70.68748736212319,-33.37422074043015],[-70.68765527066195,-33.37422657050518],[-70.68765600309973,-33.37422798845427],[-70.68765793322795,-33.37423246164271],[-70.68766218922826,-33.37423996437132],[-70.68766341681776,-33.374242340899286],[-70.68786672578322,-33.37459125285426],[-70.68786726326852,-33.37459207090694],[-70.68786771125947,-33.37459292291681],[-70.68805909312036,-33.37491333155636],[-70.6880699759928,-33.374929516282855],[-70.68808269723432,-33.37494472809154],[-70.68809713433285,-33.374958820483855],[-70.68811314825136,-33.37497165774176],[-70.68813058476698,-33.37498311623488],[-70.68814927595612,-33.37499308561114]]]}},{"type":"Feature","properties":{"numpos":"1428","TIPO":"DESCARGO","TENSION":"MT","INCIDENCIA":"DF202671819494","CLITOTAL":"177","CANTAVISOS":"","FECHA_INICIO":"","FECHA_FIN":"","DESCARGO":"DF202671819494(TP20267213818127)","ESTADODESC":"789","ESTADOINC":" ","CLI_PLAN":"1","FECHA_INIDESC":"10-10-2026 10:30","FECHA_FINDESC":"10-10-2026 17:30","FECHA_REPOSICION":"10-10-2026 17:30","id_alim":"1821"},"geometry":{"type":"Polygon","coordinates":[[[-70.6056041172477,-33.45913817260427],[-70.60561773564812,-33.4591528365279],[-70.60563300325684,-33.45916631098855],[-70.60564977303848,-33.45917846621921],[-70.6056678834906,-33.45918918515782],[-70.60568716019918,-33.45919836457457],[-70.60570741751818,-33.45920591606626],[-70.6057284603576,-33.45921176690743],[-70.60575008606224,-33.45921586075098],[-70.60577208636349,-33.4592181581708],[-70.60579424938504,-33.45921863704134],[-70.60581636168351,-33.459217292750836],[-70.605838210304,-33.459214138245656],[-70.60585958483108,-33.45920920390566],[-70.60588027941517,-33.45920253725154],[-70.60590009475514,-33.45919420248727],[-70.60591884001765,-33.45918427988163],[-70.60593633467498,-33.459172864995296],[-70.60595241024377,-33.45916006776044],[-70.60596691190749,-33.45914601142198],[-70.6059797000074,-33.45913083135073],[-70.60599065138763,-33.45911467373954],[-70.60599966058116,-33.45909769419559],[-70.60600664082548,-33.45908005624154],[-70.60601152489821,-33.4590619297408],[-70.6060142657643,-33.45904348926174],[-70.60601483702905,-33.45902491239633],[-70.6060132331923,-33.45900637804992],[-70.60595243320756,-33.45858897285101],[-70.60595155631427,-33.458581977698174],[-70.60595148864243,-33.45858144511478],[-70.60594299551386,-33.458515489233356],[-70.6059428187894,-33.458514551098965],[-70.60594274128694,-33.45851360356609],[-70.6059350311977,-33.45845887486751],[-70.60598753458649,-33.458454409158726],[-70.60598759013996,-33.45845440211087],[-70.60598764679887,-33.458454399613295],[-70.60599241259222,-33.458453992234524],[-70.60599581705804,-33.45845372862552],[-70.60599977824687,-33.458453256653016],[-70.6060037669558,-33.458452993885416],[-70.60632824639531,-33.4584181213443],[-70.60635007170768,-33.458414856406016],[-70.60637141012845,-33.45840981406292],[-70.60639205615578,-33.45840304287587],[-70.6064118109562,-33.45839460805553],[-70.6064304842794,-33.4583845908343],[-70.6064478962905,-33.45837308768407],[-70.60646387930208,-33.45836020938699],[-70.60647827938897,-33.45834607996871],[-70.60649095787072,-33.458330835503794],[-70.60650179264718,-33.458314622805275],[-70.60651067937425,-33.458297598010816],[-70.60651753246891,-33.45827992507886],[-70.60652228593324,-33.45826177420973],[-70.60652489399006,-33.458243320206364],[-70.60652533152374,-33.45822474079107],[-70.60652359432194,-33.45820621489372],[-70.60651969911628,-33.45818792092867],[-70.60651368342094,-33.458170035076634],[-70.60650560517156,-33.45815272958774],[-70.60649554216707,-33.45813617112294],[-70.60648359132048,-33.4581205191488],[-70.60646986772548,-33.458105924401835],[-70.60645450354812,-33.45809252743688],[-70.60643764675382,-33.458080457273454],[-70.60641945968241,-33.45806983015327],[-70.60640011748488,-33.45806074842079],[-70.60637980643634,-33.45805329953757],[-70.60635872214235,-33.458047555240064],[-70.60633706765498,-33.45804357084868],[-70.60631505151757,-33.45804138473507],[-70.60629288575618,-33.458041017952624],[-70.60627078383779,-33.458042474033675],[-70.60595027293513,-33.4580769200301],[-70.60594978113112,-33.4580769581106],[-70.60594764203002,-33.45807713234694],[-70.60594191708226,-33.45807762171327],[-70.60589633100342,-33.45808149906133],[-70.60587823714891,-33.45796680392839],[-70.60584072805273,-33.457721003503146],[-70.60584049155139,-33.45771950145504],[-70.60581570916587,-33.457566816553474],[-70.6058158389896,-33.45756577204718],[-70.60581584900439,-33.45756428189845],[-70.60581600573938,-33.45756279392919],[-70.60581591150634,-33.45755498192824],[-70.60581596387794,-33.457547189301046],[-70.60581579961065,-33.45754570567587],[-70.6058157815911,-33.457544211838],[-70.60581477419844,-33.457536444382505],[-70.60581391516409,-33.45752868577514],[-70.60579637648102,-33.45742558063588],[-70.60580915359638,-33.45739995406384],[-70.60580916768671,-33.45739995047732],[-70.60582964751201,-33.45739283397859],[-70.60583280084188,-33.45739142017905],[-70.60593289082331,-33.45738464046957],[-70.6059342885742,-33.45738448762652],[-70.6059356968037,-33.45738443563659],[-70.60594156226323,-33.45738397656686],[-70.60594967254691,-33.45738300336744],[-70.60595498220258,-33.45738254737881],[-70.60633002623712,-33.457334653471136],[-70.60635175299097,-33.45733095653485],[-70.60637294281622,-33.45732549234882],[-70.60639339164216,-33.45731831353657],[-70.60641290253447,-33.45730948923434],[-70.60643128759186,-33.45729910442555],[-70.60644836975573,-33.45728725912211],[-70.60646398451526,-33.45727406740133],[-70.60647798149188,-33.45725965630727],[-70.60649022588734,-33.45724416462722],[-70.60650059978202,-33.457227741554995],[-70.60650900327049,-33.45721054525424],[-70.60651535542354,-33.45719274133513],[-70.60651959506768,-33.45717450125935],[-70.60652168137413,-33.457156000689025],[-70.60652159425197,-33.457137417794826],[-70.60651933454162,-33.45711893154013],[-70.60651492400669,-33.45710071995751],[-70.60650840512429,-33.45708295843421],[-70.60649984067594,-33.457065818023054],[-70.6064893131429,-33.4570494637951],[-70.60647692391179,-33.45703405325008],[-70.60646279229816,-33.457019734799346],[-70.60644705439734,-33.457006646336865],[-70.60642986177393,-33.45699491391109],[-70.60641138000193,-33.456984650511195],[-70.60639178707031,-33.45697595497875],[-70.60637127166888,-33.45696891105609],[-70.60635003137119,-33.45696358657963],[-70.6063282707317,-33.456960032826714],[-70.60630619931597,-33.4569582840218],[-70.60628402968244,-33.45695835700669],[-70.60626197533539,-33.456960251078605],[-70.60611618845127,-33.456978868489195],[-70.60611471693312,-33.45696615821676],[-70.606114159837,-33.45696297877488],[-70.60611384681265,-33.456959770657384],[-70.60611270074205,-33.45695246207446],[-70.60611205734205,-33.45694836043753],[-70.60609394538376,-33.45681631446807],[-70.60609033549616,-33.45679797943119],[-70.60608459897678,-33.456780029268664],[-70.60607679107258,-33.45676263685008],[-70.606066986979,-33.45674596967349],[-70.60605528111562,-33.45673018825247],[-70.60604178621685,-33.456715444570214],[-70.60602663224628,-33.45670188061581],[-70.60600996514496,-33.45668962701706],[-70.60599194542596,-33.456678801782196],[-70.60597274662852,-33.45666950916363],[-70.60595255364684,-33.456661838653886],[-70.6059315609494,-33.45665586412379],[-70.60590997070624,-33.45665164311096],[-70.60588799084192,-33.45664921626589],[-70.60586583303322,-33.456648606960286],[-70.60584371067054,-33.456649821062136],[-70.60582183680297,-33.456652846879045],[-70.60580042208652,-33.456657655270995],[-70.60577967275542,-33.456664199930856],[-70.60575978863606,-33.45667241783037],[-70.60574096122261,-33.45668222982717],[-70.60572337183275,-33.4566935414269],[-70.60570718986162,-33.45670624369324],[-70.6056925711504,-33.45672021429697],[-70.60567965648552,-33.45673531869413],[-70.60566857024271,-33.45675141142162],[-70.60565941918932,-33.45676833749818],[-70.60565338858984,-33.45678322539466],[-70.60562766821158,-33.456609201925545],[-70.60562765897956,-33.45660920288424],[-70.60561500579001,-33.456505900587494],[-70.60561465210534,-33.456503957409666],[-70.60561447879878,-33.45650199712179],[-70.60559139460194,-33.45634555164389],[-70.60559132701982,-33.45634522582577],[-70.60559129649008,-33.45634489611128],[-70.60556629560226,-33.45618017976184],[-70.60557050443232,-33.456177054078964],[-70.60558557721316,-33.456163426779455],[-70.60559898390662,-33.45614862671668],[-70.60561059539931,-33.45613279642384],[-70.6056202998669,-33.45611608835584],[-70.60562800385097,-33.45609866342089],[-70.60563363315899,-33.456080689431026],[-70.60563713357891,-33.45606233948582],[-70.60563847140108,-33.45604379030541],[-70.60563763374294,-33.45602522052859],[-70.60563462867299,-33.45600680899236],[-70.60562948513298,-33.45598873300969],[-70.60562225265926,-33.45597116666188],[-70.60561300090556,-33.455954279122096],[-70.60560181897216,-33.455938233026075],[-70.6055888145479,-33.455923182905984],[-70.6055741128728,-33.45590927370219],[-70.6055578555322,-33.4558966393673],[-70.60554019909301,-33.455885401576325],[-70.60552131359596,-33.45587566855479],[-70.60552020168139,-33.455875214783],[-70.60551496234848,-33.45584488560325],[-70.60551448800734,-33.455842268838246],[-70.60550236076077,-33.45577837707046],[-70.60554586403848,-33.45560324059639],[-70.60554931266803,-33.45558488376289],[-70.6055505981557,-33.45556633198092],[-70.60554970812295,-33.45554776391427],[-70.60554665114262,-33.45552935838347],[-70.60554145665644,-33.455511292643706],[-70.60553417469137,-33.455493740677596],[-70.60552487537777,-33.45547687151977],[-70.60551364827394,-33.45546084762898],[-70.60550060150372,-33.45544582332355],[-70.60548586071498,-33.455431943295174],[-70.60546956786968,-33.45541934121557],[-70.60545187987668,-33.45540813844905],[-70.6054329670806,-33.45539844288388],[-70.60542898378675,-33.45539682704938],[-70.60542587284448,-33.455380673887575],[-70.6054212700324,-33.455362495770665],[-70.60541456375513,-33.455344783356864],[-70.60540581859891,-33.45532770722606],[-70.60539511878528,-33.45531143183032],[-70.60538256735998,-33.45529611391003],[-70.6053682852006,-33.455281900984644],[-70.60535240985227,-33.455268929931776],[-70.60533509420323,-33.455257325669244],[-70.60531650501228,-33.455247199951835],[-70.60529682130286,-33.45523865029527],[-70.60527623263904,-33.45523175903697],[-70.60525493729988,-33.455226592543106],[-70.60523314036989,-33.45522320056965],[-70.60521105176416,-33.45522161578295],[-70.60518888420663,-33.455221853445266],[-70.60516685118161,-33.45522391126793],[-70.60514516487785,-33.455227769433066],[-70.60512403414506,-33.455233390784755],[-70.60510366248266,-33.45524072118666],[-70.60508424607994,-33.45524969004344],[-70.60506597192679,-33.45526021098061],[-70.60504901601284,-33.45527218267637],[-70.60503354163264,-33.45528548983727],[-70.60501969781298,-33.45530000430868],[-70.60500761787782,-33.45531558630884],[-70.60499741816409,-33.455332085775105],[-70.60498919690147,-33.455349343809026],[-70.60498303326627,-33.45536719420662],[-70.60497898661883,-33.455385465059166],[-70.60497709593193,-33.45540398040844],[-70.60497737941526,-33.455422561941646],[-70.60497983434011,-33.455441030708336],[-70.60502390805058,-33.45566988311475],[-70.6050072636903,-33.45567407285456],[-70.60498675815977,-33.45568113634518],[-70.60496717732705,-33.45568985056595],[-70.6049487097655,-33.4557001315947],[-70.60493153332735,-33.45571188042004],[-70.60491581343086,-33.4557249838949],[-70.60490170146726,-33.45573931582626],[-70.6048893333428,-33.455754738190336],[-70.60487882816983,-33.455771102461824],[-70.60487028711974,-33.45578825104432],[-70.6048637924485,-33.45580601878799],[-70.60485940670453,-33.45582423458001],[-70.60485717212624,-33.45584272299253],[-70.60485711023519,-33.455861305972114],[-70.60485922162884,-33.455879804554485],[-70.60491611124489,-33.45620757976759],[-70.60491764039551,-33.45621411897435],[-70.60491895221048,-33.45622069126843],[-70.60491977154085,-33.45622323252872],[-70.6049203756215,-33.456225815797396],[-70.6049226620698,-33.45623219788085],[-70.60492473609811,-33.45623863074866],[-70.60492584864512,-33.456241092455805],[-70.60492675189111,-33.456243613653996],[-70.60492977361777,-33.456249777151115],[-70.6049325898858,-33.456256008640416],[-70.60493398493516,-33.45625836708677],[-70.60493517864788,-33.4562608019339],[-70.60493890655232,-33.4562666874866],[-70.60494243793829,-33.45627265758472],[-70.60494410205503,-33.45627489005709],[-70.60494557473851,-33.45627721510417],[-70.60494997291934,-33.456282766031315],[-70.60495418541424,-33.45628841724262],[-70.60495610257205,-33.456290502240954],[-70.60495784004368,-33.4562926950965],[-70.60496286614422,-33.456297857939425],[-70.60496771917961,-33.45630313583947],[-70.60496987091533,-33.456305053284105],[-70.60497185644229,-33.456307092829555],[-70.6049774620585,-33.45631181786699],[-70.60498290889714,-33.456316671626595],[-70.60498527448831,-33.456318403051334],[-70.60498748894902,-33.45632026964473],[-70.60499362009577,-33.456324511371825],[-70.60499960828157,-33.45632889424636],[-70.60500216494631,-33.45633042297665],[-70.60500458701422,-33.45633209864151],[-70.60501118464502,-33.45633581620786],[-70.60501765650848,-33.45633968598772],[-70.6050203796246,-33.456340997300885],[-70.60502298597385,-33.45634246589965],[-70.60502998654982,-33.456345623502905],[-70.60503687976306,-33.45634894291977],[-70.60503974310545,-33.45635002418713],[-70.6050425086353,-33.45635127157626],[-70.60504984473667,-33.45635383880676],[-70.60505709291417,-33.456356575892706],[-70.60506006890706,-33.456357416700996],[-70.6050629669839,-33.45635843086741],[-70.60507056795977,-33.456360383001254],[-70.60507810129711,-33.456362511396435],[-70.60508116127991,-33.45636310364815],[-70.60508416399352,-33.45636387482483],[-70.60509195664203,-33.456365193061785],[-70.60509970258853,-33.45636669226847],[-70.60510281709173,-33.456367030259884],[-70.6051058955242,-33.45636755101993],[-70.60511380479727,-33.456368222664565],[-70.60512168875495,-33.456369078244556],[-70.6051248277841,-33.45636915872063],[-70.60512795228816,-33.45636942404879],[-70.60513590201464,-33.45636944263276],[-70.60513957654695,-33.45636953683722],[-70.60514304146544,-33.45639236590323],[-70.60514307207895,-33.45639257338372],[-70.60514074545806,-33.45639313015207],[-70.60512012671661,-33.456399958517494],[-70.60510040573072,-33.45640844803252],[-70.60508177242353,-33.45641851693898],[-70.60506440624341,-33.45643006826836],[-70.6050484744359,-33.45644299077557],[-70.60503413043307,-33.45645716001041],[-70.60502151237573,-33.45647243951596],[-70.6050107417832,-33.45648868214275],[-70.60500192238298,-33.456505731465846],[-70.6049951391117,-33.456523423291365],[-70.60499045729709,-33.456541587237645],[-70.60498792202893,-33.45656004837614],[-70.60498755772453,-33.456578628916105],[-70.60498936789375,-33.45659714991675],[-70.60501403192525,-33.4567542687914],[-70.605014280565,-33.45675788910834],[-70.60501663880682,-33.45677636454989],[-70.60502114588077,-33.456794557318055],[-70.6050277583926,-33.456812292247065],[-70.60503641267616,-33.45682939857925],[-70.60504702540628,-33.45684571160911],[-70.60505949440105,-33.456861074269376],[-70.60507369960563,-33.45687533864305],[-70.60508950424817,-33.4568883673878],[-70.60510675615667,-33.45690003505833],[-70.60512528922413,-33.456910229314154],[-70.60514492500789,-33.4569188520014],[-70.6051654744478,-33.45692582009772],[-70.60518673968653,-33.456931066511785],[-70.60520851597465,-33.45693454072923],[-70.60521499627485,-33.45693503049304],[-70.60522327860185,-33.45693809098784],[-70.60524064725904,-33.45703998028721],[-70.60524183566606,-33.45704944107492],[-70.6052432435123,-33.4570570436209],[-70.60524449790975,-33.45706466502035],[-70.60524494318044,-33.45706622203956],[-70.60524523617026,-33.457067804220756],[-70.60524582563319,-33.45706972191016],[-70.60522644485224,-33.45707168360717],[-70.6052045918266,-33.45707481398862],[-70.60518321008075,-33.45707972472044],[-70.60516250553144,-33.4570863685099],[-70.60514267757375,-33.45709468137407],[-70.60512391716101,-33.457104583256076],[-70.60510640496565,-33.45711597879586],[-70.60509030963942,-33.457128758248736],[-70.60507578618909,-33.45714279854216],[-70.60506297448366,-33.457157964460954],[-70.60505199790735,-33.45717410994961],[-70.60504296217135,-33.45719107951869],[-70.60503595429572,-33.457208709742346],[-70.60503104177124,-33.45722683083225],[-70.60502827190948,-33.45724526827257],[-70.6050276713871,-33.45726384450082],[-70.60502924598886,-33.45728238061771],[-70.6050329805518,-33.4573006981102],[-70.60503883911136,-33.457318620570604],[-70.6050467652476,-33.457335975395495],[-70.60505668262842,-33.45735259544799],[-70.6050684957449,-33.457368320667435],[-70.60508209083078,-33.457382999610836],[-70.60509733695825,-33.45739649091137],[-70.6051140872988,-33.45740866463988],[-70.60512093792319,-33.45741273070538],[-70.60515602760684,-33.457646557650584],[-70.6051567918259,-33.457653022990925],[-70.60515734161889,-33.457656100491754],[-70.60515765260499,-33.457659251310346],[-70.60517679198104,-33.45778020205925],[-70.60517387860422,-33.45778086304429],[-70.6051531494436,-33.457787453061385],[-70.60513329071152,-33.4577957144203],[-70.60511449365762,-33.457805567560065],[-70.60509693930727,-33.45781691759015],[-70.60508079671813,-33.457829655204065],[-70.60506622135215,-33.45784365773224],[-70.6050533535783,-33.45785879032326],[-70.60504231732075,-33.45787490724248],[-70.60503321886546,-33.45789185327565],[-70.60502614583649,-33.457909465223594],[-70.60502116635209,-33.45792757347399],[-70.60501832836869,-33.457946003634646],[-70.60501765921899,-33.45796457821317],[-70.60501916534864,-33.45798311832621],[-70.60502283225416,-33.45800144542221],[-70.60502862462253,-33.458019383001016],[-70.6050364866713,-33.458036758313604],[-70.60504634268558,-33.45805340402579],[-70.6050580977474,-33.45806915982978],[-70.60507163864965,-33.45808387398807],[-70.60508683498631,-33.458097404794685],[-70.60510354040844,-33.45810962193997],[-70.60512159403342,-33.45812040776562],[-70.60514082199448,-33.45812965839767],[-70.6051610391151,-33.458137284746996],[-70.6051820506924,-33.458143213367315],[-70.60520306392756,-33.45814727308956],[-70.604971312772,-33.45816670370687],[-70.60496824992215,-33.45816708851483],[-70.60496516227583,-33.45816729081656],[-70.60476137689206,-33.45818911794297],[-70.60459678552756,-33.45820532013552],[-70.60457492012051,-33.4582083906186],[-70.6045535190534,-33.45821324273398],[-70.60453278842898,-33.4582198297535],[-70.6045129278935,-33.458228088240936],[-70.60449412871398,-33.458237938663025],[-70.60447657193625,-33.45824928615535],[-70.60446042664134,-33.45826202143596],[-70.60444584831724,-33.45827602185763],[-70.60443297736143,-33.45829115258931],[-70.60442193772874,-33.45830726791425],[-70.60441283573762,-33.45832421263354],[-70.60440575904616,-33.458341823560694],[-70.60440077580792,-33.45835993109315],[-70.60439793401545,-33.4583783608457],[-70.60439726103814,-33.45839693532985],[-70.6043987633585,-33.458415475663166],[-70.60440242650976,-33.45843380329197],[-70.60440821521505,-33.45845174171097],[-70.60441607372712,-33.45846911816302],[-70.60442592636527,-33.45848576530305],[-70.60443767824393,-33.45850152280945],[-70.60445121618673,-33.45851623892831],[-70.60446640981614,-33.458529771934806],[-70.6044831128092,-33.45854199149812],[-70.60450116430681,-33.458552779936575],[-70.60452039046262,-33.45856203335113],[-70.60454060611752,-33.458569662625834],[-70.60456161658273,-33.458575594286195],[-70.60458321951486,-33.458579771206814],[-70.6046052068646,-33.458582153161416],[-70.60462736688041,-33.458582717210355],[-70.60464948614778,-33.45858145792157],[-70.60481522116267,-33.45856514312691],[-70.60481750564433,-33.45856490834849],[-70.60501936294948,-33.4585432877124],[-70.60528166177411,-33.458521295826074],[-70.60528432176304,-33.458536708065175],[-70.60528449876023,-33.45853746818493],[-70.60528459353172,-33.4585382385628],[-70.60530594114071,-33.458655176786735],[-70.60530684149064,-33.45865888205824],[-70.6053074829584,-33.458662624980754],[-70.60530905254434,-33.45866798135686],[-70.60531036582178,-33.458673385975196],[-70.60531169512389,-33.458676999434054],[-70.6053127711932,-33.45868067163178],[-70.60531495958607,-33.45868587326176],[-70.60531689854598,-33.45869114395937],[-70.60531864399859,-33.4586946308059],[-70.6053201443066,-33.45869819691354],[-70.60532293043127,-33.45870319370277],[-70.60532547640072,-33.45870827971984],[-70.60532762119436,-33.45871160637371],[-70.60532953129248,-33.45871503204761],[-70.60533288831735,-33.45871977587413],[-70.60533601677754,-33.45872462822943],[-70.60533854025682,-33.45872776265308],[-70.60534084174994,-33.45873101490197],[-70.60534473734515,-33.45873546007993],[-70.60534841816754,-33.45874003204252],[-70.60535129603012,-33.45874294404965],[-70.60535396675365,-33.45874599155248],[-70.60535836340263,-33.45875009527226],[-70.60536256113902,-33.45875434281143],[-70.60536576566955,-33.45875700435767],[-70.60536877990307,-33.45875981776525],[-70.60537363526373,-33.45876354050559],[-70.60537830948765,-33.45876742271507],[-70.60538180982476,-33.45876980816819],[-70.60538513853956,-33.458772360385716],[-70.60539040585209,-33.45877566629444],[-70.60539551154817,-33.45877914578624],[-70.60539927398162,-33.45878123217288],[-70.60540288512033,-33.45878349862099],[-70.60540851365754,-33.45878635586029],[-70.60541400165499,-33.45878939912479],[-70.60541798995037,-33.4587911663518],[-70.60542184873566,-33.458793125203286],[-70.60542778429145,-33.45879550625619],[-70.6054336017377,-33.45879808398499],[-70.60543777748545,-33.45879951503294],[-70.60544184675489,-33.45880114742287],[-70.60544803216632,-33.4588030293584],[-70.60545412303597,-33.458805116726424],[-70.60545844602106,-33.458806197813416],[-70.60546268658526,-33.45880748802092],[-70.60546906228326,-33.45880885271497],[-70.60547536791744,-33.45881042961954],[-70.60547979650691,-33.458811150334085],[-70.6054841675267,-33.458812085933694],[-70.6054906721094,-33.458812920243375],[-70.6054971317811,-33.458813971498024],[-70.60550162332501,-33.45881432489922],[-70.60550608270478,-33.458814896880526],[-70.60551265352905,-33.45881519277098],[-70.60551920502776,-33.45881570825149],[-70.60552371626974,-33.45881569093586],[-70.605528221063,-33.458815893790344],[-70.60553028980259,-33.45881581657095],[-70.60556473177118,-33.4590522759751],[-70.60556849517263,-33.45907058932278],[-70.60557438199132,-33.4590885052953],[-70.60558233553506,-33.459105851351794],[-70.60559227920793,-33.459122460439815],[-70.6056041172477,-33.45913817260427]]]}},{"type":"Feature","properties":{"numpos":"18157","TIPO":"DESCARGO","TENSION":"MT","INCIDENCIA":"DF202671820101","CLITOTAL":"992","CANTAVISOS":"1","FECHA_INICIO":"","FECHA_FIN":"","DESCARGO":"DF202671820101(TP20267213818151)","ESTADODESC":"789","ESTADOINC":" ","CLI_PLAN":"1","FECHA_INIDESC":"11-10-2026 09:30","FECHA_FINDESC":"11-10-2026 15:30","FECHA_REPOSICION":"11-10-2026 15:30","id_alim":"1945"},"geometry":{"type":"Polygon","coordinates":[[[-70.64321917230636,-33.458283905106356],[-70.64322693698331,-33.45828239281249],[-70.64323474848398,-33.458281060665946],[-70.64323772900082,-33.45828029089521],[-70.64324076686118,-33.45827969922332],[-70.64324831730423,-33.45827755627943],[-70.6432559354115,-33.45827558876844],[-70.64325881156081,-33.458274577830366],[-70.64326176560401,-33.458273739422296],[-70.64326902909791,-33.4582709864662],[-70.64327638044485,-33.45826840253912],[-70.64327912452758,-33.45826716016964],[-70.64328196630443,-33.45826608309979],[-70.64328887289733,-33.45826274664418],[-70.64329588668619,-33.45825957118576],[-70.64329847227529,-33.458258109349636],[-70.64330117441772,-33.458256803990835],[-70.64330765759519,-33.45825291616779],[-70.64331426627906,-33.458249179759605],[-70.64331666847374,-33.45824751253525],[-70.64331920495866,-33.45824599145888],[-70.64332520228405,-33.458241589710376],[-70.64333134221746,-33.458237328336345],[-70.64333353788327,-33.4582354717801],[-70.64333588428285,-33.45823374963501],[-70.64334133799854,-33.45822887635254],[-70.64334695005056,-33.4582241310522],[-70.64334891804204,-33.45822210304378],[-70.64335105175917,-33.458220196415304],[-70.64335590934284,-33.458214898531494],[-70.64336093946645,-33.458209715004855],[-70.64336266083082,-33.45820753507515],[-70.64336456131662,-33.45820546232522],[-70.64336877598728,-33.45819979086181],[-70.64337317573974,-33.458194219029224],[-70.64337463389938,-33.458191908172275],[-70.64337628285124,-33.45818968926267],[-70.64337981401955,-33.45818369883902],[-70.64338354102902,-33.458177792360566],[-70.64338472194116,-33.45817537283125],[-70.64338610347887,-33.45817302913136],[-70.64338891713804,-33.45816677743874],[-70.64339193551173,-33.458160593197135],[-70.64339282780368,-33.45815808829688],[-70.64339392862242,-33.458155642377854],[-70.64339599767573,-33.45814918962363],[-70.64339827834542,-33.458142787176634],[-70.64339887342406,-33.45814022102905],[-70.64339968292249,-33.45813769644647],[-70.64340098744428,-33.458131104774274],[-70.64340250844631,-33.458124545781054],[-70.64343349520787,-33.45794401916614],[-70.64343379500701,-33.45794221074554],[-70.64348305283275,-33.45763419585178],[-70.64348329061801,-33.45763183329819],[-70.64348373375987,-33.45762949162908],[-70.64350922644452,-33.45743282235884],[-70.64350941425224,-33.45743016353122],[-70.6435094282943,-33.45743008194421],[-70.64354370515497,-33.4571270938651],[-70.64354471400935,-33.45710912200163],[-70.6435446987712,-33.45710885627933],[-70.64354471284857,-33.45710860332612],[-70.64354441418092,-33.45710389359933],[-70.64354368344313,-33.4570911510037],[-70.64354356089105,-33.45709043796184],[-70.6435435175774,-33.45708975494343],[-70.64354237206037,-33.45708352101603],[-70.64354062276118,-33.45707334310731],[-70.64354029182245,-33.45707220031592],[-70.64354008962268,-33.45707109994018],[-70.64353812773638,-33.45706472733408],[-70.64353555959553,-33.45705585907599],[-70.64353492244712,-33.45705431589988],[-70.64353446304514,-33.4570528236682],[-70.64353178543388,-33.45704671803988],[-70.6435285396558,-33.45703885674937],[-70.64352750340429,-33.45703695393154],[-70.64352669375053,-33.45703510771628],[-70.64352341888983,-33.45702945373691],[-70.64351962631662,-33.45702248961841],[-70.64351810458642,-33.45702027869997],[-70.64351685893395,-33.45701812810593],[-70.64351311193403,-33.457013024885356],[-70.64351032732648,-33.45700897913398],[-70.6435146761586,-33.45698499550079],[-70.64351689690031,-33.45696699099954],[-70.64351705664622,-33.45694889102285],[-70.64351515393805,-33.45693086095196],[-70.64351120616227,-33.456913065529356],[-70.64350524939127,-33.45689566735336],[-70.64349733805378,-33.45687882539254],[-70.64348754443735,-33.45686269353323],[-70.64347595802793,-33.456847419173414],[-70.6434626846923,-33.456833141875904],[-70.64345998656931,-33.456830750894866],[-70.6434476407398,-33.45681810406413],[-70.6434319872017,-33.456804945078716],[-70.64341487029169,-33.45679313554146],[-70.64339645485468,-33.456782789184096],[-70.64337691824083,-33.45677400564725],[-70.64335644859756,-33.456766869520656],[-70.64333524305778,-33.45676144952879],[-70.64331350584118,-33.45675779786882],[-70.64329144628778,-33.45675594970806],[-70.64326927684178,-33.45675592284525],[-70.64325081702397,-33.45675742424893],[-70.64323653175575,-33.456755724231414],[-70.6432137101374,-33.456754960828334],[-70.64319091319554,-33.45675613288582],[-70.64316837395278,-33.45675922842352],[-70.6431463227977,-33.45676421579995],[-70.64312498512994,-33.45677104403585],[-70.64310457905624,-33.456779643335295],[-70.64308531316108,-33.45678992579914],[-70.6430820265273,-33.45679210002366],[-70.6418196782579,-33.45654884036413],[-70.6418181751808,-33.456546012427175],[-70.641816980443,-33.4565442462791],[-70.64190581181455,-33.456214510999494],[-70.6419096806284,-33.45619584949281],[-70.64191130593062,-33.45617695736896],[-70.64191067146054,-33.45615802365459],[-70.64190778356787,-33.456139237792385],[-70.64190267114911,-33.456120787745554],[-70.6418953853582,-33.456102858117184],[-70.64188599909482,-33.456085628303164],[-70.64187460627492,-33.45606927069724],[-70.64186132089091,-33.45605394896621],[-70.64184627587112,-33.45603981641221],[-70.6418296217498,-33.45602701443899],[-70.64181152516088,-33.456015671137145],[-70.64181138696678,-33.45601560138235],[-70.64181414475186,-33.45600290449557],[-70.64181595874436,-33.455984383994355],[-70.64181559831856,-33.45596580363629],[-70.6418130669469,-33.45594734236028],[-70.64180838900924,-33.45592917795837],[-70.64180160955793,-33.45591148536339],[-70.64179279388387,-33.45589443496432],[-70.64178202688773,-33.45587819096541],[-70.64176941226226,-33.455862909804736],[-70.64175507149365,-33.455848738647624],[-70.64173914269153,-33.455835813969564],[-70.64172177925884,-33.45582426024164],[-70.64170314841459,-33.45581418873206],[-70.64169468932927,-33.45581054566329],[-70.64175245493149,-33.45558536302275],[-70.64176176324976,-33.45557718940122],[-70.6417754254377,-33.45556255477673],[-70.6417873105517,-33.455546868126426],[-70.64179730413225,-33.45553028052179],[-70.64180530993654,-33.455512951710986],[-70.64181125086542,-33.45549504858026],[-70.64181506970567,-33.455476743546825],[-70.64181672968107,-33.455458212898336],[-70.64181621480658,-33.45543963509508],[-70.64181353004209,-33.4554211890514],[-70.64180870124464,-33.4554030524126],[-70.64180177491949,-33.45538539984413],[-70.64179281777197,-33.455368401349524],[-70.64178191606524,-33.45535222063312],[-70.64176917478935,-33.455337013523554],[-70.64175471665018,-33.45532292647301],[-70.64173868088767,-33.45531009514696],[-70.64172122193487,-33.45529864311751],[-70.64170250793065,-33.45528868067342],[-70.64168271910047,-33.45528030375794],[-70.64166204602071,-33.45527359304492],[-70.64164068778338,-33.455268613161856],[-70.64153738106253,-33.455249047619766],[-70.64153503874557,-33.45524068387609],[-70.6415278812008,-33.455223096237404],[-70.64151870154352,-33.45520618135818],[-70.64150758817966,-33.455190102137486],[-70.6414946481377,-33.45517501342652],[-70.64148000603764,-33.45516106053724],[-70.64146380289111,-33.45514837784303],[-70.64144619474307,-33.45513708748458],[-70.64142735116923,-33.455127298193716],[-70.64140745364283,-33.45511910424613],[-70.64138669378704,-33.45511258455359],[-70.64136527152955,-33.45510780190398],[-70.64080832955031,-33.45500770419403],[-70.64052525407281,-33.45495049096545],[-70.64055169948804,-33.45485790436532],[-70.6405557972861,-33.45483964175984],[-70.64055773985305,-33.45482113041308],[-70.6405575084823,-33.454802548599496],[-70.64055510540344,-33.45478407527208],[-70.64055055376076,-33.45476588833889],[-70.64054389739037,-33.45474816294976],[-70.64053520039784,-33.45473106980953],[-70.64052454654086,-33.45471477353402],[-70.64051203842263,-33.4546994310648],[-70.64049779650361,-33.45468519015765],[-70.64048195794147,-33.454672187959744],[-70.64046467527012,-33.45466054968875],[-70.64044611493082,-33.45465038742707],[-70.64042645566914,-33.45464179904232],[-70.64040588681371,-33.45463486724488],[-70.64038460645281,-33.45462965879137],[-70.64036281952674,-33.45462622384183],[-70.64034073585421,-33.45462459547646],[-70.6403185681117,-33.454624789377306],[-70.64029652978526,-33.45462680367701],[-70.6402748331147,-33.454630618976964],[-70.64025368704958,-33.454636198534],[-70.64023329523695,-33.454643488614295],[-70.64021385406019,-33.45465241901082],[-70.64019555074775,-33.4546629037195],[-70.64017856157008,-33.454674841767385],[-70.64016305014208,-33.45468811818516],[-70.64014916584732,-33.45470260511421],[-70.6401370423995,-33.45471816303803],[-70.64012679655468,-33.45473464212584],[-70.64011852698678,-33.45475188367545],[-70.64011231333728,-33.45476972164169],[-70.64003335078466,-33.455046167642664],[-70.64003327641693,-33.45504649906667],[-70.64003168363749,-33.45505163222045],[-70.64002949065011,-33.45506329839952],[-70.64002930251223,-33.455064129511584],[-70.64002928629266,-33.45506428127694],[-70.64002925286843,-33.455064430233925],[-70.64002922124365,-33.455064731578624],[-70.64002823304384,-33.455069988569065],[-70.64001679189721,-33.455159110080245],[-70.63988939665455,-33.45568754044907],[-70.63988266319379,-33.455696368274715],[-70.63987283434984,-33.45571245221605],[-70.63986487936666,-33.45572924827785],[-70.63985887069613,-33.45574660348834],[-70.63984710275567,-33.4557878552274],[-70.63984710090418,-33.45578786349182],[-70.63984709809607,-33.45578787156453],[-70.63983301928468,-33.455837243222476],[-70.6398289584067,-33.455855331808635],[-70.6398270118155,-33.455873665419766],[-70.63982719790424,-33.455892070835986],[-70.63982951491602,-33.45591037415889],[-70.63982978193698,-33.455911461796816],[-70.63968358073397,-33.45639459852789],[-70.63968355803311,-33.456394692722974],[-70.63968352453803,-33.45639478462789],[-70.639683301887,-33.45639552353932],[-70.6396830707552,-33.456396256579026],[-70.63968301654687,-33.45639647049693],[-70.63968299798118,-33.456396532110794],[-70.63968298710742,-33.45639657746738],[-70.63968288411826,-33.45639685242392],[-70.63965177967243,-33.45649681606612],[-70.63965108445028,-33.456499604156164],[-70.63965016447655,-33.456502346123735],[-70.63964881776565,-33.45650869437272],[-70.63964724397987,-33.456515005815895],[-70.63964687813072,-33.45651783759982],[-70.63964628321888,-33.45652064194888],[-70.6396456853255,-33.45652707027476],[-70.63964485714683,-33.45653348062844],[-70.63964482419424,-33.4565363288346],[-70.63964456007382,-33.45653916855775],[-70.63964471675646,-33.45654561505225],[-70.63964464216119,-33.45655206258127],[-70.63964494242272,-33.4565548997799],[-70.63964501163758,-33.456557747529075],[-70.6396459213878,-33.4565641501089],[-70.63964660109478,-33.45657057271999],[-70.63964723167895,-33.45657337158731],[-70.63964763356272,-33.4565761999371],[-70.63964928761958,-33.456582496941856],[-70.63965071508336,-33.45658883278171],[-70.63965166991751,-33.45659156636307],[-70.63965240059999,-33.45659434807488],[-70.63965478303449,-33.456600478860885],[-70.63965694450823,-33.456606666911796],[-70.63965821439696,-33.45660930888123],[-70.63965926684149,-33.45661201716565],[-70.63966235470987,-33.45661792269],[-70.63966522937777,-33.4566239033575],[-70.63966680209151,-33.45662642827136],[-70.63966816616266,-33.45662903704602],[-70.63967192972731,-33.45663466043506],[-70.63967548990512,-33.45664037612198],[-70.63967735029792,-33.45664275966393],[-70.63967901285903,-33.45664524380482],[-70.63968341587508,-33.45665053090211],[-70.63968762727656,-33.45665592656302],[-70.63968975743184,-33.456658145778114],[-70.6396917024717,-33.45666048136156],[-70.63969670253586,-33.45666538124929],[-70.63970152460304,-33.45667040492085],[-70.6397039040064,-33.45667243843677],[-70.63970611279318,-33.4566746029697],[-70.63971166175207,-33.45667906845899],[-70.639717048046,-33.456683671760366],[-70.63971965378238,-33.45668549999315],[-70.63972210504434,-33.456687472629866],[-70.63972814945855,-33.45669146071551],[-70.63973404810613,-33.45669559931409],[-70.63973685508088,-33.45669720465676],[-70.63973952521098,-33.45669896639964],[-70.63974600686934,-33.456702438673936],[-70.63975236106332,-33.45670607271263],[-70.63975534224366,-33.456707439704786],[-70.639758205527,-33.45670897358714],[-70.63976506200736,-33.45671189661005],[-70.63977181055317,-33.456714991090855],[-70.63977493722864,-33.456716106567576],[-70.63977796609012,-33.4567173978172],[-70.63978513136063,-33.4567197434383],[-70.6397922092657,-33.4567222685595],[-70.6397954513244,-33.45672312177801],[-70.63979861659443,-33.45672415795946],[-70.63980602164924,-33.456725903588975],[-70.63981336074917,-33.45672783503217],[-70.63981668696835,-33.45672841777552],[-70.63981995816324,-33.45672918890968],[-70.63983420631797,-33.456731923192216],[-70.6400184978584,-33.45676897483997],[-70.64029786465166,-33.45682524619125],[-70.64023836751265,-33.45706460173224],[-70.64023491582762,-33.45708295794015],[-70.64023362726178,-33.4571015093456],[-70.6402345142261,-33.45712007728846],[-70.64023756818,-33.45713848294921],[-70.6402427597136,-33.457156549071044],[-70.64025003883074,-33.45717410166705],[-70.64025933543067,-33.457190971695766],[-70.64027055998285,-33.457206996689116],[-70.64028360438938,-33.457222022317126],[-70.64029834302585,-33.45723590387423],[-70.64031463395126,-33.45724850767286],[-70.64033232027492,-33.457259712330995],[-70.64035123166745,-33.45726940994109],[-70.64037118600112,-33.457277507109396],[-70.64039199110387,-33.45728392585531],[-70.64041344661013,-33.45728860436247],[-70.64043534589038,-33.45729149757405],[-70.64044743993523,-33.45729208776595],[-70.6404490099541,-33.45729273977895],[-70.64046974415483,-33.457299317749055],[-70.64049114771974,-33.45730416053927],[-70.64051301451957,-33.45730722151061],[-70.64053513396381,-33.457308471184106],[-70.64055729302865,-33.45730789752467],[-70.64057927830885,-33.457305506057075],[-70.64060087807282,-33.45730131981259],[-70.6406218843018,-33.45729537910736],[-70.64064209469322,-33.45728774115401],[-70.6406613146091,-33.45727847951065],[-70.64067935895052,-33.4572676833725],[-70.64069605394016,-33.45725545671281],[-70.64071123879602,-33.45724191728157],[-70.64072476727978,-33.4572271954715],[-70.64073650910514,-33.45721143306221],[-70.64074635119256,-33.45719478185481],[-70.64075419875826,-33.45717740220996],[-70.64075997622693,-33.45715946150345],[-70.64081948304418,-33.45693056623311],[-70.64094134016949,-33.45695548833578],[-70.64094410670539,-33.45695603870438],[-70.64094980663276,-33.456957140920714],[-70.64081842790323,-33.457405205303324],[-70.64081832081911,-33.45740566725663],[-70.6408181626927,-33.45740611946211],[-70.64076037886981,-33.4576075004125],[-70.64075969295055,-33.4576098109899],[-70.64075549741669,-33.45762750140566],[-70.64075332890414,-33.45764544616214],[-70.64075320708834,-33.45766348245213],[-70.64075513307581,-33.45768144663789],[-70.64075908939385,-33.45769917573575],[-70.6407650401492,-33.45771650889482],[-70.64077293135352,-33.45773328885637],[-70.64078269141325,-33.45774936338055],[-70.64078671826259,-33.45775528022956],[-70.64078704396476,-33.45775570850571],[-70.64078732607997,-33.45775616861928],[-70.64079305640882,-33.45776361445888],[-70.64079863513732,-33.45777095010408],[-70.6407990093613,-33.4577713495681],[-70.64079934388694,-33.45777178424182],[-70.64080591662076,-33.457778722695814],[-70.64081232701861,-33.457785565448965],[-70.6408127462001,-33.45778593228511],[-70.64081312987042,-33.457786337303475],[-70.64082048090077,-33.45779270111304],[-70.64082766204642,-33.45779898550987],[-70.6408281221987,-33.45779931620664],[-70.64082855126412,-33.457799687649775],[-70.64083660882592,-33.45780541527444],[-70.64084449253608,-33.457811081043694],[-70.64084498928605,-33.45781137242626],[-70.6408454595516,-33.45781170670898],[-70.64085414495987,-33.45781674294184],[-70.64086265640053,-33.45782173556327],[-70.64086318502778,-33.45782198482275],[-70.64086369189653,-33.45782227873042],[-70.64087292035587,-33.45782657524538],[-70.64088197871126,-33.45783084645924],[-70.64088253419071,-33.45783105117927],[-70.64088307271089,-33.45783130189924],[-70.6408927541816,-33.457834817721015],[-70.64090227338313,-33.45783832598823],[-70.6409028504304,-33.45783848416812],[-70.64090341534613,-33.45783868931692],[-70.64091345546652,-33.4578413912147],[-70.64092334496635,-33.45784410211786],[-70.64092393808527,-33.45784421219221],[-70.64092452389052,-33.45784436983821],[-70.64106736984105,-33.45787642328065],[-70.64108345084425,-33.457879509045604],[-70.6410899916048,-33.45788055508221],[-70.6411997188316,-33.45790254761355],[-70.64120018170411,-33.45790262047027],[-70.64120063437338,-33.457902729425726],[-70.64209533375539,-33.45807875043826],[-70.64209543299036,-33.45807881757379],[-70.64211383284159,-33.45808895649209],[-70.64213332290142,-33.45809754575476],[-70.64215371800202,-33.45810450375831],[-70.64217482437698,-33.458109764397264],[-70.64223760956264,-33.458122658291686],[-70.64224254866117,-33.45812345958121],[-70.64224742939112,-33.4581244817182],[-70.6422890896947,-33.458131405847496],[-70.64231063618188,-33.458134089546974],[-70.64233239086843,-33.45813502135517],[-70.6423518149489,-33.458134281595214],[-70.6423984267828,-33.458145053731386],[-70.6423984277334,-33.45814505395108],[-70.6423984277334,-33.45814505395108],[-70.64239842791777,-33.458145053993675],[-70.6423993807108,-33.4581452723093],[-70.64249102040425,-33.45816608951417],[-70.64249666874409,-33.45816712621766],[-70.64250225053873,-33.45816838373206],[-70.64313103911823,-33.45828263974778],[-70.64313890318626,-33.458283733217705],[-70.64314672826683,-33.45828500814147],[-70.6431498333466,-33.458285253015674],[-70.64315291009329,-33.458285680825625],[-70.6431608641618,-33.45828612293215],[-70.643168800649,-33.4582867488219],[-70.64317191941197,-33.45828673740905],[-70.64317503137039,-33.45828691037887],[-70.64318299883674,-33.4582866968642],[-70.6431909702975,-33.45828666769227],[-70.64319407270806,-33.458286400102274],[-70.64319718990815,-33.45828631656617],[-70.64320509404068,-33.458285449486624],[-70.64321302370504,-33.458284765533946],[-70.6432160798852,-33.45828424434388],[-70.64321917230636,-33.458283905106356]],[[-70.64155141451526,-33.457131966453616],[-70.6415741897512,-33.4571316369508],[-70.64159680962197,-33.457129386647594],[-70.64161904415073,-33.45712523842288],[-70.64164066727857,-33.4571192344519],[-70.64164192565605,-33.45711876245649],[-70.64178147508224,-33.457147712876804],[-70.64178808844534,-33.457149988316175],[-70.64179487659173,-33.45715254161461],[-70.64179833749402,-33.45715351467369],[-70.64180171447481,-33.45715467658044],[-70.64180884124295,-33.45715646788206],[-70.6418158952758,-33.457158451176056],[-70.64181945329881,-33.457159135204165],[-70.64182294988771,-33.457160014065565],[-70.64183025180675,-33.45716121121111],[-70.6418375037916,-33.45716260540041],[-70.64184112466964,-33.45716299380997],[-70.64184470719215,-33.45716358116203],[-70.64185211394002,-33.45716417262223],[-70.64185949403604,-33.457164964280004],[-70.64186314289766,-33.4571650533304],[-70.6418667768521,-33.45716534351658],[-70.64186825357937,-33.45716533956268],[-70.64189475365382,-33.45717072537423],[-70.64188562437673,-33.45720906360194],[-70.64188165927365,-33.457209547739154],[-70.64186014007068,-33.45721401587805],[-70.64183924697213,-33.457220230496375],[-70.64181918118892,-33.4572281317443],[-70.64180013596467,-33.45723764352896],[-70.64178229471469,-33.45724867424722],[-70.64176582925957,-33.45726111766778],[-70.64175089817061,-33.45727485395427],[-70.64173764524249,-33.457289750819314],[-70.64172619810861,-33.4573056647985],[-70.64171666701183,-33.457322442631984],[-70.64170914374273,-33.45733992274046],[-70.64170370075561,-33.4573579367813],[-70.64170039047063,-33.45737631126967],[-70.64169924476901,-33.45739486924933],[-70.64170027468585,-33.457413431996784],[-70.64170347030388,-33.457431820742556],[-70.64170880084885,-33.45744985839276],[-70.6417162149859,-33.45746737123465],[-70.64172564131393,-33.45748419060963],[-70.64173698905302,-33.4575001545374],[-70.6417501489189,-33.45751510927612],[-70.64176499417523,-33.457528910802935],[-70.64178138185416,-33.45754142620096],[-70.6417991541332,-33.45755253493957],[-70.64180681642128,-33.457556407344136],[-70.64179588448685,-33.45760650182198],[-70.64179297027862,-33.45762492338468],[-70.64179275778869,-33.45763021334752],[-70.6414146811951,-33.45755583092208],[-70.64153704297951,-33.45713095682849],[-70.64155141451526,-33.457131966453616]],[[-70.6426036246679,-33.45779928970215],[-70.64251804329365,-33.45777984871811],[-70.64250363257707,-33.45777651834782],[-70.64248793430903,-33.45776432261129],[-70.64247029680081,-33.45775309822495],[-70.64245143295545,-33.4577433752212],[-70.64243152403583,-33.457735247028296],[-70.64243135103301,-33.45773519324042],[-70.64248368092241,-33.45749229702192],[-70.64248399543087,-33.45749027383978],[-70.64252823097593,-33.45729155384813],[-70.64305898901459,-33.45740011828355],[-70.64303486411222,-33.45758622803125],[-70.64298957446205,-33.45786942036907],[-70.6426036246679,-33.45779928970215]],[[-70.6404025521313,-33.45615786370643],[-70.64040173067298,-33.45616095474218],[-70.64036514968103,-33.45633948166189],[-70.64017754529753,-33.45630258470491],[-70.64025211229932,-33.45605616597422],[-70.6402562207925,-33.45605368375794],[-70.64026233700898,-33.45605023926463],[-70.64026520824825,-33.456048253832265],[-70.64026822779334,-33.45604642952196],[-70.64027375428084,-33.45604234433791],[-70.6402794382645,-33.45603841392044],[-70.6402820635117,-33.45603620214652],[-70.64028485519131,-33.45603413853397],[-70.64028987736691,-33.456029618963186],[-70.6402950743778,-33.456025240473814],[-70.64029742835034,-33.45602282365908],[-70.6402999652791,-33.45602054061804],[-70.64030443477658,-33.45601563018662],[-70.64030909476467,-33.45601084579283],[-70.64031115479257,-33.456008247212594],[-70.64031341253848,-33.456005766730165],[-70.64031728631414,-33.45600051272848],[-70.64032136440142,-33.455995368506734],[-70.64032311064561,-33.45599261318677],[-70.64032506746537,-33.45598995915144],[-70.64032830821287,-33.455984412178644],[-70.64033176512532,-33.45597895767069],[-70.64033318076861,-33.45597607214637],[-70.64033481781712,-33.45597327011801],[-70.64033739432666,-33.4559674835945],[-70.64034019677254,-33.4559617713305],[-70.64034126818167,-33.45595878339109],[-70.64034256969344,-33.455955860354806],[-70.64034445715211,-33.455949890008156],[-70.64034657814273,-33.45594397500041],[-70.64034729499966,-33.455940913421415],[-70.6403482484406,-33.45593789752772],[-70.64036142029879,-33.45588608486194],[-70.64037232922814,-33.45584312084745],[-70.6403739843207,-33.455834557623284],[-70.64037570598111,-33.45582600362587],[-70.6403757567772,-33.45582538717229],[-70.64037587467145,-33.45582477720331],[-70.64037652046031,-33.45581611923024],[-70.64037723357558,-33.45580746497037],[-70.6403772120426,-33.45580684731178],[-70.64037725804292,-33.4558062305937],[-70.64037688830943,-33.45579756125288],[-70.64037658601256,-33.455788890075716],[-70.64037649235792,-33.455788277160465],[-70.64037646602135,-33.45578765963265],[-70.64037508432692,-33.455779062414564],[-70.64037376952979,-33.455770457828194],[-70.64037360465548,-33.45576985555898],[-70.6403735062357,-33.45576924316856],[-70.64037112588741,-33.45576080086896],[-70.64036881125287,-33.455752345740244],[-70.64036857674677,-33.45575175991726],[-70.64036840719169,-33.455751158561874],[-70.64036505111413,-33.45574295248454],[-70.64036175893396,-33.455734728240884],[-70.64036145705451,-33.45573416450591],[-70.64036121799705,-33.455733579976936],[-70.64035691851163,-33.45572568915071],[-70.64035268049183,-33.455717774995904],[-70.64035231414634,-33.455717238778014],[-70.64035200788878,-33.45571667670474],[-70.64034680640216,-33.45570917712225],[-70.6403455616834,-33.455707355233805],[-70.64041552220554,-33.45541715601922],[-70.64057720378193,-33.45544775021665],[-70.64040313328766,-33.45615473459799],[-70.6404025521313,-33.45615786370643]],[[-70.64108958367898,-33.456278823982615],[-70.64108923298613,-33.45627980524317],[-70.64103267871036,-33.45647187347885],[-70.64090826297114,-33.4564473483403],[-70.64091900406788,-33.456409901117674],[-70.6409194030134,-33.45640813242876],[-70.64091996760365,-33.45640639573068],[-70.64095169884325,-33.45628572848308],[-70.64098815419662,-33.45614669600554],[-70.64102332939032,-33.45601313555618],[-70.64114162255585,-33.45556235804821],[-70.64128905749139,-33.45559028150036],[-70.64122621221718,-33.455835260404314],[-70.64108983088963,-33.4562778208153],[-70.64108958367898,-33.456278823982615]]]}},{"type":"Feature","properties":{"numpos":"54161","TIPO":"DESCARGO","TENSION":"MT","INCIDENCIA":"DF202671820101","CLITOTAL":"992","CANTAVISOS":"","FECHA_INICIO":"","FECHA_FIN":"","DESCARGO":"DF202671820101(TP20267213818151)","ESTADODESC":"789","ESTADOINC":" ","CLI_PLAN":"1","FECHA_INIDESC":"11-10-2026 09:30","FECHA_FINDESC":"11-10-2026 15:30","FECHA_REPOSICION":"11-10-2026 15:30","id_alim":"1945"},"geometry":{"type":"Polygon","coordinates":[[[-70.64322487886174,-33.45712869507314],[-70.64324661718885,-33.45713234247591],[-70.64326867735345,-33.45713418630856],[-70.6432908469027,-33.457134208813905],[-70.64331291233034,-33.4571324097753],[-70.64333466113291,-33.45712880651855],[-70.64335588385624,-33.457123433745274],[-70.64337637611284,-33.45711634319857],[-70.64339594055008,-33.45710760316473],[-70.64341438875103,-33.45709729781552],[-70.6434315430489,-33.45708552639766],[-70.64344723823827,-33.45707240227691],[-70.64346132316588,-33.457058051846246],[-70.64347366218652,-33.457042613308815],[-70.64348413646923,-33.45702623534662],[-70.64349264514176,-33.45700907568884],[-70.64349910626197,-33.45699129959275],[-70.64350345760688,-33.456973078252176],[-70.64361594365825,-33.456342692275264],[-70.6436166745339,-33.45633654820058],[-70.64361764653933,-33.456330427649135],[-70.64361777375814,-33.456327307617826],[-70.64361814328929,-33.456324201169245],[-70.64361815218896,-33.456318026631266],[-70.64361840380805,-33.456311855692014],[-70.64361816557394,-33.45630874023222],[-70.64361816639041,-33.45630817376792],[-70.64362397498101,-33.45627850356247],[-70.64362705318352,-33.45626278702909],[-70.64362984539241,-33.45624853972261],[-70.64363870269119,-33.45620383817817],[-70.6436387967609,-33.45620315850922],[-70.64363896409102,-33.4562024888118],[-70.64368601188326,-33.455953956639505],[-70.64368601235,-33.45595395417385],[-70.64368601235002,-33.45595395417381],[-70.64368601236298,-33.455953954105404],[-70.64368601236542,-33.45595395408649],[-70.643686711096,-33.45594999284134],[-70.64369740793377,-33.45588457712761],[-70.64369933711703,-33.45586606481924],[-70.64369909228827,-33.45584748315026],[-70.64369667580671,-33.455829011072176],[-70.6436921109457,-33.45581082648109],[-70.64368544166861,-33.455793104504295],[-70.64367673220534,-33.4557760158137],[-70.64366606643368,-33.455759724982315],[-70.6436535470716,-33.45574438889927],[-70.64363929468777,-33.45573015525884],[-70.64362344654072,-33.45571716113821],[-70.6436061552566,-33.45570553167731],[-70.64358758735965,-33.455695378873635],[-70.64356792166824,-33.45568680050371],[-70.64354734757288,-33.45567987918151],[-70.64352606321232,-33.455674681562776],[-70.6435042735654,-33.45567125770314],[-70.64348218847702,-33.455669640576104],[-70.64346002063728,-33.455669845755374],[-70.64343798353319,-33.45567187126507],[-70.64341628939279,-33.45567569759854],[-70.64340927091943,-33.45567755338182],[-70.64340831283434,-33.45567660444469],[-70.64340754427593,-33.455675979414934],[-70.643406844795,-33.45567529977223],[-70.64339959032334,-33.455669510865874],[-70.64339240158557,-33.455663664626165],[-70.64339156364093,-33.45566310575111],[-70.64339078805516,-33.45566248685077],[-70.64338289159816,-33.45565732184993],[-70.6433750538543,-33.45565209439112],[-70.64337415459342,-33.455651607053134],[-70.64337331037201,-33.455651054855345],[-70.64336484797613,-33.455646563501304],[-70.64335643670834,-33.45564200516672],[-70.64335548479154,-33.45564159405907],[-70.6433545800648,-33.45564111388184],[-70.64334563322757,-33.45563733942878],[-70.64333672944036,-33.45563349411721],[-70.64333573403503,-33.45563316319903],[-70.64333477751596,-33.45563275966672],[-70.64332543240047,-33.455629738464715],[-70.64331612184127,-33.455626643208205],[-70.64331509253361,-33.45562639566639],[-70.64331409343404,-33.45562607266523],[-70.64330444003828,-33.45562383380985],[-70.64329481237246,-33.4556215184173],[-70.64329375907526,-33.45562135663584],[-70.64329272701696,-33.455621117276465],[-70.64328285830805,-33.455619682329015],[-70.64327300625459,-33.455618169098805],[-70.64327193911156,-33.45561809463571],[-70.6432708840338,-33.4556179412233],[-70.64326089505188,-33.45561732400292],[-70.64325091349116,-33.45561662750834],[-70.64296589616511,-33.45560850925039],[-70.64280405198166,-33.45555337715256],[-70.64278312921354,-33.455547234041774],[-70.64276158885927,-33.455542839536875],[-70.64273963836303,-33.4555402359591],[-70.64271748911867,-33.45553944838225],[-70.64269535443417,-33.45554048439108],[-70.64267344747728,-33.45554333400841],[-70.64265197922266,-33.455547969791034],[-70.64263115642017,-33.45555434709417],[-70.6426111796037,-33.455562404501286],[-70.64259224116014,-33.45557206441564],[-70.64257452347643,-33.45558323380751],[-70.6425581971832,-33.45559580511009],[-70.64254341951155,-33.455609657255465],[-70.64253033277872,-33.455624656840435],[-70.64251906301757,-33.45564065941134],[-70.6425097187628,-33.455657510855154],[-70.64250239000557,-33.455675048883705],[-70.64249714732699,-33.455693104596484],[-70.64249404121814,-33.455711504107306],[-70.64249401099282,-33.45571210133187],[-70.64246729610717,-33.455880467076035],[-70.64246545509252,-33.45589898569959],[-70.6424657884043,-33.45591756640928],[-70.64246829283393,-33.45593603026268],[-70.6424729442637,-33.45595419944257],[-70.64247969789908,-33.45597189896956],[-70.64248848869993,-33.45598895838718],[-70.64249923200698,-33.456005213403465],[-70.64251182435696,-33.456020507473205],[-70.64252614447913,-33.45603469330559],[-70.64254205446309,-33.45604763428274],[-70.64255940108686,-33.456059205775375],[-70.64257801729264,-33.45606929634318],[-70.64259772379553,-33.45607780880795],[-70.64261833081035,-33.45608466118954],[-70.6426396398792,-33.45608978749542],[-70.64266144578292,-33.4560931383562],[-70.6426835385174,-33.45609468150109],[-70.64270570531616,-33.4560944020687],[-70.64272773269944,-33.45609230275018],[-70.64274940853012,-33.456088403763296],[-70.6427705240569,-33.45608274265769],[-70.64279087592459,-33.45607537395325],[-70.64281026813268,-33.456066368615105],[-70.6428285139229,-33.45605581337009],[-70.64284543757786,-33.456043809871524],[-70.64286087611337,-33.45603047372022],[-70.64287468084795,-33.4560159333512],[-70.64288671883484,-33.456000328796705],[-70.64289026148072,-33.4559945663869],[-70.64290295638263,-33.45606343938676],[-70.642913500891,-33.45614735449493],[-70.64291288414333,-33.45615151050623],[-70.64290363855052,-33.456255108105076],[-70.64290305835662,-33.45627318846863],[-70.64290437313527,-33.45628921417543],[-70.64290390107045,-33.45630359718865],[-70.6429076363168,-33.456452761216404],[-70.64290558939598,-33.45645271769658],[-70.6428986043867,-33.45645314478411],[-70.64289160552019,-33.45645335985926],[-70.64288755526306,-33.456453820364786],[-70.64288347874692,-33.45645406961647],[-70.64287657731332,-33.45645506853337],[-70.64286963729776,-33.45645585759726],[-70.64286566039272,-33.45645664865299],[-70.64286163265196,-33.4564572316296],[-70.6428548812582,-33.456458792755825],[-70.64284806692933,-33.456460148209366],[-70.64284420167573,-33.45646126219708],[-70.64284026149959,-33.45646217328428],[-70.64283372516516,-33.45646428158534],[-70.64282710214805,-33.45646619037492],[-70.64282338577019,-33.45646761656642],[-70.64281957110455,-33.45646884698995],[-70.64274139057788,-33.45649783147788],[-70.64274027098496,-33.4564964113371],[-70.6427262944755,-33.45648198667675],[-70.64271069852288,-33.456468779780074],[-70.64269363332458,-33.456456917836086],[-70.64267526322753,-33.456446515081254],[-70.64265576514521,-33.45643767169929],[-70.642635326854,-33.456430472856354],[-70.64261414518485,-33.4564249878808],[-70.64259242412761,-33.456421269595694],[-70.64257037286664,-33.45641935380996],[-70.6425482037663,-33.45641925897359],[-70.6425261303257,-33.45642098599997],[-70.64250436512286,-33.45642451825698],[-70.64248311776724,-33.456429821727376],[-70.6424625928814,-33.456436845336114],[-70.64244298813024,-33.4564455214425],[-70.6424244923175,-33.45645576649133],[-70.64240728356747,-33.45646748181778],[-70.64239152760956,-33.456480554597384],[-70.64237737618235,-33.45649485893272],[-70.64236496557206,-33.456510257065766],[-70.64235441530026,-33.456526600704606],[-70.64234582697262,-33.456543732451514],[-70.64233928330042,-33.45656148731878],[-70.64233484730401,-33.45657969431762],[-70.64233256170576,-33.45659817810488],[-70.64233244851854,-33.45661676067163],[-70.64233450883386,-33.456635263057606],[-70.64233872281105,-33.45665350707452],[-70.64234504986852,-33.45667131702227],[-70.64235342907438,-33.456688521381004],[-70.6423637797332,-33.456704954462886],[-70.64245584649703,-33.45683521118378],[-70.64246069760074,-33.45684136454663],[-70.64246539899713,-33.45684759901977],[-70.64246680642077,-33.45684911325305],[-70.6424680689624,-33.456850714718314],[-70.6424736162554,-33.45685643988643],[-70.64247902404662,-33.456862258074054],[-70.6424806017613,-33.45686364938254],[-70.64248204549217,-33.45686513940647],[-70.64248823555099,-33.456870381243014],[-70.64249429765725,-33.4568757271127],[-70.64249603046882,-33.456876982097356],[-70.64249764148498,-33.45687834633001],[-70.6425029168447,-33.45688201320468],[-70.64250254677596,-33.4568840054595],[-70.64250129959052,-33.45690255883756],[-70.64250222796166,-33.45692112534396],[-70.64250532295002,-33.456939526173045],[-70.64251055475049,-33.45695758411455],[-70.64251787297917,-33.456975125260314],[-70.64252720715861,-33.45699198067915],[-70.64253846739639,-33.45700798804369],[-70.64255154525091,-33.45702299319373],[-70.64256631477562,-33.45703685162092],[-70.64258263373205,-33.457049429860454],[-70.64260034495958,-33.45706060677642],[-70.64261927788894,-33.4570702747285],[-70.64263925018501,-33.45707834060854],[-70.64266006950277,-33.45708472673727],[-70.64268153533968,-33.45708937161244],[-70.64298885311656,-33.457142540718],[-70.64300493903212,-33.4571479688968],[-70.64302621708941,-33.4571531856603],[-70.6430480027161,-33.45715662911267],[-70.6430700861034,-33.457158266091405],[-70.64309225457482,-33.457158080831455],[-70.64311429463449,-33.45715607511704],[-70.64313599402321,-33.45715226826445],[-70.64315714376279,-33.457146696936],[-70.64317754016858,-33.457139414787044],[-70.64319698681106,-33.457130491949044],[-70.64320776453108,-33.457124324441786],[-70.64322487886174,-33.45712869507314]]]}},{"type":"Feature","properties":{"numpos":"54637","TIPO":"DESCARGO","TENSION":"MT","INCIDENCIA":"DF202671820101","CLITOTAL":"992","CANTAVISOS":"","FECHA_INICIO":"","FECHA_FIN":"","DESCARGO":"DF202671820101(TP20267213818151)","ESTADODESC":"789","ESTADOINC":" ","CLI_PLAN":"1","FECHA_INIDESC":"11-10-2026 09:30","FECHA_FINDESC":"11-10-2026 15:30","FECHA_REPOSICION":"11-10-2026 15:30","id_alim":"1945"},"geometry":{"type":"Polygon","coordinates":[[[-70.64249579764198,-33.4569021706271],[-70.64251722932532,-33.45689741637625],[-70.64253800186488,-33.456890924200906],[-70.64255791520876,-33.45688275662466],[-70.64257677757976,-33.456872992306224],[-70.64259440732236,-33.45686172528185],[-70.64261063465217,-33.45684906405971],[-70.6426253032911,-33.45683513057487],[-70.64263827197234,-33.456820059014994],[-70.64264941580092,-33.456803994527924],[-70.64265862745637,-33.45678709182397],[-70.64266581822639,-33.45676951368579],[-70.64267091886103,-33.4567514294008],[-70.64267388023968,-33.45673301313076],[-70.64267467384398,-33.45671444223453],[-70.6426732920325,-33.456695895559996],[-70.64266974811417,-33.45667755172164],[-70.64266565087692,-33.45666457472264],[-70.64266915510495,-33.45666162365716],[-70.64268317916044,-33.45664723143853],[-70.64269545272361,-33.456631756309974],[-70.64270585759392,-33.45661534730603],[-70.64271429356761,-33.45659816245476],[-70.64272067940264,-33.45658036725606],[-70.64272495360112,-33.456562133087736],[-70.64272707500149,-33.45654363555496],[-70.64272702317488,-33.45652505279912],[-70.64272479862178,-33.45650656378232],[-70.64272042276724,-33.45648834656372],[-70.64271393775434,-33.4564705765848],[-70.64270540603844,-33.456453424979856],[-70.64269490978556,-33.456437056927776],[-70.64268255008112,-33.45642163006134],[-70.64266844595626,-33.45640729294918],[-70.64265273324163,-33.456394183664926],[-70.64263556325923,-33.45638242845757],[-70.64261710136503,-33.45637214053566],[-70.64259752535659,-33.456363418976984],[-70.64257702376077,-33.45635634777447],[-70.64255579401808,-33.456350995027286],[-70.6425340405814,-33.45634741228504],[-70.6425119729469,-33.456345634051296],[-70.64248980363661,-33.4563456774514],[-70.6424677461517,-33.456347542067384],[-70.64232875114479,-33.456365102523854],[-70.64230662522449,-33.456368853952426],[-70.64228505642838,-33.456374437608694],[-70.64226426012638,-33.456381797738494],[-70.64224444397506,-33.4563908608491],[-70.6422258058441,-33.45640153644306],[-70.64220853184057,-33.45641371792185],[-70.64219279445058,-33.456427283650214],[-70.64217942200823,-33.45644139013629],[-70.6421792527774,-33.45644060833085],[-70.64217312081978,-33.456422620369175],[-70.64216490124446,-33.456405227377616],[-70.64215467428075,-33.4563885991225],[-70.6420865651855,-33.4562901292196],[-70.6421094157164,-33.45609674116334],[-70.64211051536313,-33.45607777666543],[-70.64210934377758,-33.45605881519444],[-70.64210791473819,-33.45605099833638],[-70.64210825657095,-33.45604918915269],[-70.64210957002645,-33.45603082577106],[-70.64210875146631,-33.456012442214956],[-70.64210580861763,-33.45599421199296],[-70.64210076925707,-33.45597630716634],[-70.64209368094858,-33.45595889672514],[-70.64208674303424,-33.455946083325145],[-70.64208387853007,-33.45593592958712],[-70.6420778184892,-33.455921110959636],[-70.64208711897255,-33.45591243212442],[-70.64210024571946,-33.45589745709695],[-70.64211155815939,-33.45588147567926],[-70.64212094734806,-33.45586464178165],[-70.64212832286341,-33.455847117524165],[-70.64213361367628,-33.455829071675296],[-70.6421367688345,-33.45581067802668],[-70.64213748208064,-33.455797291448015],[-70.64217573725387,-33.45580493201298],[-70.64225035793686,-33.455821351619306],[-70.64225206957666,-33.455828172213266],[-70.6422588983888,-33.45584620882425],[-70.64226784073092,-33.455863584065966],[-70.64227880730117,-33.455880124420055],[-70.64229168858263,-33.4558956647056],[-70.64238787301646,-33.45600014698668],[-70.64240226146282,-33.45601428415848],[-70.64241823375143,-33.45602717109551],[-70.64243563606036,-33.45603868368898],[-70.64245430079544,-33.45604871106575],[-70.64247404820449,-33.456057156656215],[-70.64249468810829,-33.45606393912428],[-70.64251602173223,-33.4560689931507],[-70.64253784362064,-33.45607227006219],[-70.64255994361548,-33.45607373830012],[-70.64258210888036,-33.456073383724515],[-70.6426041259503,-33.4560712097502],[-70.64262578278748,-33.456067237313924],[-70.64264687082351,-33.45606150467267],[-70.64266718696801,-33.4560540670353],[-70.64268653556447,-33.45604499603077],[-70.64270473027464,-33.45603437901832],[-70.64272159587308,-33.456022318246134],[-70.64273696993473,-33.456008929866634],[-70.642750704399,-33.45599434281776],[-70.64276266699594,-33.455978697581365],[-70.6427727425198,-33.45596214483013],[-70.6427808339386,-33.45594484397648],[-70.64278686332864,-33.4559269616375],[-70.64279077262479,-33.45590867003015],[-70.64279252417971,-33.455890145312765],[-70.64279210112639,-33.455871565888536],[-70.64278950754037,-33.45585311068742],[-70.6427847684007,-33.45583495744292],[-70.64277792934911,-33.45581728098041],[-70.64276943510471,-33.4558009786391],[-70.642772808626,-33.4557968215939],[-70.64278340727576,-33.455780532968234],[-70.64279205330936,-33.45576345309526],[-70.64279866372101,-33.455745745951816],[-70.64280317504812,-33.45572758153685],[-70.64280554398067,-33.4557091342392],[-70.64280574777698,-33.45569058116348],[-70.64280378448183,-33.455672100429716],[-70.64279967294532,-33.45565386946325],[-70.64279345264181,-33.45563606329149],[-70.64278518329087,-33.45561885286345],[-70.64277494428393,-33.455602403408534],[-70.64276283392199,-33.45558687285038],[-70.6427489684719,-33.45557241029061],[-70.64273348105013,-33.455559154577394],[-70.64271652034468,-33.45554723297256],[-70.6426982491876,-33.45553675992974],[-70.64267884299188,-33.45552783599555],[-70.64265848806718,-33.45552054684431],[-70.64263737983133,-33.455514962455695],[-70.64234761205743,-33.45545120209586],[-70.6423454415856,-33.45545000161631],[-70.64232582999244,-33.45544133673492],[-70.64230529962163,-33.4554343248777],[-70.64228404819083,-33.455429033572315],[-70.64188339781963,-33.45534697259734],[-70.64186175349906,-33.45534346750086],[-70.64184187568881,-33.45534190973641],[-70.64183387205931,-33.455338546217924],[-70.64181317568834,-33.45533188611135],[-70.641791800189,-33.45532695850355],[-70.64176995141779,-33.45532381084973],[-70.64174783978899,-33.45532247346343],[-70.64172567824835,-33.45532295922438],[-70.64170368022218,-33.455325263454476],[-70.64168205756216,-33.455329363962925],[-70.64166101850513,-33.45533522125984],[-70.64164076566763,-33.45534277893667],[-70.64162149409464,-33.45535196420929],[-70.6416033893813,-33.455362688619026],[-70.64158662588547,-33.455374848884496],[-70.64157136504862,-33.45538832789627],[-70.64155775384108,-33.455402995844665],[-70.64154592334664,-33.45541871146987],[-70.64153598750002,-33.45543532342233],[-70.64152804198977,-33.45545267172026],[-70.64152216333653,-33.455470589290464],[-70.64145774671137,-33.455712852940934],[-70.64144862779172,-33.4557173503786],[-70.64143056817461,-33.45572840803544],[-70.64141390143283,-33.455740908328984],[-70.64139879091653,-33.455754728744765],[-70.64138538472366,-33.455769733829875],[-70.6413738142484,-33.45578577652044],[-70.64136419289338,-33.45580269958295],[-70.64135661495817,-33.455820337155345],[-70.64135115471507,-33.455838516372644],[-70.6413371368194,-33.45589735134606],[-70.64133577773806,-33.45589913727081],[-70.64132564553165,-33.45591592231152],[-70.64131755015205,-33.45593346720766],[-70.64131157149332,-33.45595159880982],[-70.64130776855978,-33.45597013817828],[-70.64129117878637,-33.45608489829736],[-70.64128953842462,-33.456107850350996],[-70.64129122890083,-33.45613079984946],[-70.6412957054743,-33.45616129902686],[-70.64129235945227,-33.45617744667524],[-70.6412907248188,-33.45619597890874],[-70.64129126511705,-33.456214556206035],[-70.64129397514502,-33.45623299965751],[-70.64129882880498,-33.45625113164246],[-70.64130577935477,-33.45626877753969],[-70.64131475985788,-33.456285767409184],[-70.64132568382803,-33.45630193762877],[-70.64133844606211,-33.45631713246985],[-70.64135292365329,-33.45633120559727],[-70.64136897717452,-33.45634402147853],[-70.64138645202155,-33.45635545668914],[-70.64140517990164,-33.45636540110119],[-70.64142498045447,-33.4563737589441],[-70.64144566298899,-33.45638044972679],[-70.64146702832004,-33.45638540901302],[-70.64148887068656,-33.45638858904195],[-70.64151097973333,-33.456389959187945],[-70.64153314253676,-33.456389506255725],[-70.64155514565554,-33.45638723460735],[-70.64157677718627,-33.45638316612023],[-70.64158658135594,-33.45638045276626],[-70.64159195126224,-33.45639682103454],[-70.64160026968244,-33.45641478837916],[-70.6416107238518,-33.4564319539059],[-70.64163662481211,-33.45646961701426],[-70.6416224760351,-33.456482303098745],[-70.64161748708659,-33.456487241228636],[-70.64161232468513,-33.45649205246398],[-70.64161032725256,-33.456494328129665],[-70.64160814906278,-33.45649648413118],[-70.64160376157642,-33.456501808373126],[-70.64159918663387,-33.45650702058237],[-70.64159746492398,-33.45650944939853],[-70.6415955493343,-33.45651177397774],[-70.64159180556406,-33.456517433056625],[-70.64158786213986,-33.45652299604348],[-70.64158643273375,-33.45652555461939],[-70.64158479819244,-33.4565280253894],[-70.64158173419318,-33.45653396480524],[-70.64157846026487,-33.45653982499539],[-70.6415773369286,-33.45654248869066],[-70.64157599917736,-33.45654508185661],[-70.64157364445742,-33.45655124440977],[-70.64157107155502,-33.45655734536648],[-70.64157026510713,-33.456560088528285],[-70.64156923702934,-33.45656277911667],[-70.64156761426636,-33.456569105458506],[-70.64156576716876,-33.45657538842632],[-70.64156528537598,-33.45657818463658],[-70.64156457687278,-33.45658094673558],[-70.64156370169525,-33.456587375940074],[-70.64156259819147,-33.45659378041061],[-70.64156244569392,-33.456596602740305],[-70.64156206358878,-33.456599409749444],[-70.64156194442562,-33.456605879899875],[-70.64156159514347,-33.45661234419464],[-70.64156177340998,-33.45661516546318],[-70.64156172138301,-33.45661799034943],[-70.64156235938232,-33.45662443913472],[-70.64156276768605,-33.456630900998995],[-70.64156327500004,-33.45663369403602],[-70.64156355355247,-33.4566365095942],[-70.64156494257047,-33.456642874908944],[-70.64156610452837,-33.456649272111434],[-70.64156693600431,-33.45665201001844],[-70.64156754245377,-33.45665478913312],[-70.64156966911386,-33.45666100967581],[-70.6415715735361,-33.45666728060788],[-70.64157272116663,-33.45666993701725],[-70.64157364967284,-33.45667265292406],[-70.6415764934946,-33.45667866878737],[-70.64157912204091,-33.45668475305633],[-70.64158057477388,-33.45668730238539],[-70.64158181639499,-33.45668992892853],[-70.64158534999113,-33.456695682176225],[-70.6415886773476,-33.45670152118721],[-70.64159042119255,-33.45670393888445],[-70.64159196397122,-33.4567064507688],[-70.64159615331155,-33.456711885993776],[-70.6416001474342,-33.456717423513716],[-70.64160216559705,-33.45671968629534],[-70.64160399467556,-33.45672205933],[-70.64160879941466,-33.45672712418789],[-70.64161342183809,-33.45673230688726],[-70.64161569488283,-33.45673439296127],[-70.64161779264627,-33.456736604292644],[-70.64162316651203,-33.456741250005955],[-70.64162837271984,-33.45674602797225],[-70.64163087875588,-33.45674791724861],[-70.64163322500166,-33.456749945580164],[-70.64163911624078,-33.45675412740793],[-70.64164485609436,-33.456758454626566],[-70.64164757098719,-33.4567601289104],[-70.64165014311963,-33.45676195470813],[-70.64165649499613,-33.456765632376836],[-70.64166271321757,-33.45676946717417],[-70.64166561082122,-33.45677091034112],[-70.64166838406925,-33.45677251602153],[-70.64167513541099,-33.45677565411308],[-70.64168177211512,-33.456778959557646],[-70.64168482452394,-33.45678015770916],[-70.64168777217961,-33.45678152780861],[-70.64169485796727,-33.45678409610131],[-70.64170184923871,-33.45678684035972],[-70.6417050270562,-33.45678778195686],[-70.64170812073185,-33.45678890328045],[-70.64171547272512,-33.456790877040085],[-70.64172275123376,-33.45679303368349],[-70.64172602385567,-33.45679370965814],[-70.64172923375732,-33.456794571406846],[-70.64173678115188,-33.456795931624875],[-70.64174427680149,-33.4567974798836],[-70.64207484904973,-33.456851494022004],[-70.64207590592083,-33.45685162196287],[-70.64207694510873,-33.45685182790218],[-70.64240766067437,-33.45690315181664],[-70.64242963150116,-33.45690563413571],[-70.64245178680434,-33.45690629938811],[-70.6424739132149,-33.45690514116709],[-70.64249579764198,-33.4569021706271]]]}},{"type":"Feature","properties":{"numpos":"27510","TIPO":"DESCARGO","TENSION":"MT","INCIDENCIA":"DF202671820801","CLITOTAL":"421","CANTAVISOS":"","FECHA_INICIO":"","FECHA_FIN":"","DESCARGO":"DF202671820801(TP20267213817645)","ESTADODESC":"789","ESTADOINC":" ","CLI_PLAN":"1","FECHA_INIDESC":"10-10-2026 00:00","FECHA_FINDESC":"10-10-2026 06:00","FECHA_REPOSICION":"10-10-2026 06:00","id_alim":"2115"},"geometry":{"type":"Polygon","coordinates":[[[-70.60320419063511,-33.41539857171075],[-70.60320195497879,-33.41539906868459],[-70.60319451994305,-33.41540139632953],[-70.6031870104397,-33.415403549294226],[-70.60318624907033,-33.41540384026169],[-70.60318545938458,-33.41540407215329],[-70.60318336190821,-33.41540488951184],[-70.6031811951028,-33.415405567861114],[-70.60317406792095,-33.41540849544952],[-70.60316684621321,-33.41541125532015],[-70.60316612251793,-33.41541160747024],[-70.60316536373792,-33.41541190315654],[-70.60309583391111,-33.41544256238881],[-70.6030788145601,-33.41545088123183],[-70.60307701499666,-33.4154518514171],[-70.6030589856274,-33.415462655455684],[-70.60304230583795,-33.41547488946387],[-70.60302713626366,-33.41548843562206],[-70.60301362299595,-33.41550316347392],[-70.60300189617541,-33.41551893118271],[-70.60299206873835,-33.415535586897285],[-70.60298423532929,-33.41555297021446],[-70.60297847138924,-33.41557091372369],[-70.60297483242937,-33.41558924461946],[-70.60297335349614,-33.415607786365335],[-70.60297404883391,-33.415626360394235],[-70.60297691174756,-33.41564478782802],[-70.60298191466696,-33.41566289120024],[-70.60298900941252,-33.41568049616523],[-70.602998127659,-33.41569743317719],[-70.60300918159363,-33.41571353912297],[-70.60302206476157,-33.41572865889299],[-70.60303665309131,-33.41574264687504],[-70.6030528060894,-33.41575536835665],[-70.60307036819347,-33.4157667008224],[-70.60308917027047,-33.41577653513393],[-70.60310903124548,-33.41578477658094],[-70.60312975984554,-33.41579134579339],[-70.60315115644188,-33.41579617950577],[-70.60317301497233,-33.41579923116657],[-70.60319512492596,-33.415800471386476],[-70.60321727337048,-33.41579988822146],[-70.60323924700285,-33.41579748728779],[-70.60326083420367,-33.41579329170795],[-70.6032818270752,-33.41578734188797],[-70.6032902369608,-33.41578415773317],[-70.60329237216727,-33.41578422116617],[-70.6032991887647,-33.41578386190134],[-70.60330601666213,-33.415783718243375],[-70.60331024032088,-33.41578327943463],[-70.60331448788796,-33.415783055568475],[-70.60332122967041,-33.415782137716995],[-70.6033280078986,-33.41578143350535],[-70.60333215993104,-33.41578064962961],[-70.60333636087923,-33.41578007769623],[-70.60334296291931,-33.41577861009759],[-70.60334962619974,-33.41577735211424],[-70.6033536666193,-33.41577623072078],[-70.60335778049095,-33.41577531622825],[-70.60336417920708,-33.415773313016274],[-70.60337066336832,-33.41577151337641],[-70.6033745532634,-33.415770065264866],[-70.60337854043937,-33.4157688170203],[-70.6033846742079,-33.41576629748724],[-70.60339091680376,-33.41576397352245],[-70.60339461871241,-33.415762212639],[-70.60339844079382,-33.41576064266378],[-70.60340425054306,-33.41575763107422],[-70.60341019145358,-33.415754805165705],[-70.60341366972415,-33.415752748468776],[-70.6034172899022,-33.4157508718827],[-70.60342271968084,-33.41574739724007],[-70.60342830169165,-33.415744096603014],[-70.60343152282651,-33.41574176389974],[-70.6034349062367,-33.415739598775495],[-70.60343990375303,-33.415735694542626],[-70.6034450731061,-33.41573195096421],[-70.60344800608374,-33.41572936472005],[-70.6034511201421,-33.415726931908964],[-70.60345125930401,-33.41572679955253],[-70.60351431478283,-33.4157084390018],[-70.60353486629863,-33.41570148955004],[-70.60355450660025,-33.41569288424937],[-70.60357304654008,-33.41568270597407],[-70.60359030756787,-33.41567105274703],[-70.60360612345022,-33.41565803679576],[-70.60362034187159,-33.41564378347155],[-70.60363282590109,-33.4156284300423],[-70.60364345531123,-33.41561212437039],[-70.60365212773577,-33.41559502348885],[-70.60365875965553,-33.4155772920889],[-70.60366328720266,-33.41555910093389],[-70.60366566677568,-33.41554062521479],[-70.6036658754594,-33.41552204286295],[-70.60366391124542,-33.415503532836546],[-70.60365979305156,-33.41548527339713],[-70.60365356053957,-33.41546744039282],[-70.60364527373308,-33.41545020556484],[-70.60363501243951,-33.41543373489359],[-70.60362287548149,-33.41541818700016],[-70.60360897974505,-33.4154037116187],[-70.60359345905403,-33.415390448154476],[-70.60357646288108,-33.415378524341335],[-70.60355815490837,-33.41536805501158],[-70.60353871145115,-33.41535914099003],[-70.60351831975976,-33.41535186812313],[-70.6034971762163,-33.4153463064522],[-70.60347548444349,-33.41534250953887],[-70.60345345334373,-33.415340513949296],[-70.60343129508712,-33.415340338902],[-70.60340922306845,-33.41534198608284],[-70.60338744985194,-33.41534543962869],[-70.6033661851243,-33.41535066628026],[-70.60322140732619,-33.415392822712036],[-70.60321779271379,-33.415394044979244],[-70.60321409269027,-33.41539507189745],[-70.60320838337803,-33.41539719733241],[-70.60320444813392,-33.41539849609605],[-70.60320419063511,-33.41539857171075]]]}},{"type":"Feature","properties":{"numpos":"33135","TIPO":"DESCARGO","TENSION":"MT","INCIDENCIA":"DF202671820801","CLITOTAL":"421","CANTAVISOS":"","FECHA_INICIO":"","FECHA_FIN":"","DESCARGO":"DF202671820801(TP20267213817645)","ESTADODESC":"789","ESTADOINC":" ","CLI_PLAN":"1","FECHA_INIDESC":"10-10-2026 00:00","FECHA_FINDESC":"10-10-2026 06:00","FECHA_REPOSICION":"10-10-2026 06:00","id_alim":"2115"},"geometry":{"type":"Polygon","coordinates":[[[-70.60295387327346,-33.416593568223725],[-70.60297071182119,-33.41660564852665],[-70.60298888124686,-33.41661628656339],[-70.60300820656852,-33.41662537988332],[-70.60302850167191,-33.41663284091232],[-70.60304957110317,-33.4166385977962],[-70.60307121195102,-33.41664259509274],[-70.60309321580095,-33.41664479430556],[-70.60311537074254,-33.41664517425497],[-70.60313746341018,-33.41664373128186],[-70.60315928103805,-33.41664047928296],[-70.60318061350917,-33.41663544957706],[-70.60320125537905,-33.4166286906033],[-70.6032210078542,-33.41662026745469],[-70.60323968070671,-33.41661026125127],[-70.60325709410628,-33.41659876835879],[-70.60327308035207,-33.41658589946063],[-70.60328748548778,-33.416571778491885],[-70.60330017078434,-33.4165565414458],[-70.60331101407593,-33.41654033506394],[-70.6033199109365,-33.41652331542313],[-70.60332677568539,-33.416505646432164],[-70.60333154221246,-33.4164874982534],[-70.60333416461474,-33.41646904566395],[-70.6033346176384,-33.41645046637242],[-70.60333289692196,-33.4164319393075],[-70.60332901903823,-33.416413642894845],[-70.60332302133462,-33.41639575333869],[-70.60331496157346,-33.416378442924874],[-70.60330491737564,-33.416361878361755],[-70.60329298547305,-33.41634621917461],[-70.60315982081094,-33.416189027339804],[-70.60316365330188,-33.41618507813299],[-70.60317588864037,-33.41616958450339],[-70.60318625415913,-33.41615315975474],[-70.6031946500334,-33.41613596206683],[-70.60320099540733,-33.41611815706311],[-70.60320522917272,-33.41609991621583],[-70.60320731055732,-33.41608141519446],[-70.60320721951771,-33.41606283217403],[-70.60320495693199,-33.41604434611914],[-70.60320054459143,-33.416026135060434],[-70.60319402499059,-33.41600837438014],[-70.60318546091787,-33.41599123512292],[-70.60317493485088,-33.41597488234876],[-70.60316254816219,-33.415959473543346],[-70.6031484201428,-33.41594515710131],[-70.6031326868535,-33.41593207089726],[-70.60311549981436,-33.41592034095795],[-70.6030970245457,-33.4159100802485],[-70.60307743897383,-33.415901387584675],[-70.60305712678525,-33.41589441365511],[-70.60330724486849,-33.41577751870332],[-70.6033260486462,-33.41576768668144],[-70.60334361271028,-33.41575635635479],[-70.60335976790887,-33.415743636841185],[-70.60337435865856,-33.41572965063707],[-70.6033872444427,-33.415714532437796],[-70.6033983011646,-33.41569842784041],[-70.60340742234278,-33.41568149194147],[-70.60341452013621,-33.41566388784332],[-70.60341952619041,-33.4156457850834],[-70.60342239229561,-33.415627358001394],[-70.60342309085098,-33.415608784060254],[-70.60342161513044,-33.4155902421372],[-70.60341797934736,-33.41557191080099],[-70.60341221851762,-33.41555396659213],[-70.60340438812233,-33.4155365823229],[-70.60339456357345,-33.41551992541286],[-70.6033828394876,-33.41550415627671],[-70.60336932877466,-33.41548942677933],[-70.60335416155054,-33.4154758787732],[-70.60333748388389,-33.41546364273253],[-70.60331945638954,-33.41545283649649],[-70.60330025268163,-33.41544356413448],[-70.60328005770162,-33.41543591494398],[-70.60325906593728,-33.41542996259046],[-70.60323747954959,-33.41542576439804],[-70.60321550642604,-33.41542336079736],[-70.60319335817847,-33.415422774936346],[-70.60317124810523,-33.415424012457116],[-70.60314938913702,-33.41542706144183],[-70.60312799178638,-33.41543189252729],[-70.60310726212032,-33.415438459187826],[-70.60308739977584,-33.415446698183324],[-70.60275025554351,-33.41560426517741],[-70.60273924074326,-33.415592182446346],[-70.60272493481493,-33.41557799083589],[-70.60270903907073,-33.41556504349115],[-70.6026917065953,-33.41555346510156],[-70.60267310430949,-33.41554336717284],[-70.60265341136287,-33.41553484695298],[-70.60263281740842,-33.41552798649597],[-70.60261152077615,-33.415522851871366],[-70.60258972656311,-33.41551949252818],[-70.6025676446581,-33.41551794081851],[-70.60254548772063,-33.415518211686134],[-70.60252346913269,-33.415520302522545],[-70.60250180094401,-33.41552419319196],[-70.60248069182985,-33.415529846225375],[-70.60246034508141,-33.4155372071814],[-70.60244095664805,-33.415546205170415],[-70.60242271325038,-33.415556753537395],[-70.60240579058176,-33.41556875069633],[-70.6023903516166,-33.415582081108575],[-70.60237654504064,-33.415596616395604],[-70.60236450381913,-33.41561221657515],[-70.60235434391622,-33.41562873140949],[-70.60234616317818,-33.415646001852174],[-70.60234004039103,-33.415663861579766],[-70.60233603452173,-33.41568213859361],[-70.60233418415031,-33.41570065687619],[-70.60233450709826,-33.4157192380864],[-70.60233700025677,-33.415737703277],[-70.60234163961674,-33.4157558746179],[-70.60234838049978,-33.41577357710891],[-70.60235715798862,-33.41579064026499],[-70.60236788755219,-33.41580689975818],[-70.60238046585958,-33.41582219900014],[-70.60250013670914,-33.41595347276019],[-70.60252885729541,-33.41600279620133],[-70.60252877630974,-33.41600547342387],[-70.60253038836207,-33.41602400736681],[-70.6025341589012,-33.41604231955534],[-70.60254005161605,-33.41606023363283],[-70.60254800975773,-33.4160775770766],[-70.60255795668597,-33.4160941828594],[-70.60256007151888,-33.41609698863999],[-70.60256099980477,-33.416098503832295],[-70.60257300963754,-33.41611412105397],[-70.60258146080167,-33.41612304913291],[-70.60262121210091,-33.41618525858875],[-70.60263264097823,-33.416201208658364],[-70.60263442956416,-33.416203225796025],[-70.60263726055497,-33.41620784763176],[-70.60264926882395,-33.416223465706395],[-70.60266304471966,-33.416238021515085],[-70.60267845557296,-33.416251374876815],[-70.60269115074267,-33.416260407352986],[-70.6027616149172,-33.416370175632345],[-70.60276672620913,-33.4163772791118],[-70.60277179335888,-33.41638448568098],[-70.60277413933896,-33.41638747634723],[-70.60277870497085,-33.41639307557774],[-70.60292482309161,-33.41656555895062],[-70.60293852776842,-33.416580161995086],[-70.60295387327346,-33.416593568223725]]]}},{"type":"Feature","properties":{"numpos":"33737","TIPO":"DESCARGO","TENSION":"MT","INCIDENCIA":"DF202671820801","CLITOTAL":"421","CANTAVISOS":"","FECHA_INICIO":"","FECHA_FIN":"","DESCARGO":"DF202671820801(TP20267213817645)","ESTADODESC":"789","ESTADOINC":" ","CLI_PLAN":"1","FECHA_INIDESC":"10-10-2026 00:00","FECHA_FINDESC":"10-10-2026 06:00","FECHA_REPOSICION":"10-10-2026 06:00","id_alim":"2115"},"geometry":{"type":"Polygon","coordinates":[[[-70.60326180546107,-33.41598248069182],[-70.60328213177846,-33.415975557688405],[-70.60330156103208,-33.41596701316147],[-70.6033199098146,-33.41595692776939],[-70.60333700491826,-33.415945396715934],[-70.60335268496988,-33.41593252885151],[-70.6033668019543,-33.41591844564563],[-70.60337922261145,-33.41590328004031],[-70.60338982969444,-33.415887175195],[-70.60339852307615,-33.41587028313534],[-70.6034052206945,-33.41585276331792],[-70.60340985932702,-33.4158347811251],[-70.60341239518753,-33.41581650630388],[-70.60341280433963,-33.41579811136339],[-70.60341108292232,-33.41577976994671],[-70.60340724718665,-33.41576165519133],[-70.60340133334209,-33.41574393809523],[-70.60340096946177,-33.41574315164815],[-70.60340277871086,-33.415739655803435],[-70.603402980984,-33.41573912863263],[-70.603403239181,-33.415738621670684],[-70.60340419479594,-33.41573608040309],[-70.60340536156998,-33.41573359833285],[-70.60340734609115,-33.41572775214715],[-70.60340956626146,-33.41572196586533],[-70.60340970595271,-33.4157214245765],[-70.603409903646,-33.41572089885036],[-70.60341055762785,-33.41571829130424],[-70.6034114286876,-33.415715725255275],[-70.60341272035207,-33.415709744095345],[-70.60341425353253,-33.41570380318079],[-70.60341432928796,-33.415703252997744],[-70.60341446458095,-33.41570271355943],[-70.60341481064198,-33.415700064832144],[-70.60341537758991,-33.415697439531804],[-70.60341596395865,-33.4156913809996],[-70.60341679538436,-33.41568534266658],[-70.60341680646992,-33.41568478889999],[-70.60341687806286,-33.415684240932364],[-70.60341691287523,-33.41568157651658],[-70.60341717024815,-33.41567891726414],[-70.60341704567458,-33.41567283970661],[-70.60341716733888,-33.4156667621076],[-70.60341711364772,-33.41566621010302],[-70.60341712084994,-33.415665658870715],[-70.60341684407757,-33.41566300440975],[-70.60341678939945,-33.41566033683187],[-70.60341595508372,-33.41565429877922],[-70.60341536581535,-33.41564824044481],[-70.60341524786881,-33.41564769553049],[-70.60341519060539,-33.41564714632989],[-70.60341460490717,-33.41564452737176],[-70.6034142387129,-33.415641877174664],[-70.60341270269039,-33.41563593677659],[-70.60341140816477,-33.415629956051795],[-70.60341122710722,-33.41562942348671],[-70.6034111059199,-33.41562888159562],[-70.60341021692436,-33.41562632334795],[-70.60340954275442,-33.415623716068936],[-70.60340731981827,-33.41561793053465],[-70.60340533250282,-33.41561208501703],[-70.60340509009025,-33.41561156993951],[-70.60340490613248,-33.41561104056704],[-70.60340372238402,-33.41560856765511],[-70.60340274674985,-33.41560602841579],[-70.60339985830855,-33.41560045346303],[-70.60339719734253,-33.415594799448],[-70.60339689592533,-33.415594306825696],[-70.6033966509516,-33.41559379506268],[-70.60339403678196,-33.415589025335464],[-70.60339387630701,-33.415588766784595],[-70.60339374504682,-33.415588495002474],[-70.60336829269745,-33.41554243036521],[-70.60335765118806,-33.415525476343824],[-70.60334502129601,-33.415509510871374],[-70.60333053231352,-33.41549469738519],[-70.60331433256407,-33.415481187529764],[-70.60329658788375,-33.41546911960431],[-70.60327747992382,-33.41545861714713],[-70.60325720429113,-33.41544978767094],[-70.60323596854559,-33.415442721562236],[-70.60321399007562,-33.41543749115614],[-70.60319149387264,-33.41543414999581],[-70.60316871022799,-33.41543273228438],[-70.60314587237545,-33.41543325253489],[-70.60312321410376,-33.41543570542163],[-70.6031009673633,-33.4154400658347],[-70.60307935989182,-33.415446289137016],[-70.60305861288296,-33.4154543116213],[-70.60272977728967,-33.41559880915009],[-70.60261444645522,-33.41547143181377],[-70.60260019619362,-33.41545720088257],[-70.60258435125466,-33.41544420983234],[-70.6025670642337,-33.41543258377343],[-70.60254850161384,-33.415422434670624],[-70.60252884216264,-33.415413860264756],[-70.60250827521054,-33.415406943131664],[-70.60248699882752,-33.41540174988671],[-70.60246521791554,-33.41539833054341],[-70.6024431422354,-33.41539671803176],[-70.60242098438661,-33.415396927881076],[-70.60239895775997,-33.41539895807043],[-70.6023772744826,-33.41540278904816],[-70.60235614337506,-33.415408383920116],[-70.60233576794037,-33.415415688804984],[-70.60231634440419,-33.415424633353226],[-70.60229805982506,-33.415435131424374],[-70.60228109029305,-33.415447081916874],[-70.60226559923383,-33.41546036974148],[-70.60225173583484,-33.41547486692978],[-70.60223963360855,-33.41549043386647],[-70.60222940910661,-33.41550692063393],[-70.60222116079743,-33.415524168456024],[-70.6022149681177,-33.41554201122718],[-70.60221089070757,-33.41556027711204],[-70.60221017260808,-33.41556719085539],[-70.60221002463497,-33.41556750785117],[-70.60220400835365,-33.41558539301596],[-70.60220011144858,-33.41560368659028],[-70.60219837145038,-33.415622212397196],[-70.60219880511755,-33.415640792023105],[-70.60220140827505,-33.41565924653599],[-70.60220615585439,-33.41567739820862],[-70.60221300213497,-33.415695072230186],[-70.6022218811845,-33.41571209838986],[-70.6022327074938,-33.41572831271593],[-70.60224537680021,-33.41574355905506],[-70.60247841496171,-33.4159965611852],[-70.60248039295954,-33.4159985035995],[-70.60248220012102,-33.41600055798735],[-70.60248758233804,-33.41600556364254],[-70.60249280533348,-33.41601069267632],[-70.60249500113778,-33.416012463391425],[-70.60249703944005,-33.416014359085096],[-70.60250298000228,-33.416018897614116],[-70.60250877810526,-33.416023573251586],[-70.60251117061755,-33.41602515515937],[-70.60251342038096,-33.4160268739551],[-70.60251986196315,-33.41603090179872],[-70.6025261794504,-33.41603507886345],[-70.60252874566656,-33.41603645667011],[-70.60253118518614,-33.416037982071714],[-70.60253806566875,-33.416041460597356],[-70.60254484178405,-33.416045098706],[-70.60254755701497,-33.41604625908107],[-70.60255016277036,-33.41604757645718],[-70.60255741583912,-33.416050472325615],[-70.60256458537715,-33.41605353628221],[-70.60256742348643,-33.41605446798915],[-70.60257017036842,-33.416055564711854],[-70.60257772615297,-33.416057850192864],[-70.60258522008724,-33.416060310333165],[-70.60258815374286,-33.41606100433937],[-70.60259101529535,-33.41606186990407],[-70.60259880104107,-33.416063523138426],[-70.60260654718974,-33.41606535562067],[-70.60260954812829,-33.4160658051866],[-70.60261249680192,-33.41606643131098],[-70.60262043756855,-33.41606743651605],[-70.60262836129175,-33.41606862355559],[-70.60263140059114,-33.41606882430133],[-70.60263440800833,-33.41606920500358],[-70.6026424273881,-33.4160695526207],[-70.60265045231024,-33.416070082665776],[-70.60265350067043,-33.41607003261489],[-70.60265653789631,-33.416070164269506],[-70.60266455874505,-33.41606985105227],[-70.6026726074953,-33.41606971889915],[-70.60267563552186,-33.416069418499],[-70.60267867334153,-33.41606929987055],[-70.60268661851677,-33.41606832891299],[-70.60269461347893,-33.41606753575905],[-70.60269759196844,-33.4160669878774],[-70.6027006011662,-33.41606662013138],[-70.60270839426438,-33.41606500083613],[-70.60271625833022,-33.41606355427046],[-70.60271915855358,-33.416062764168615],[-70.6027221101921,-33.416062150859574],[-70.60272967627765,-33.41605989884617],[-70.60273733359614,-33.41605781277761],[-70.60274012757809,-33.416056788059805],[-70.60274043150905,-33.41605669759599],[-70.6027634351672,-33.41610306918537],[-70.60276362256222,-33.41610340013997],[-70.60275539127349,-33.416109867842586],[-70.60274078370927,-33.41612384174897],[-70.60272787975249,-33.416138949083916],[-70.60271680367578,-33.41615504435604],[-70.60270766214853,-33.416171972559525],[-70.60270054320964,-33.41618957066695],[-70.60269551541947,-33.416207669199245],[-70.60269262719966,-33.41622609385785],[-70.6026919063667,-33.41624466720336],[-70.60269335986399,-33.41626321036427],[-70.60269697369495,-33.416281544759684],[-70.60270271305764,-33.41629949381916],[-70.60271052268011,-33.41631688468309],[-70.60272032735239,-33.41633354986756],[-70.60273203265093,-33.41634932887726],[-70.60274552584788,-33.41636406975115],[-70.60276067699671,-33.416377630526],[-70.60277734018358,-33.416389880603546],[-70.60279535493268,-33.41640070200831],[-70.60281454775163,-33.41640999052371],[-70.60283473380235,-33.41641765669578],[-70.60285571868121,-33.4164236266947],[-70.60287730029121,-33.416427843025794],[-70.60289927078838,-33.41643026508329],[-70.60292141858348,-33.416430869541294],[-70.60294353037978,-33.41642965057861],[-70.60296539322715,-33.41642661993459],[-70.60298679657322,-33.41642180679626],[-70.60300753429081,-33.41641525751703],[-70.60302740666339,-33.41640703517049],[-70.60316153361568,-33.41634480179418],[-70.60318037838555,-33.416335015284105],[-70.60319798819397,-33.41632372649333],[-70.60321419335563,-33.416311044199254],[-70.6032288377204,-33.41629709060677],[-70.60324178017798,-33.41628200017078],[-70.60325289601762,-33.416265918300624],[-70.60326207812983,-33.41624899995883],[-70.60326923803827,-33.41623140816797],[-70.60327430675251,-33.41621331243973],[-70.60327723543253,-33.4161948871416],[-70.60327799585947,-33.41617630981659],[-70.60327658070736,-33.41615775947254],[-70.60327300361374,-33.416139414857184],[-70.60326729904811,-33.416121452735744],[-70.60325952197988,-33.41610404618777],[-70.60325199391315,-33.416091197355215],[-70.60320305541133,-33.415999753092414],[-70.60326180546107,-33.41598248069182]]]}},{"type":"Feature","properties":{"numpos":"55278","TIPO":"DESCARGO","TENSION":"MT","INCIDENCIA":"DF202671820801","CLITOTAL":"421","CANTAVISOS":"","FECHA_INICIO":"","FECHA_FIN":"","DESCARGO":"DF202671820801(TP20267213817645)","ESTADODESC":"789","ESTADOINC":" ","CLI_PLAN":"1","FECHA_INIDESC":"10-10-2026 00:00","FECHA_FINDESC":"10-10-2026 06:00","FECHA_REPOSICION":"10-10-2026 06:00","id_alim":"2115"},"geometry":{"type":"Polygon","coordinates":[[[-70.60332599032448,-33.415366222402206],[-70.60330745061812,-33.41537640089374],[-70.60329018983437,-33.41538805431765],[-70.60327437420378,-33.41540107044565],[-70.60326015603954,-33.415415323925856],[-70.60324767227067,-33.415430677490086],[-70.60323704312319,-33.415446983275594],[-70.6032283709624,-33.41546408424921],[-70.60322173930695,-33.415481815719616],[-70.60321721202449,-33.41550000692332],[-70.6032148327165,-33.41551848266932],[-70.60321462429836,-33.415537065026115],[-70.60321658877868,-33.415555575035455],[-70.60322070723974,-33.4155738344357],[-70.60322694001984,-33.41559166737855],[-70.603235227095,-33.41560890212272],[-70.6032454886571,-33.41562537268775],[-70.60325762588246,-33.41564092045261],[-70.6032715218835,-33.415655395683274],[-70.60328704283434,-33.41566865897481],[-70.60330403925974,-33.41568058259387],[-70.60332234747452,-33.41569105170894],[-70.60334179116005,-33.415699965496216],[-70.60336218306217,-33.41570723811058],[-70.60338332679476,-33.415712799512406],[-70.60340501873092,-33.41571659614204],[-70.6034270499642,-33.41571859143568],[-70.60344920832036,-33.41571876617747],[-70.60347128040098,-33.41571711868463],[-70.6034930536385,-33.41571366482348],[-70.60351431834344,-33.41570843785689],[-70.6035874558311,-33.41568714044642],[-70.60358895890761,-33.41568725925866],[-70.60359096314895,-33.415687554953806],[-70.60359971322069,-33.41568811348933],[-70.60360843725218,-33.41568882132456],[-70.60360871531128,-33.41568882092234],[-70.60360899440812,-33.415688842983805],[-70.60361102941083,-33.41568883582468],[-70.60361305856195,-33.41568896534938],[-70.60362183178282,-33.415688801948534],[-70.60363059654614,-33.415688789269],[-70.60363087321925,-33.41568876601255],[-70.60363115354004,-33.41568876502634],[-70.60363317790679,-33.41568859062656],[-70.60363521242579,-33.41568855273348],[-70.6036439242536,-33.41568766897478],[-70.60365264538949,-33.41568693589683],[-70.60365291802268,-33.41568689000835],[-70.60365319685714,-33.41568686598663],[-70.60365519109213,-33.41568652602582],[-70.60365721138528,-33.415686321079846],[-70.60366577787195,-33.415684725491644],[-70.6036743714385,-33.41568327905723],[-70.60367463741616,-33.41568321097425],[-70.60367491206888,-33.41568316415365],[-70.60367685696646,-33.4156826619058],[-70.60367884357709,-33.41568229188072],[-70.60368718217828,-33.4156799998587],[-70.60369556545822,-33.4156778539678],[-70.60369582222746,-33.41567776433914],[-70.60369609004468,-33.41567769517832],[-70.60369796687417,-33.41567703548039],[-70.60369990067015,-33.41567650393975],[-70.60370793104592,-33.415673537597016],[-70.6037160233375,-33.41567071287547],[-70.60371626843205,-33.41567060255532],[-70.60371652682791,-33.4156705117302],[-70.60371831751446,-33.41566970093547],[-70.60372017987204,-33.41566901299835],[-70.60373762993444,-33.41566168972222],[-70.60375693594096,-33.41565256792009],[-70.60377508282731,-33.41564190310847],[-70.60378319954728,-33.41563605919064],[-70.60382084214856,-33.41562734641731],[-70.6038418877745,-33.41562152925519],[-70.60386215214956,-33.41561401017484],[-70.60388144011586,-33.41560486158954],[-70.60389956591902,-33.415594171605726],[-70.6039163549973,-33.415582043174304],[-70.60393164566247,-33.4155685930993],[-70.60394529065722,-33.415553950912816],[-70.60395715857318,-33.41553825762769],[-70.60396713511643,-33.41552166437934],[-70.6039751242083,-33.41550433097025],[-70.60398104891053,-33.41548642433096],[-70.60398485216615,-33.415468116912486],[-70.60398649734913,-33.41544958502539],[-70.60398596861678,-33.41543100714196],[-70.60398327106249,-33.41541256217727],[-70.6039784306665,-33.415394427766245],[-70.6039714940457,-33.41537677855291],[-70.60396252800463,-33.41535978450846],[-70.60395161889205,-33.415343609294354],[-70.60393887176937,-33.41532840868626],[-70.60392440939876,-33.41531432907378],[-70.60390837106091,-33.41530150605073],[-70.60389091121365,-33.41529006310921],[-70.6038721980045,-33.41528011045051],[-70.60385241165125,-33.415271743923654],[-70.6038317427064,-33.41526504410242],[-70.60381039022221,-33.41526007550941],[-70.60378855983349,-33.41525688599464],[-70.60376646177751,-33.4152555062747],[-70.6037443088693,-33.41525594963703],[-70.60372231445203,-33.41525821181185],[-70.60370069034269,-33.41526227101338],[-70.60356242840498,-33.41529427309228],[-70.60355229066992,-33.41529707521966],[-70.60354213960291,-33.41529984834382],[-70.60354081698134,-33.41530016164087],[-70.60353450859947,-33.41530194052558],[-70.60352812718557,-33.41530350911578],[-70.60336618172012,-33.41535066716342],[-70.6033456304065,-33.41535761686693],[-70.60332599032448,-33.415366222402206]]]}},{"type":"Feature","properties":{"numpos":"10730","TIPO":"DESCARGO","TENSION":"MT","INCIDENCIA":"DF202671820780","CLITOTAL":"76","CANTAVISOS":"","FECHA_INICIO":"","FECHA_FIN":"","DESCARGO":"DF202671820780(TP20267213818374)","ESTADODESC":"789","ESTADOINC":" ","CLI_PLAN":"1","FECHA_INIDESC":"11-10-2026 09:00","FECHA_FINDESC":"11-10-2026 14:00","FECHA_REPOSICION":"11-10-2026 14:00","id_alim":"2435"},"geometry":{"type":"Polygon","coordinates":[[[-70.58480663860892,-33.49742972581874],[-70.58481148167311,-33.497427404297035],[-70.58481439079691,-33.49742603425298],[-70.5848159027146,-33.497425331048376],[-70.58481973469759,-33.497429296660314],[-70.58483531366306,-33.49744252413988],[-70.58485236511046,-33.49745440856909],[-70.5848707248247,-33.497464835493844],[-70.58489021599111,-33.497473704496606],[-70.58491065089835,-33.49748093016359],[-70.58493183274605,-33.49748644290732],[-70.58495355754029,-33.49749018963672],[-70.58497561605812,-33.497492134268576],[-70.58499779586259,-33.497492258074935],[-70.58501988334865,-33.49749055986352],[-70.58504166580042,-33.49748705598917],[-70.58504929926842,-33.49748516238053],[-70.58504963802618,-33.497485108171844],[-70.58507091171434,-33.49747984952711],[-70.58509146774693,-33.49747286919368],[-70.58511110815716,-33.49746423439641],[-70.58512964379638,-33.4974540282936],[-70.58514689615575,-33.49744234917617],[-70.58516269908536,-33.49742930952094],[-70.58517690039442,-33.49741503490751],[-70.58518936331681,-33.49739966280877],[-70.58519996782839,-33.49738334126696],[-70.58520861180267,-33.4973662274679],[-70.58521521199447,-33.4973484862272],[-70.58521970484149,-33.49733028840302],[-70.58522204707647,-33.49731180925055],[-70.58522221614378,-33.497293226734186],[-70.58522021041658,-33.4972747198137],[-70.58521604921248,-33.49725646672073],[-70.58520977260744,-33.49723864324224],[-70.58520144104975,-33.497221421027774],[-70.5851239041272,-33.49708131675892],[-70.58512344430683,-33.49708058260287],[-70.58512306458118,-33.49707981697494],[-70.58511921547789,-33.497073018361576],[-70.58511833143639,-33.49707163640605],[-70.58511758483166,-33.49707019865957],[-70.5851085300911,-33.49705486584513],[-70.58510447159725,-33.49704831756383],[-70.58493672464884,-33.49679008997756],[-70.58477087679525,-33.49652113308691],[-70.58476968644747,-33.496519229255334],[-70.58467062251096,-33.49636295099701],[-70.58466782417233,-33.49635814210231],[-70.5846663922016,-33.49635596009519],[-70.58466515670624,-33.49635370759773],[-70.5845419949502,-33.49615542988473],[-70.58453080252686,-33.49613938634031],[-70.5845177870827,-33.49612433919087],[-70.58450307396399,-33.496110433348115],[-70.5844868048662,-33.49609780273231],[-70.58446913646948,-33.496086568982655],[-70.58445023892973,-33.49607684028573],[-70.58443029423994,-33.496068710333745],[-70.58440949447746,-33.49606225742212],[-70.58438803995428,-33.49605754369559],[-70.58436613728796,-33.49605461454968],[-70.5843439974118,-33.496053498193525],[-70.58432183354357,-33.496054205378215],[-70.584299859132,-33.496056729293265],[-70.5842782858014,-33.49606104563215],[-70.5842573213135,-33.49606711282651],[-70.58423716756671,-33.496074872446336],[-70.58423431009382,-33.496076271764956],[-70.58423178865591,-33.49607720096357],[-70.58421245895828,-33.496086314197754],[-70.58419428848227,-33.49609697093804],[-70.58417745221907,-33.496109068554766],[-70.5841621123109,-33.4961224905418],[-70.58414841648963,-33.49613710763868],[-70.58413649665385,-33.49615277907536],[-70.58412646759872,-33.49616935392773],[-70.58411842591039,-33.49618667257145],[-70.58411244903579,-33.49620456821881],[-70.58410859453667,-33.49622286852523],[-70.58410689953529,-33.496241397248916],[-70.58410738035685,-33.496259975948156],[-70.58411003237214,-33.49627842569987],[-70.58411483004214,-33.49629656882267],[-70.58412172716393,-33.49631423058811],[-70.5841306573155,-33.49633124090336],[-70.58415079001124,-33.496364991695906],[-70.58414368158971,-33.4963744268095],[-70.58413373782815,-33.496391037706346],[-70.58412578524455,-33.49640838521437],[-70.58411990042768,-33.49642630226791],[-70.58411614005277,-33.496444616316246],[-70.58411454033562,-33.49646315098524],[-70.58411511668376,-33.49648172777591],[-70.58411786354802,-33.49650016778355],[-70.58412275447593,-33.496518293420635],[-70.58412974236643,-33.496535930127074],[-70.58413875992338,-33.49655290805137],[-70.58414972030369,-33.49656906368637],[-70.58416251795354,-33.49658424144397],[-70.58417702962502,-33.49659829515354],[-70.58419311556295,-33.496611089469546],[-70.58421062085081,-33.49662250117522],[-70.58422937690277,-33.49663242036899],[-70.58424920308708,-33.496640751523124],[-70.58426990846594,-33.49664741440365],[-70.58429129363415,-33.49665234484296],[-70.58431315263961,-33.496655495358034],[-70.58433110120347,-33.49665658274633],[-70.58435769174571,-33.49669760761606],[-70.58435930075404,-33.49670018949927],[-70.58452803385448,-33.49697093713334],[-70.58453113726628,-33.4969759171979],[-70.58453283528247,-33.49697858972014],[-70.58460512086924,-33.4970902001042],[-70.58459443090761,-33.4970951720814],[-70.58459391873797,-33.49709543864557],[-70.58459338319439,-33.49709566263005],[-70.58458923640939,-33.497097615544504],[-70.58458813427764,-33.497098139210095],[-70.5842350467474,-33.49724434307099],[-70.58400022114975,-33.49734002271364],[-70.58373587778165,-33.497446060277525],[-70.58371636633596,-33.49745489793381],[-70.58369798276404,-33.49746529532308],[-70.58368090410926,-33.49747715231328],[-70.58366529484816,-33.49749035471572],[-70.58365130530655,-33.497504775384634],[-70.58363907021167,-33.497520275441616],[-70.5836287073948,-33.4975367056132],[-70.58362031665632,-33.49755390766826],[-70.58361397880466,-33.49757171594201],[-70.58360975487798,-33.49758995893127],[-70.58360768555633,-33.49760846094632],[-70.58360779076979,-33.49762704380267],[-70.58361006950645,-33.49764552853722],[-70.5836144998222,-33.4976637371317],[-70.58362103905195,-33.497681494227166],[-70.58362962422045,-33.49769862881269],[-70.58364017264877,-33.497714975872405],[-70.58365258275049,-33.49773037797471],[-70.58366673501004,-33.497744686788366],[-70.58368249313364,-33.497757764511135],[-70.58369970536187,-33.4977694851968],[-70.58371820593123,-33.49777973596823],[-70.58373781667053,-33.49778841810431],[-70.58375834871684,-33.49779544799094],[-70.58377960433427,-33.49780075792606],[-70.58380137881842,-33.49780429677184],[-70.58382346246779,-33.49780603044706],[-70.58384564260342,-33.49780594225545],[-70.58386770561707,-33.497804033046336],[-70.5838894390285,-33.49780032120662],[-70.58391063353183,-33.49779484248362],[-70.58393108501127,-33.49778764964079],[-70.58419605193635,-33.49768136181738],[-70.58419665998707,-33.49768108640017],[-70.5841972956846,-33.49768085898406],[-70.5844333902378,-33.49758466218812],[-70.58443468287585,-33.49758413122907],[-70.58479453908471,-33.497435124446774],[-70.58480052840855,-33.49743233005095],[-70.58480663860892,-33.49742972581874]]]}},{"type":"Feature","properties":{"numpos":"105729","TIPO":"DESCARGO","TENSION":"MT","INCIDENCIA":"DF202671819635","CLITOTAL":"174","CANTAVISOS":"","FECHA_INICIO":"","FECHA_FIN":"","DESCARGO":"DF202671819635(TP20267213817711)","ESTADODESC":"789","ESTADOINC":" ","CLI_PLAN":"1","FECHA_INIDESC":"10-10-2026 10:30","FECHA_FINDESC":"10-10-2026 17:30","FECHA_REPOSICION":"10-10-2026 17:30","id_alim":"2443"},"geometry":{"type":"Polygon","coordinates":[[[-70.56003586799478,-33.512859002791004],[-70.56003082059924,-33.51287709858579],[-70.56002791493063,-33.51289552166486],[-70.56002717897347,-33.51291409460395],[-70.56002861981682,-33.51293263853555],[-70.56003222358595,-33.512950974871345],[-70.56003795557588,-33.51296892702215],[-70.56004576058562,-33.512986322098655],[-70.56005556344967,-33.51300299257633],[-70.56006726976187,-33.513018777908876],[-70.56008076678465,-33.513033526074366],[-70.56009592453458,-33.51304709503937],[-70.56011259703432,-33.51305935412676],[-70.56013062371834,-33.513070185274245],[-70.56014983097931,-33.513079484171435],[-70.5601700338401,-33.51308716126436],[-70.56019103773517,-33.51309314261805],[-70.56021264038432,-33.51309737062846],[-70.56023463374109,-33.513099804577315],[-70.56025680599596,-33.513100421024255],[-70.56027894361668,-33.51309921403257],[-70.56029920033653,-33.513097269769155],[-70.56032109012295,-33.51309425095939],[-70.56033694319261,-33.51309069915051],[-70.56034862602338,-33.51309394926381],[-70.5603527864512,-33.51309494990464],[-70.56037438410964,-33.513099195765335],[-70.56039637458838,-33.51310164788836],[-70.56041854610574,-33.513102282658274],[-70.56044068513648,-33.513101093961936],[-70.5604625784683,-33.51309809324723],[-70.5604840152551,-33.5130933094129],[-70.56050478904776,-33.513086788530224],[-70.56052469978225,-33.51307859339924],[-70.56054355570649,-33.51306880294408],[-70.56056117522711,-33.51305751145265],[-70.5605773886581,-33.51304482766878],[-70.56059203985527,-33.51303087374482],[-70.56060498771977,-33.51301578406523],[-70.56061610755711,-33.51299970395241],[-70.56062529227788,-33.512982788267145],[-70.56063245342914,-33.51296519991709],[-70.5606333503523,-33.51296199849192],[-70.56063342323874,-33.51296181622443],[-70.56063358487496,-33.51296122478409],[-70.56063582571637,-33.51295516007923],[-70.56064027617869,-33.512936954696876],[-70.56064257496114,-33.5129184715698],[-70.5606426999266,-33.512899888700666],[-70.56064064987292,-33.51288138505267],[-70.56063644454464,-33.51286313882588],[-70.56063012444261,-33.51284532574121],[-70.56062175043402,-33.512828117348036],[-70.56061140316613,-33.51281167937218],[-70.56059918228951,-33.512796170119806],[-70.5605852054984,-33.512781738952995],[-70.56056960739716,-33.51276852485117],[-70.560552538204,-33.51275665507278],[-70.56053416230432,-33.512746243929726],[-70.56051465666744,-33.51273739168649],[-70.56049420914259,-33.51273018359456],[-70.56047301664954,-33.51272468907141],[-70.56046885624484,-33.512723795214065],[-70.56044802879158,-33.51272018568954],[-70.56043347526759,-33.512718840549546],[-70.5603464489443,-33.512700181781796],[-70.56032346813177,-33.512696305572916],[-70.56030013167396,-33.51269444375493],[-70.56027669051718,-33.51269461634878],[-70.5602533967337,-33.51269682149852],[-70.56022448934263,-33.51270083885467],[-70.56021859878018,-33.512701908612584],[-70.56021453743303,-33.51270245941265],[-70.56020987449351,-33.51270349298956],[-70.560202808642,-33.512704776185366],[-70.56019693878658,-33.51270636028881],[-70.56019309119664,-33.512707213136515],[-70.5601887190896,-33.51270857854566],[-70.5601816930509,-33.51271047466838],[-70.56017591816547,-33.51271257627348],[-70.56017230446797,-33.51271370483068],[-70.5601682430728,-33.51271536940434],[-70.56016134592288,-33.512717879424564],[-70.56015574171755,-33.51272049311688],[-70.56015237743357,-33.51272187197701],[-70.56014864137384,-33.51272380457846],[-70.560141963211,-33.51272691914252],[-70.56013660523317,-33.51273003067217],[-70.56013350200082,-33.512731635921895],[-70.56013010157467,-33.51273380753046],[-70.56012373158069,-33.512737506765355],[-70.5601186935499,-33.512741093017134],[-70.56011585994993,-33.51274290263371],[-70.56011280214763,-33.512745286728844],[-70.56010682661208,-33.512749540328976],[-70.56010217875156,-33.51275356953445],[-70.56009962118314,-33.51275556360847],[-70.56009691073959,-33.512758136345255],[-70.56009141110906,-33.51276290394421],[-70.5600872185268,-33.512767336133905],[-70.56008494208861,-33.512769496914615],[-70.56008258251758,-33.51277223709188],[-70.56007763353146,-33.51277746891266],[-70.56007395470274,-33.512782256598626],[-70.56007196403425,-33.51278456836738],[-70.56006995859244,-33.512787457199146],[-70.56006562656525,-33.51279309496633],[-70.56006251196567,-33.51279818403644],[-70.56006081200631,-33.512800632820934],[-70.56005916454001,-33.512803653529765],[-70.56005550584469,-33.51280963161822],[-70.56005299677723,-33.51281496241786],[-70.56005159340566,-33.5128175355663],[-70.56005030903805,-33.51282067282515],[-70.56004736883871,-33.512826919611825],[-70.56004549649288,-33.51283242818003],[-70.5600443970134,-33.51283511382123],[-70.5600434826381,-33.51283835307647],[-70.56004129391216,-33.51284479245466],[-70.56004090465468,-33.512846592449876],[-70.56003586799478,-33.512859002791004]]]}},{"type":"Feature","properties":{"numpos":"50095","TIPO":"DESCARGO","TENSION":"MT","INCIDENCIA":"DF202671819986","CLITOTAL":"5","CANTAVISOS":"","FECHA_INICIO":"","FECHA_FIN":"","DESCARGO":"DF202671819986(TP20267213818185)","ESTADODESC":"789","ESTADOINC":" ","CLI_PLAN":"1","FECHA_INIDESC":"10-10-2026 10:00","FECHA_FINDESC":"10-10-2026 16:00","FECHA_REPOSICION":"10-10-2026 16:00","id_alim":"2525"},"geometry":{"type":"Polygon","coordinates":[[[-70.70039907820389,-33.30373963632447],[-70.70041883727257,-33.303748004998646],[-70.70043947805712,-33.303754707090306],[-70.7004608017745,-33.303759678054305],[-70.70048260306439,-33.303762870017295],[-70.70050467196717,-33.30376425223876],[-70.70052679594586,-33.303763811407116],[-70.70054876193309,-33.30376155176789],[-70.70057035838309,-33.30375749508283],[-70.70059137730898,-33.30375168042028],[-70.70061161628595,-33.303744163779044],[-70.70063088040072,-33.303735017548874],[-70.70064898412865,-33.30372432981355],[-70.70066575312053,-33.303712203502286],[-70.70068102588164,-33.303698755398706],[-70.70069465532707,-33.30368411501596],[-70.70070651019819,-33.30366842334945],[-70.70071647632675,-33.30365183151905],[-70.70072445773434,-33.303634499313546],[-70.7007303775567,-33.30361659365193],[-70.70073417878389,-33.30359828697574],[-70.70073582480936,-33.303579755588444],[-70.70073529978234,-33.30356117795748],[-70.70073260876048,-33.30354273299552],[-70.70072777766113,-33.30352459833741],[-70.70072085301166,-33.30350694862959],[-70.70071190150128,-33.303489953848],[-70.70070100933881,-33.30347377766123],[-70.70068828142243,-33.30345857585427],[-70.7006738403293,-33.30344449482831],[-70.70065782513525,-33.30343167019074],[-70.70031914140431,-33.30318594161354],[-70.70023254353814,-33.303117520687664],[-70.7002350189668,-33.30310771446732],[-70.70023746388691,-33.30308924535841],[-70.70023774118913,-33.30307066395118],[-70.70023584820427,-33.303052149194734],[-70.70023180316417,-33.30303387939617],[-70.70022564502604,-33.303016030503336],[-70.70021743309724,-33.30299877441054],[-70.7002072464641,-33.302982277302945],[-70.70019518323024,-33.30296669805621],[-70.7001813595717,-33.30295218670647],[-70.70016590861808,-33.30293888300539],[-70.70014897917052,-33.30292691507433],[-70.70013073426858,-33.30291639817043],[-70.70011134962009,-33.302907433576706],[-70.70009101190901,-33.302900107626655],[-70.70006991699765,-33.30289449087279],[-70.70004826804039,-33.30289063740722],[-70.70002627352723,-33.30288858434075],[-70.70000414527598,-33.30288835144546],[-70.69998209639247,-33.30288994096423],[-70.69996033921811,-33.30289333758934],[-70.69993908328513,-33.30289850860964],[-70.69991853329866,-33.30290540422571],[-70.69989888716533,-33.30291395802945],[-70.6998803340874,-33.302924087643525],[-70.69986305274064,-33.30293569551476],[-70.69984720955361,-33.302948669853585],[-70.69983295710487,-33.30296288571058],[-70.69982043265361,-33.30297820617982],[-70.69980975681767,-33.302994483717356],[-70.69980103241194,-33.30301156156204],[-70.69979434345825,-33.30302927524526],[-70.6997699605563,-33.30310687433098],[-70.69976886436345,-33.303111216719515],[-70.69976750442757,-33.303115506191844],[-70.69976467995609,-33.30312657394133],[-70.69976415090892,-33.30312929195399],[-70.69976339962778,-33.30313197280545],[-70.6997624468441,-33.30313795549424],[-70.69976124942526,-33.30314390710443],[-70.69976120767541,-33.30314441299584],[-70.69976111026264,-33.303144913459796],[-70.69976090102858,-33.30314766192835],[-70.69976046629291,-33.30315039170581],[-70.69976021643896,-33.303156424006275],[-70.69975971950011,-33.30316244551275],[-70.69975973700254,-33.303162952404435],[-70.69975969847654,-33.303163458476206],[-70.69975981107082,-33.303166210931344],[-70.69975969706759,-33.30316896334561],[-70.69976015255001,-33.303174987163395],[-70.6997603608774,-33.30318102057575],[-70.6997604374636,-33.303181523586055],[-70.69976045819546,-33.303182030391866],[-70.69976089153396,-33.30318476032598],[-70.69976109936127,-33.303187508869776],[-70.69976225579394,-33.30319346619219],[-70.69976316738172,-33.303199453405355],[-70.69976330231417,-33.30319994769002],[-70.69976338210422,-33.303200450349046],[-70.69976413201385,-33.303203131471356],[-70.69976465967042,-33.30320584967466],[-70.69976650591671,-33.303211683129355],[-70.69976811198623,-33.303217566483134],[-70.69976830396544,-33.30321804728189],[-70.69976844204535,-33.30321854095328],[-70.69976950130425,-33.303221147443075],[-70.69977034370861,-33.303223809128056],[-70.69977286198856,-33.303229462535626],[-70.69977514707286,-33.303235185369964],[-70.69977539425005,-33.303235648052464],[-70.69977558929003,-33.30323612798187],[-70.69977694769707,-33.303238634737106],[-70.69977809673665,-33.3032412142703],[-70.69978126279817,-33.30324663318522],[-70.69978420489096,-33.30325214038595],[-70.6997845048857,-33.30325258049633],[-70.69978475500741,-33.30325304206173],[-70.69978639948063,-33.30325542494099],[-70.69978784408963,-33.30325789747996],[-70.69979162744205,-33.303263029714856],[-70.69979519820969,-33.303268268244594],[-70.69979554813283,-33.303268681544296],[-70.69979585092754,-33.30326912030058],[-70.69979776562981,-33.303271356355346],[-70.69979949189596,-33.3032736980881],[-70.69980385610383,-33.30327849421672],[-70.699808021158,-33.30328341362524],[-70.69980841763966,-33.30328379613396],[-70.69980877019128,-33.30328420785563],[-70.69981093668301,-33.30328627555139],[-70.69981292798154,-33.30328846392573],[-70.69981783101515,-33.30329287775845],[-70.6998225502443,-33.3032974306691],[-70.69982298946613,-33.30329777870302],[-70.69982338837943,-33.30329815942499],[-70.6998257857962,-33.303300038848626],[-70.6998280229498,-33.30330205278922],[-70.69983602108246,-33.30330857923234],[-70.69989042808187,-33.30336488666624],[-70.69991101142818,-33.303383487088595],[-70.70001356132641,-33.30346451191982],[-70.7000172005747,-33.30346711675651],[-70.70002065798032,-33.303469885409086],[-70.70036295605597,-33.303718236883995],[-70.70038039114262,-33.30372968166315],[-70.70039907820389,-33.30373963632447]]]}},{"type":"Feature","properties":{"numpos":"79203","TIPO":"DESCARGO","TENSION":"MT","INCIDENCIA":"DF202671820881","CLITOTAL":"269","CANTAVISOS":"","FECHA_INICIO":"","FECHA_FIN":"","DESCARGO":"DF202671820881(TP20267213817578)","ESTADODESC":"789","ESTADOINC":" ","CLI_PLAN":"1","FECHA_INIDESC":"10-10-2026 09:30","FECHA_FINDESC":"10-10-2026 15:30","FECHA_REPOSICION":"10-10-2026 15:30","id_alim":"2611"},"geometry":{"type":"Polygon","coordinates":[[[-70.60785961965162,-33.53654741146829],[-70.6078756222619,-33.53656028504968],[-70.60789305459875,-33.53657178309437],[-70.6079117487789,-33.5365817948694],[-70.6079315247665,-33.53659022395538],[-70.60795219210712,-33.53659698917515],[-70.60797355176196,-33.53660202537562],[-70.60799539802463,-33.53660528405513],[-70.60801752050233,-33.536606733830666],[-70.60803970614216,-33.53660636074004],[-70.60806174128287,-33.53660416837641],[-70.60808341371269,-33.53660017785357],[-70.60810451471299,-33.53659442760277],[-70.60812484106854,-33.536586973002386],[-70.60814419702452,-33.53657788584476],[-70.60816239617176,-33.53656725364472],[-70.60817926324216,-33.53655517879671],[-70.60819463579638,-33.53654177758869],[-70.60820836578847,-33.536527179082164],[-70.60822032099146,-33.53651152386933],[-70.60823038627082,-33.53649496271891],[-70.6082384646933,-33.53647765512431],[-70.60824447846029,-33.53645976776746],[-70.60824836965719,-33.53644147291366],[-70.60825010081092,-33.53642294675251],[-70.60824965525094,-33.53640436770112],[-70.60824703726962,-33.53638591468585],[-70.60824227208089,-33.53636776541914],[-70.60823540557736,-33.536350094688075],[-70.60822650388833,-33.53633307267108],[-70.60821753269327,-33.53631967155759],[-70.60821660918494,-33.536318138478386],[-70.60809598970793,-33.5361401938386],[-70.60797947945508,-33.53596653683084],[-70.60797880892399,-33.53596544825748],[-70.60801952913025,-33.535943999389865],[-70.6082700022601,-33.53631967393663],[-70.60843667421726,-33.536572368720925],[-70.60844834333646,-33.536588174591],[-70.60846180625725,-33.53660294651239],[-70.6084769333247,-33.5366165422229],[-70.60849357885688,-33.53662883078782],[-70.60851158254806,-33.536639693860934],[-70.6085307710123,-33.53664902682447],[-70.60855095945348,-33.53665673979632],[-70.60857195344495,-33.536662758496],[-70.60859355080196,-33.53666702495979],[-70.60861554352886,-33.53666949809908],[-70.60863771982235,-33.53667015409611],[-70.60865986611118,-33.53666898663327],[-70.60868176911312,-33.536666006953965],[-70.60870321788899,-33.53666124375434],[-70.60872400587414,-33.53665474290697],[-70.60874393286794,-33.53664656701893],[-70.60876280696166,-33.536636794829015],[-70.60878044638694,-33.53662552044925],[-70.60879668126613,-33.53661285245869],[-70.60881135524843,-33.536598912857535],[-70.6088243270156,-33.53658383589237],[-70.60883547164288,-33.536567766763135],[-70.60884468180218,-33.53655086022478],[-70.60885186879558,-33.53653327909693],[-70.60885696340954,-33.53651519269581],[-70.60885991658138,-33.536496775203545],[-70.60886069987183,-33.53647820399073],[-70.60885930573878,-33.53645965790836],[-70.60885574760981,-33.53644131556521],[-70.60885005975298,-33.53642335360783],[-70.60884229694669,-33.53640594501938],[-70.60883253395197,-33.53638925745369],[-70.60866561084659,-33.53613618359495],[-70.6086653382151,-33.53613581431422],[-70.60866510798826,-33.536135425312125],[-70.60836360788883,-33.53568321998818],[-70.6083613330499,-33.53567899848482],[-70.60835912427758,-33.535675783452994],[-70.60835714174866,-33.53567245848223],[-70.60825962882664,-33.53552721713324],[-70.60825446630236,-33.535519915684915],[-70.6082490991445,-33.53551269870721],[-70.60824877482183,-33.53551230685747],[-70.60824849542534,-33.53551189144458],[-70.60824726949559,-33.535510261321946],[-70.60808573569649,-33.535251115724435],[-70.6080830100172,-33.535246412205964],[-70.60808022056405,-33.535242145333136],[-70.60807767255282,-33.535237773835924],[-70.60807756636022,-33.535237612275566],[-70.60807756420921,-33.53523760859445],[-70.60807756173969,-33.53523760524592],[-70.60783924204206,-33.53487502616188],[-70.60783812856975,-33.534873183262654],[-70.60783389396666,-33.534866013188186],[-70.60783337636197,-33.534865317920065],[-70.60783292416976,-33.53486456950011],[-70.60767567946262,-33.53463324320643],[-70.60767515630286,-33.53463255452778],[-70.6076747087929,-33.53463182942244],[-70.60767025376754,-33.53462540484301],[-70.60745930856109,-33.53429806486455],[-70.60744782468643,-33.534282164269854],[-70.60743453509006,-33.53426728289668],[-70.6074195677584,-33.534253564060215],[-70.60740306683509,-33.53424113987976],[-70.60738519123285,-33.53423013000638],[-70.60736611310304,-33.53422064047069],[-70.60734601617779,-33.53421276266158],[-70.60732509400053,-33.53420657244626],[-70.60730354806213,-33.53420212943957],[-70.60728158586053,-33.534199476429826],[-70.60725941890239,-33.534198638966885],[-70.60723726066621,-33.53419962511593],[-70.60721532454657,-33.534202425379895],[-70.60719382179897,-33.53420701279095],[-70.60717295950542,-33.534213343170144],[-70.6071529385802,-33.53422135555282],[-70.60713395183488,-33.53423097277585],[-70.60711618212162,-33.53424210222065],[-70.60709980057214,-33.534254636705136],[-70.60708496494962,-33.53426845551594],[-70.6070718181294,-33.534283425570976],[-70.60706048672304,-33.5342994027009],[-70.60705107985888,-33.534316233037735],[-70.60704368813109,-33.53433375449655],[-70.60703838272714,-33.53435179833645],[-70.60703521474225,-33.53437019078563],[-70.6070342146872,-33.53438875471485],[-70.60703539219445,-33.53440731134335],[-70.60703873592533,-33.534425681960556],[-70.60704421367922,-33.53444368964715],[-70.60705177270354,-33.53446116097899],[-70.6070613402018,-33.53447792769716],[-70.60716344628078,-33.534636375053815],[-70.60700872428632,-33.53470410344225],[-70.60698644725717,-33.53471526305708],[-70.60696584432512,-33.534728487361456],[-70.60681076863914,-33.53484042460456],[-70.60680224098726,-33.53484607870972],[-70.60679421090786,-33.53485140214251],[-70.60679420564887,-33.53485140639415],[-70.6067941990052,-33.534851410799114],[-70.60678565776062,-33.534858316939406],[-70.60677824643368,-33.534864308629665],[-70.60677824167001,-33.53486431331971],[-70.60677823560843,-33.53486431822087],[-70.60677058737791,-33.534871849298796],[-70.6067638694285,-33.53487846340686],[-70.60676386520933,-33.53487846849838],[-70.60676385978488,-33.53487847383972],[-70.60675717216867,-33.534886545358724],[-70.60675121835105,-33.53489373015643],[-70.60675121472228,-33.53489373560857],[-70.60675120998188,-33.53489374132991],[-70.60674553844665,-33.53490226406555],[-70.60674041503863,-33.53490996185174],[-70.60674041204254,-33.534909967619576],[-70.60674040802445,-33.53490997365766],[-70.6067357955611,-33.534918854959905],[-70.60673156353381,-33.534927002173184],[-70.60673156120842,-33.53492700820801],[-70.60673155794214,-33.534927014497256],[-70.6067280349449,-33.5349361595557],[-70.60672474908245,-33.53494468701351],[-70.60672474746087,-33.53494469326299],[-70.60672474496705,-33.53494469973649],[-70.60672232928479,-33.53495401285483],[-70.60672003731256,-33.53496284605836],[-70.60672003642247,-33.53496285246678],[-70.60672003471302,-33.534962859057146],[-70.60671873189125,-33.53497224491667],[-70.60671747360236,-33.534981304426424],[-70.60671747346541,-33.53498131093502],[-70.60671747254369,-33.53498131757524],[-70.6067172762717,-33.53499068235841],[-70.60671708264313,-33.53499988435357],[-70.6067170832743,-33.534999890901],[-70.60671708313546,-33.534999897525246],[-70.60671728897638,-33.5350053616545],[-70.60671893476001,-33.535022959069686],[-70.60672253002096,-33.53504035169383],[-70.60672804352026,-33.535057388398066],[-70.60673542735083,-33.53507392114606],[-70.60674461735363,-33.5350898062805],[-70.60694276131886,-33.535395152529],[-70.60705347678976,-33.53557052377518],[-70.60700219032509,-33.53559436130524],[-70.60692100866437,-33.53557603909249],[-70.60691082318256,-33.53557418389051],[-70.6069004447479,-33.535572247822174],[-70.60689987544615,-33.53557218984909],[-70.6068993257354,-33.53557208972372],[-70.60688896569847,-33.53557107888835],[-70.60687841714528,-33.535570004707786],[-70.6068778441532,-33.535569993751146],[-70.60687728497113,-33.53556993919132],[-70.6068668490571,-33.53556978350439],[-70.60685623307123,-33.53556958050598],[-70.60685046939778,-33.535569707274504],[-70.60682848923318,-33.53557109074009],[-70.60680677435289,-33.53557425986955],[-70.60678553110716,-33.53557918454759],[-70.60676496136455,-33.53558581797646],[-70.60674526059354,-33.53559409712063],[-70.60672661600526,-33.535603943305766],[-70.6067092047744,-33.53561526296638],[-70.60669319235556,-33.53562794853491],[-70.60667873091107,-33.53564187946384],[-70.60666595786489,-33.535656923371384],[-70.60665499459688,-33.535672937299225],[-70.60664594528913,-33.53568976907122],[-70.6066388959361,-33.535707258739244],[-70.60663391352725,-33.53572524010338],[-70.60663104541054,-33.53574354229109],[-70.60663031884235,-33.53576199138098],[-70.60663174072843,-33.535780412055615],[-70.60663529755831,-33.53579862926744],[-70.60664095553348,-33.535816469902294],[-70.60664866088872,-33.53583376442442],[-70.60665834040279,-33.535850348487564],[-70.60678694352015,-33.536045906070484],[-70.60672447741405,-33.53614689981835],[-70.60671535483706,-33.53616358167085],[-70.6067082029713,-33.53618092458512],[-70.60670308896435,-33.536198765734525],[-70.60670006083117,-33.536216937614604],[-70.60669914700323,-33.53623526961563],[-70.60670035606148,-33.53625358962447],[-70.6067036766558,-33.536271725640475],[-70.60670907761146,-33.53628950739031],[-70.60671650822185,-33.53630676792668],[-70.6067258987244,-33.53632334519568],[-70.60673716095555,-33.53633908355831],[-70.60675018917854,-33.536353835251745],[-70.60676486107594,-33.53636746177662],[-70.60678103889825,-33.536379835197415],[-70.60679857075704,-33.53639083934358],[-70.60681729205098,-33.53640037090029],[-70.60683702701135,-33.536408340378415],[-70.6068575903522,-33.53641467295472],[-70.60687878901003,-33.53641930917438],[-70.60690042395636,-33.536422205509226],[-70.60691843839821,-33.53642313576537],[-70.606932885513,-33.536436625754526],[-70.60694924902484,-33.53644917712776],[-70.6069670028108,-33.536460324890044],[-70.60698597589186,-33.536469961681824],[-70.60700598554614,-33.53647799469507],[-70.60702683906882,-33.53648434656702],[-70.60704833562801,-33.536488956125325],[-70.60707026819883,-33.536491778977194],[-70.60709242555725,-33.536492787936915],[-70.6071145943145,-33.53649197328759],[-70.60713656097187,-33.53648934287482],[-70.60715811397714,-33.536484922031164],[-70.60717904576185,-33.53647875333206],[-70.60719915474047,-33.53647089618581],[-70.60721824725165,-33.53646142626153],[-70.60723613942346,-33.53645043476027],[-70.60725265894412,-33.536438027536754],[-70.60726764672152,-33.53642432407992],[-70.60728095841534,-33.5364094563621],[-70.60729246582713,-33.5363935675681],[-70.60730205813493,-33.536376810716185],[-70.60730964296044,-33.536359347184415],[-70.60731514725879,-33.53634134515647],[-70.60731851802178,-33.53632297800198],[-70.60731972278847,-33.536304422606825],[-70.60731874995773,-33.53628585766959],[-70.60731619255026,-33.536270880145686],[-70.60740668160977,-33.53622929669105],[-70.6075854609641,-33.53615241013521],[-70.60770196953064,-33.53632606576761],[-70.60770223422817,-33.53632641856041],[-70.60770245831368,-33.536326790560366],[-70.607823322619,-33.536505097540484],[-70.60782435245731,-33.53650645681681],[-70.60782879133852,-33.53651308587767],[-70.60783250481323,-33.53651804566948],[-70.60784520088191,-33.53653328633043],[-70.60785961965162,-33.53654741146829]],[[-70.60757590876798,-33.53525975536124],[-70.60744361149396,-33.53531875513779],[-70.60744181564257,-33.53531965340406],[-70.60743994010616,-33.53532042910259],[-70.60743229393961,-33.53532441606055],[-70.6074245610671,-33.53532828396181],[-70.60742287899815,-33.53532932531372],[-70.60742110328239,-33.53533025122886],[-70.60741557571309,-33.535333807490446],[-70.60735205206025,-33.535233187858225],[-70.60735333822092,-33.53523385116954],[-70.60737328205441,-33.535241997675335],[-70.60739408334322,-33.53524846787249],[-70.60741554175844,-33.53525319944917],[-70.60743745064255,-33.5352561468374],[-70.60745959899971,-33.535257281652164],[-70.60748177352772,-33.53525659296446],[-70.60750376067243,-33.53525408740686],[-70.60756581473692,-33.53524439822582],[-70.60757590876798,-33.53525975536124]],[[-70.6077891581819,-33.53559372387094],[-70.60780052232248,-33.53561195525326],[-70.60759221212538,-33.53572167971537],[-70.60768766756972,-33.53563898507818],[-70.6077891581819,-33.53559372387094]],[[-70.6072269739213,-33.53503998007305],[-70.60724086619926,-33.53502995226279],[-70.60723757448588,-33.53504711227945],[-70.60723697012057,-33.53505538443931],[-70.6072269739213,-33.53503998007305]]]}},{"type":"Feature","properties":{"numpos":"18069","TIPO":"DESCARGO","TENSION":"MT","INCIDENCIA":"DF202671820882","CLITOTAL":"269","CANTAVISOS":"","FECHA_INICIO":"","FECHA_FIN":"","DESCARGO":"DF202671820882(TP20267213817578)","ESTADODESC":"789","ESTADOINC":" ","CLI_PLAN":"1","FECHA_INIDESC":"10-10-2026 09:30","FECHA_FINDESC":"10-10-2026 15:30","FECHA_REPOSICION":"10-10-2026 15:30","id_alim":"2684"},"geometry":{"type":"Polygon","coordinates":[[[-70.60958033495035,-33.53891924259367],[-70.60959636225577,-33.538932094974705],[-70.60961381672911,-33.538943569930524],[-70.60963253027388,-33.53895355695045],[-70.60965232266784,-33.5389619598536],[-70.60967300329851,-33.53896869771491],[-70.60969437299902,-33.538973705644764],[-70.60971622596631,-33.53897693541377],[-70.609738351743,-33.53897835591736],[-70.6097605372444,-33.53897795347526],[-70.60978256881062,-33.53897573196326],[-70.60980423426426,-33.53897171277592],[-70.60982532495396,-33.53896593462047],[-70.60984563776371,-33.538958453144126],[-70.60986497706918,-33.53894934039798],[-70.60988315662159,-33.538938684143346],[-70.60990000134147,-33.538926587006294],[-70.60991534900482,-33.538913165489426],[-70.60992905180537,-33.5388985488499],[-70.609940977778,-33.53888287785447],[-70.6099510120697,-33.5388663034239],[-70.60995905804569,-33.538848985179435],[-70.60996503821983,-33.53883108990562],[-70.60996889500097,-33.538812789944],[-70.60997059124757,-33.538794261533326],[-70.60997011062521,-33.5387756831124],[-70.60996995892307,-33.53877389046997],[-70.60995303536475,-33.538576454475034],[-70.60995289093893,-33.538574747805065],[-70.60995267817154,-33.53857326809251],[-70.60995261164445,-33.538571778732965],[-70.60995202927627,-33.53856820332743],[-70.6099517043058,-33.538564605091274],[-70.60995083768216,-33.53856046821854],[-70.60995023809015,-33.538556298292846],[-70.60994985315146,-33.53855484316969],[-70.60994961261972,-33.53855336644242],[-70.60994861456562,-33.538549856054864],[-70.60994786999751,-33.53854630181914],[-70.6099465233388,-33.53854225600002],[-70.60994543855715,-33.538538155368826],[-70.60994488515446,-33.5385367388487],[-70.60994447293461,-33.53853528897539],[-70.60994306880663,-33.53853187741269],[-70.6099419118117,-33.538528401406566],[-70.60994009808729,-33.53852448560449],[-70.6099385385633,-33.53852049375901],[-70.60993782202625,-33.53851912948371],[-70.60993724208832,-33.53851772042742],[-70.60993544540918,-33.53851444054475],[-70.60993388713015,-33.538511076244006],[-70.60993162380743,-33.53850732817016],[-70.6099296045604,-33.538503483554],[-70.60992873178974,-33.53850218466224],[-70.60992798971891,-33.538500829992905],[-70.6099258177918,-33.53849771337727],[-70.60992387323596,-33.53849449318184],[-70.60992281040187,-33.53849292882316],[-70.60967519794661,-33.53812860868125],[-70.60967414409681,-33.53812705753063],[-70.60966954836941,-33.53812100483005],[-70.60966511571648,-33.5381148674312],[-70.60966359761251,-33.5381131675165],[-70.60966223752655,-33.538111376244935],[-70.60965695548367,-33.53810572991394],[-70.60965182581653,-33.53809998590712],[-70.60965011605427,-33.53809841878623],[-70.60964855285614,-33.53809674777801],[-70.60964263536688,-33.53809156219361],[-70.60963685808711,-33.53808626689656],[-70.60963497313256,-33.53808484766167],[-70.60963322187673,-33.538083313009444],[-70.60962672592986,-33.53807863811154],[-70.60962035667573,-33.53807384252054],[-70.60961831468194,-33.53807258483951],[-70.60961639223403,-33.53807120132282],[-70.60960938038899,-33.53806708213299],[-70.60960248049983,-33.538062832432026],[-70.60960030113235,-33.53806174841702],[-70.60959822600647,-33.53806052935974],[-70.60959076579084,-33.538057005547756],[-70.60958340171628,-33.538053342663616],[-70.60958110596351,-33.538052442754214],[-70.60957889814419,-33.538051399896524],[-70.60957106140384,-33.538048505398514],[-70.60956330406346,-33.53804546460648],[-70.60956091403459,-33.53804475746927],[-70.60955859478435,-33.538043900854404],[-70.60955045699082,-33.53804166354572],[-70.60954238109187,-33.53803927413028],[-70.60953991980423,-33.53803876657534],[-70.60953751145838,-33.538038104452845],[-70.60952915098274,-33.53803654587995],[-70.60952083430001,-33.538034830852254],[-70.60951832545676,-33.53803452776757],[-70.60951585120914,-33.538034066514115],[-70.60950734856702,-33.53803320168678],[-70.60949887119402,-33.53803217756343],[-70.60949633895672,-33.53803208186788],[-70.60949382263536,-33.53803182592551],[-70.60948525971106,-33.538031663172454],[-70.60947670328927,-33.53803133981629],[-70.60947417204451,-33.538031452431454],[-70.60947163788286,-33.538031404265034],[-70.60946309714159,-33.53803194515366],[-70.60945454407343,-33.53803232567878],[-70.60945203819841,-33.538032645520154],[-70.60944951060159,-33.53803280559353],[-70.60944107429448,-33.538034044914866],[-70.60943260695045,-33.53803512565665],[-70.60943015057796,-33.53803564964393],[-70.60942765388795,-33.538036016415575],[-70.60941940326116,-33.53803794223433],[-70.6094111031855,-33.5380397127847],[-70.60940871997154,-33.53804043587172],[-70.60940627823278,-33.53804100580944],[-70.60939829274368,-33.538043599579055],[-70.60939023987042,-33.53804604288678],[-70.60938795276658,-33.53804695810982],[-70.60938558949414,-33.53804772572483],[-70.60937794604713,-33.53805096246605],[-70.6093702179293,-33.5380540550009],[-70.60936838965112,-33.53805488122802],[-70.60921096757603,-33.538125916504086],[-70.60873145733397,-33.53811658779027],[-70.60872946480472,-33.5381165469629],[-70.60872755851256,-33.53811650758217],[-70.60845348212449,-33.53811040870415],[-70.60845305239967,-33.5381103994835],[-70.6084509085526,-33.538110355190376],[-70.60842872467506,-33.538110808948275],[-70.60840670072862,-33.53811308140633],[-70.60838504881455,-33.53811715067966],[-70.60836397745138,-33.538122977579256],[-70.60834368956677,-33.53813050598929],[-70.60832438054325,-33.538139663407456],[-70.60830623633659,-33.538150361643346],[-70.60828943168501,-33.53816249766767],[-70.6082741284263,-33.538175954604455],[-70.60826047393935,-33.538190602856595],[-70.60824859972473,-33.53820630135397],[-70.60823862013824,-33.538222898911975],[-70.60823063128962,-33.538240235687496],[-70.60822471011691,-33.53825814471827],[-70.6082209136455,-33.53827645353076],[-70.60821927843877,-33.538294985801286],[-70.60821982024603,-33.538313563054],[-70.6082225338508,-33.53833200637971],[-70.60822739312093,-33.53835013815893],[-70.60823435126021,-33.53836778377245],[-70.60824334125903,-33.53838477328297],[-70.6082542765397,-33.538400943071785],[-70.60826705179018,-33.53841613741446],[-70.60828154397822,-33.53843020998058],[-70.60829761353631,-33.538443025243126],[-70.60831510570567,-33.53845445978353],[-70.60833385202677,-33.53846440348035],[-70.6083536719617,-33.53847276056983],[-70.60837437463273,-33.53847945056822],[-70.60839576066076,-33.53848440904683],[-70.60841762408545,-33.53848758825251],[-70.60843975434871,-33.53848895756764],[-70.60844168333533,-33.53848899742139],[-70.60850947383375,-33.538490505975425],[-70.60851645085904,-33.53850655563727],[-70.6085260490254,-33.53852331021679],[-70.60853756205051,-33.53853919628781],[-70.60855087905827,-33.5385540608582],[-70.60856587179896,-33.53856776077352],[-70.60858239588433,-33.53858016409545],[-70.60860029217822,-33.53859115137271],[-70.6086193883291,-33.538600616791236],[-70.60863950042985,-33.538608469193434],[-70.60866043478902,-33.53861463295593],[-70.60868198979615,-33.53861904871799],[-70.60870395786354,-33.53862167395321],[-70.6087261274253,-33.538622483379],[-70.60874828497504,-33.53862146920015],[-70.60877021712204,-33.53861864118385],[-70.60879171264648,-33.53861402656565],[-70.60881256453348,-33.538607669787176],[-70.60883257196693,-33.53859963206805],[-70.60885154226348,-33.538589990816426],[-70.60886929272822,-33.538578838883325],[-70.60888565241409,-33.53856628366851],[-70.60890046376835,-33.538552446086165],[-70.60891358414973,-33.53853745940034],[-70.60892488720226,-33.53852146794153],[-70.60893426407209,-33.53850462571673],[-70.60893645980076,-33.538499395982015],[-70.60912944418006,-33.538503150291476],[-70.60913409397011,-33.53851965393777],[-70.60914128203754,-33.53853723479747],[-70.60915049328227,-33.53855414099428],[-70.60916163899587,-33.538570209711864],[-70.60916182594286,-33.53857042697372],[-70.60916145670028,-33.538570430242046],[-70.6091393055837,-33.53857153837058],[-70.60911739083252,-33.53857445934945],[-70.60909592349648,-33.53857916504827],[-70.6090751103166,-33.53858561014892],[-70.60905515173408,-33.538593732581944],[-70.60903623996023,-33.53860345412438],[-70.60901855712515,-33.538614681152936],[-70.6090022735239,-33.538627305545816],[-70.60898754597638,-33.538641205723756],[-70.60897451631712,-33.53865624782102],[-70.60896331002941,-33.53867228697451],[-70.60895403503658,-33.53868916871891],[-70.60894678066288,-33.53870673047421],[-70.60894161677298,-33.5387248031114],[-70.60893859309925,-33.53874321258133],[-70.60893773876266,-33.53876178159088],[-70.60893906199233,-33.53878033131034],[-70.60894255004624,-33.53879868309564],[-70.60894816933381,-33.538816660208845],[-70.6089558657394,-33.538834089520236],[-70.60896556514348,-33.53885080317555],[-70.6089771741363,-33.538866640212724],[-70.60899058091748,-33.538881448111894],[-70.60900565637272,-33.538895084264325],[-70.6090222553172,-33.53890741734584],[-70.60904021789382,-33.53891832858155],[-70.60905937111266,-33.53892771288974],[-70.60907953051701,-33.53893547989395],[-70.60910050195986,-33.53894155479323],[-70.60912208347362,-33.53894587908271],[-70.60914406721524,-33.53894841111684],[-70.60916624146795,-33.53894912651068],[-70.60916834263298,-33.53894910789346],[-70.60933979363027,-33.538947654725014],[-70.60934205131791,-33.53894763473718],[-70.60935112232256,-33.53894718093606],[-70.60936020152899,-33.53894686227943],[-70.60936219396577,-33.538946627046776],[-70.60936420252567,-33.538946526562974],[-70.60937317673392,-33.53894533038983],[-70.60938217492317,-33.53894426803716],[-70.6093841302323,-33.53894387039597],[-70.60938611735884,-33.538943605531394],[-70.60939490834375,-33.53894167850609],[-70.60940373885764,-33.53893988268851],[-70.6094056382082,-33.53893932646834],[-70.60940758476427,-33.538938899773804],[-70.6094161078637,-33.53893626045472],[-70.60942468565877,-33.53893374846709],[-70.60942651075888,-33.538933039024684],[-70.60942839799796,-33.538932454609515],[-70.6094365711291,-33.53892912841493],[-70.60944481359628,-33.53892592444923],[-70.60944662421136,-33.53892512798673],[-70.609547172239,-33.538880995496875],[-70.6095531640195,-33.538889912733424],[-70.6095658891647,-33.53890513656346],[-70.60958033495035,-33.53891924259367]]]}},{"type":"Feature","properties":{"numpos":"30125","TIPO":"DESCARGO","TENSION":"MT","INCIDENCIA":"DF202671820882","CLITOTAL":"269","CANTAVISOS":"","FECHA_INICIO":"","FECHA_FIN":"","DESCARGO":"DF202671820882(TP20267213817578)","ESTADODESC":"789","ESTADOINC":" ","CLI_PLAN":"1","FECHA_INIDESC":"10-10-2026 09:30","FECHA_FINDESC":"10-10-2026 15:30","FECHA_REPOSICION":"10-10-2026 15:30","id_alim":"2684"},"geometry":{"type":"Polygon","coordinates":[[[-70.60958691884409,-33.53870164417812],[-70.60960235836718,-33.53871499158035],[-70.60961928582566,-33.53872700741632],[-70.60963753819856,-33.538737575966394],[-70.60965693970502,-33.53874659544912],[-70.60967730349714,-33.538753979001484],[-70.60969843345949,-33.53875965551545],[-70.60972012609781,-33.5387635703228],[-70.60974217249885,-33.53876568572157],[-70.60976436034235,-33.53876598133925],[-70.60978647594588,-33.538764454328906],[-70.60980830632268,-33.53876111939662],[-70.609829641233,-33.538756008659824],[-70.60985027520888,-33.53874917133804],[-70.60987000953284,-33.5387406732789],[-70.60988865415177,-33.5387305963238],[-70.60990602950731,-33.538719037519904],[-70.609921968265,-33.53870610818533],[-70.60993631692587,-33.53869193283725],[-70.6099489373048,-33.53867664799257],[-70.60995970786112,-33.538660400853225],[-70.60996852486932,-33.538643347888524],[-70.60997530341774,-33.53862565332819],[-70.60997997822643,-33.538607487580855],[-70.60998250427573,-33.53858902559278],[-70.60998285723976,-33.53857044516308],[-70.60998103372064,-33.53855192523146],[-70.6099770512813,-33.538533644154846],[-70.60997094827603,-33.538515777989694],[-70.6099627834813,-33.538498498796685],[-70.60995263552948,-33.53848197298344],[-70.6099515620104,-33.538480417534224],[-70.60995133912425,-33.53848009532047],[-70.609680635911,-33.53808963866852],[-70.60966875787729,-33.53807426863777],[-70.6096551629074,-33.53805993102347],[-70.60963997808376,-33.53804675984931],[-70.60962334535007,-33.53803487823529],[-70.6096054201844,-33.538024397247064],[-70.60958637014592,-33.538015414857604],[-70.60956637330857,-33.538008015031444],[-70.60954561659652,-33.538002266939785],[-70.60952429403689,-33.53799822431401],[-70.60950260494602,-33.53799592494324],[-70.60948075206647,-33.5379953903213],[-70.60945893967178,-33.53799662544572],[-70.60943737165708,-33.53799961877099],[-70.60941624963318,-33.538004342316526],[-70.60939577104199,-33.53801075192816],[-70.60937612731091,-33.538018787690994],[-70.60935952769678,-33.538027331854394],[-70.6093478212101,-33.538007194660274],[-70.60933645617241,-33.537989979111444],[-70.60932301974071,-33.537973843809105],[-70.60930765691735,-33.537958962879756],[-70.60929794933146,-33.537951328774945],[-70.60908365028993,-33.537675146381346],[-70.60907956976705,-33.53767041322349],[-70.60907569831416,-33.537665558465356],[-70.6090730788681,-33.537662884174956],[-70.6090706611772,-33.53766007979991],[-70.60906604630841,-33.53765570437069],[-70.60906162527007,-33.537651190765835],[-70.60905870542379,-33.53764874436201],[-70.60905597113538,-33.53764615193956],[-70.60905086636447,-33.53764217637659],[-70.60904593831773,-33.53763804739325],[-70.60904274619097,-33.53763585243614],[-70.60903972163774,-33.537633496932585],[-70.60903417612637,-33.5376299595225],[-70.60902878853103,-33.537626254924945],[-70.60902535486572,-33.53762433255312],[-70.6090220691757,-33.537622236653085],[-70.60901613632994,-33.53761917146284],[-70.60901034107148,-33.53761592692823],[-70.60900669893564,-33.53761429565508],[-70.60900318375164,-33.53761247954314],[-70.60899692070788,-33.53760991609207],[-70.60899077359761,-33.53760716286687],[-70.60898695806672,-33.53760583840229],[-70.60898324724191,-33.53760431956859],[-70.60897671431664,-33.537602282544064],[-70.60897027455407,-33.5376000471431],[-70.60896632237355,-33.53759904224236],[-70.60896245164507,-33.537597835313974],[-70.6089557117536,-33.537596344333544],[-70.60894904135684,-33.53759464828485],[-70.60894499058821,-33.53759397262566],[-70.608940997233,-33.53759308922591],[-70.60893411528356,-33.53759215864838],[-70.60892727849203,-33.537591018285795],[-70.60892316814623,-33.537590678375096],[-70.6089190906222,-33.53759012701153],[-70.60891213289138,-33.53758976579884],[-70.60890519554663,-33.53758919210463],[-70.60890106520823,-33.53758919121593],[-70.60889694278394,-33.537588977198475],[-70.60888997627804,-33.5375891888293],[-70.6088830051901,-33.53758918732841],[-70.60887889463632,-33.537589525470246],[-70.60887476701267,-33.53758965086001],[-70.60886785882248,-33.53759043329623],[-70.6088609211263,-33.53759100400316],[-70.60885686994371,-33.53759167791908],[-70.60885277687177,-33.53759214150851],[-70.60884599352659,-33.53759348721493],[-70.60883915603547,-33.537594624633485],[-70.6088352032389,-33.53759562783336],[-70.60883118413699,-33.537596425157865],[-70.60882459096383,-33.53759832117465],[-70.60881791952609,-33.537600014350964],[-70.60880633184603,-33.53760348361417],[-70.60880611384283,-33.53760355917852],[-70.60880588600422,-33.53760361743935],[-70.60849144469884,-33.53769838074828],[-70.60848956824323,-33.53769903501821],[-70.60848763817219,-33.53769956044899],[-70.60846989907105,-33.53770520963952],[-70.6082898261872,-33.537761490700454],[-70.60826944229728,-33.53776883483303],[-70.60825001615815,-33.53777781674845],[-70.60823173485346,-33.53778834994641],[-70.60821477444169,-33.53780033298701],[-70.60819929826071,-33.537813650467605],[-70.60818545535469,-33.53782817413417],[-70.60817337903872,-33.537843764116374],[-70.60816318561498,-33.53786027027471],[-70.60815497325252,-33.537877533646274],[-70.60814882104194,-33.53789538797573],[-70.60814478823357,-33.537913661316374],[-70.60814291366691,-33.53793217768615],[-70.60814321539644,-33.53795075876233],[-70.60814569051772,-33.53796922559894],[-70.60815031519532,-33.537987400350076],[-70.60815704489234,-33.53800510798271],[-70.60816581479918,-33.538022177962226],[-70.60817654045783,-33.53803844589501],[-70.60818911857498,-33.53805375511145],[-70.60820342801696,-33.53806795817485],[-70.60821933097623,-33.53808091830138],[-70.60823667429847,-33.53809251067737],[-70.60825529095766,-33.538102623661366],[-70.6082750016646,-33.538111159859255],[-70.60829561659354,-33.53811803706237],[-70.60830524566403,-33.53812036385989],[-70.60829934275665,-33.53812388430637],[-70.60828261637455,-33.53813609591691],[-70.60826739985512,-33.53814962165192],[-70.60825383974189,-33.53816433125171],[-70.60824206662659,-33.538180083055366],[-70.60823219389134,-33.53819672536487],[-70.6082243166169,-33.53821409790616],[-70.60821851066683,-33.53823203337248],[-70.60821483195679,-33.53825035903578],[-70.6082133159161,-33.538268898409996],[-70.60821397714646,-33.538287472950906],[-70.60821680928126,-33.53830590377544],[-70.60822178504682,-33.5383240133845],[-70.608228856525,-33.53834162737234],[-70.60823795561471,-33.53835857610628],[-70.60824899468763,-33.53837469636027],[-70.6082618674321,-33.53838983288692],[-70.60827644987698,-33.53840383991269],[-70.60829260158546,-33.53841658254165],[-70.60831016700767,-33.53842793805476],[-70.60832897697858,-33.53843779709169],[-70.6083488503472,-33.53844606470399],[-70.60836959572127,-33.53845266126963],[-70.60839101331045,-33.538457523259716],[-70.60841289685037,-33.53846060385038],[-70.60843503558928,-33.538461873373684],[-70.60871670529856,-33.53846642197788],[-70.60871880761538,-33.5384664565694],[-70.60871880761552,-33.53846645656942],[-70.60872095130426,-33.53846649184174],[-70.60872143062252,-33.53846649930278],[-70.60923699772141,-33.53847406571643],[-70.60924011684965,-33.53847398323694],[-70.60924323515692,-33.53847408519],[-70.60925704965226,-33.53847396875321],[-70.6092646202966,-33.538473593303024],[-70.60927220121924,-33.53847341512102],[-70.60927339894596,-33.53847328783106],[-70.60927460537431,-33.53847324868485],[-70.60927689460812,-33.53847298458335],[-70.60927920142184,-33.538472870181444],[-70.60928669166557,-33.53847187512957],[-70.60929421522808,-33.53847107555231],[-70.60929539228846,-33.53847085056413],[-70.60929658832549,-33.53847071258101],[-70.60929883562352,-33.53847026184758],[-70.60930111793877,-33.538469958649905],[-70.60930845564654,-33.53846835357932],[-70.60931584939223,-33.53846694030722],[-70.60931699445044,-33.53846661978759],[-70.60931816857759,-33.538466384296434],[-70.60932035229699,-33.53846575127191],[-70.60932258813372,-33.538465262198436],[-70.60932970263895,-33.53846306256695],[-70.6093368953616,-33.538461049210724],[-70.60933799739009,-33.53846063624644],[-70.60933913829977,-33.538460305515166],[-70.60934123741006,-33.53845949629596],[-70.60934340523578,-33.53845882605676],[-70.60935022802147,-33.53845605304816],[-70.60935715045093,-33.53845345899764],[-70.60939791580985,-33.53843612479194],[-70.60956012034518,-33.53867008618042],[-70.60956108260633,-33.538671480434004],[-70.6095731159474,-33.53868709375296],[-70.60958691884409,-33.53870164417812]],[[-70.60872554814752,-33.53808777682983],[-70.60872550675982,-33.53808777785054],[-70.60872546545082,-33.538087775481785],[-70.60854837933469,-33.538084915820214],[-70.60862868689732,-33.53805981594663],[-70.60862999523059,-33.53805940316726],[-70.60864649729265,-33.53805414791906],[-70.60880203058383,-33.53800727486316],[-70.60886610073193,-33.538089846990815],[-70.60872959586656,-33.53808784343156],[-70.60872769183771,-33.53808781210238],[-70.60872769183224,-33.53808781210252],[-70.60872769182696,-33.53808781210222],[-70.60872554814752,-33.53808777682983]]]}},{"type":"Feature","properties":{"numpos":"6719","TIPO":"DESCARGO","TENSION":"MT","INCIDENCIA":"DF202671820882","CLITOTAL":"269","CANTAVISOS":"","FECHA_INICIO":"","FECHA_FIN":"","DESCARGO":"DF202671820882(TP20267213817578)","ESTADODESC":"789","ESTADOINC":" ","CLI_PLAN":"1","FECHA_INIDESC":"10-10-2026 09:30","FECHA_FINDESC":"10-10-2026 15:30","FECHA_REPOSICION":"10-10-2026 15:30","id_alim":"2684"},"geometry":{"type":"Polygon","coordinates":[[[-70.60960435710112,-33.53856143884669],[-70.60961952997319,-33.5385749989695],[-70.60963621696038,-33.53858724838677],[-70.60965425735773,-33.53859806912934],[-70.60967347742576,-33.53860735698701],[-70.60969369206404,-33.538615022512154],[-70.60971470659358,-33.53862099188116],[-70.60973631863182,-33.538625207605435],[-70.60975832004176,-33.53862762908505],[-70.60978049893643,-33.53862823299972],[-70.60980264171957,-33.538627013533386],[-70.60982453514269,-33.53862398243031],[-70.60984596835885,-33.5386191688819],[-70.6098667349533,-33.53861261924559],[-70.60988663493134,-33.53860439659837],[-70.60990547664451,-33.538594580129285],[-70.60992307863626,-33.53858326437684],[-70.60993927138944,-33.538570558318504],[-70.60995389895899,-33.53855658432113],[-70.60996682047359,-33.5385414769625],[-70.60997791149254,-33.53852538173532],[-70.60998706520398,-33.538508453645825],[-70.6099941934536,-33.53849085572124],[-70.60999922759363,-33.53847275743948],[-70.61000211914381,-33.53845433309712],[-70.61000284025829,-33.53843576013076],[-70.61000138399373,-33.53841721740823],[-70.60999776437615,-33.53839888350592],[-70.60999201626569,-33.53838093498916],[-70.60998419502104,-33.53836354471166],[-70.60997437596605,-33.538346880150826],[-70.60979445889453,-33.538075910384464],[-70.60963068448713,-33.5378238338933],[-70.60955221063118,-33.53770258373859],[-70.60943871195407,-33.53737101601039],[-70.60943761308788,-33.53736601920515],[-70.6094364835092,-33.53736200108297],[-70.6094356982036,-33.5373591044756],[-70.60942960351028,-33.53734089106297],[-70.60942136941269,-33.53732327770491],[-70.60927100255051,-33.537043646252485],[-70.60926466065916,-33.5370327915283],[-70.60914539288922,-33.536844150695494],[-70.6091442906592,-33.53684259686027],[-70.60914333849153,-33.53684097494637],[-70.60902067041381,-33.53665559390234],[-70.60900862973139,-33.53663938299716],[-70.60900716129305,-33.53663778967362],[-70.60884799724347,-33.53641556206296],[-70.60884633458988,-33.536411887226414],[-70.60883647632173,-33.536395238987694],[-70.6088247169506,-33.53637948011253],[-70.60881116972622,-33.536364762366965],[-70.60879596511609,-33.53635122749041],[-70.60877924954895,-33.53633900583048],[-70.60876118400459,-33.536328215087934],[-70.60874194246361,-33.53631895918295],[-70.6087217102318,-33.5363113272545],[-70.60870068215567,-33.53630539280182],[-70.60867906074596,-33.53630121297663],[-70.60865705422734,-33.536298828032706],[-70.6086348745333,-33.53629826093822],[-70.60861273526503,-33.536299517154674],[-70.6085908496344,-33.53630258458407],[-70.60856942841066,-33.53630743368566],[-70.60854867789078,-33.536314017760276],[-70.60852879791258,-33.53632227340006],[-70.60850997993035,-33.53633212109918],[-70.6084924051709,-33.53634346601944],[-70.60847624288851,-33.53635619890364],[-70.60846164873477,-33.53637019712771],[-70.60844876325959,-33.53638532588166],[-70.60843771055764,-33.536401439467866],[-70.60842859707319,-33.53641838270413],[-70.60842151057508,-33.536435992418255],[-70.6084165193113,-33.53645409901939],[-70.60841395484972,-33.536470693619215],[-70.608246188878,-33.536519337881415],[-70.60802734442453,-33.53657961474153],[-70.60793042357379,-33.5365441069769],[-70.60792641096324,-33.53654282945869],[-70.60792249743702,-33.53654135202091],[-70.60791604603968,-33.53653952951674],[-70.60790968186971,-33.536537503317774],[-70.60790553905531,-33.53653656131811],[-70.60790147144876,-33.536535412228424],[-70.60789483780374,-33.53653412804993],[-70.60788826712475,-33.5365326339976],[-70.60788403400387,-33.536532036588426],[-70.60787985148997,-33.53653122691312],[-70.60787309948246,-33.53653049342756],[-70.60786638557339,-33.53652954591035],[-70.607862102913,-33.53652929884499],[-70.60785784577143,-33.53652883638166],[-70.60785104042665,-33.53652866065287],[-70.60784424794555,-33.53652826879581],[-70.60783995698971,-33.53652837445365],[-70.60783566621888,-33.53652826365606],[-70.60782887307556,-33.53652864737641],[-70.60782206743738,-33.53652881495329],[-70.6078178095102,-33.536529272316784],[-70.60781352643214,-33.53652951425196],[-70.60780681091143,-33.536530453726044],[-70.60780005765784,-33.53653117912305],[-70.60779587376507,-33.536531983787604],[-70.60779163962809,-33.536532576125595],[-70.60778506640378,-33.53653406230583],[-70.60777843057183,-33.53653533853707],[-70.60777436100658,-33.536536482753284],[-70.60777021658728,-33.536537419789646],[-70.60776384896278,-33.5365394383634],[-70.60775739445879,-33.53654125313813],[-70.60775347841279,-33.53654272588676],[-70.60774946362416,-33.536543998597296],[-70.60774336292282,-33.536546530124745],[-70.60773715190689,-33.53654886596583],[-70.60773342709385,-33.536550653063465],[-70.60772958060011,-33.53655224919149],[-70.60772380557466,-33.536555269292805],[-70.60771789786207,-33.536558103704905],[-70.60771440015363,-33.53656018794104],[-70.60771075899869,-33.53656209211494],[-70.60770536526593,-33.53656557170492],[-70.6076998177507,-33.5365688773914],[-70.6076965808316,-33.53657123869382],[-70.60769318008164,-33.53657343257546],[-70.60768821958585,-33.536577338143985],[-70.60768308569368,-33.53658108326938],[-70.6076801407373,-33.536583698897495],[-70.60767701314326,-33.53658616135878],[-70.60767253365661,-33.536590455293364],[-70.60766786282974,-33.53659460379016],[-70.60766523819765,-33.53659744855413],[-70.60766241387996,-33.536600155880315],[-70.60765845854247,-33.53660479682817],[-70.60765429576351,-33.53660930874429],[-70.60765201673235,-33.53661235524764],[-70.60764952289084,-33.53661528136577],[-70.60764612979473,-33.5366202246322],[-70.60764251515363,-33.536625056515575],[-70.6076406036719,-33.53662827541887],[-70.6076384643237,-33.536631392148976],[-70.60763566614655,-33.53663659012778],[-70.6076326344545,-33.53664169544488],[-70.60763110893092,-33.53664505574842],[-70.60762934467931,-33.53664833307474],[-70.60762716836942,-33.53665373570657],[-70.60762474882353,-33.536659065290614],[-70.6076236239499,-33.53666253463298],[-70.6076222517858,-33.53666594099311],[-70.60762071830254,-33.53667149624785],[-70.60761893420471,-33.53667699877205],[-70.60761822081446,-33.53668054374159],[-70.60761725395275,-33.5366840463305],[-70.6076170527194,-33.53668534541152],[-70.60753526322898,-33.536706562534796],[-70.60752811442768,-33.536708415077904],[-70.60750726343214,-33.536714772883116],[-70.60748725698218,-33.53672281158237],[-70.60746828775005,-33.53673245375909],[-70.6074505384192,-33.53674360655438],[-70.60743417992506,-33.53675616256129],[-70.6074193698088,-33.53677000085916],[-70.60740625070014,-33.53678498817822],[-70.60739494894372,-33.53680098018289],[-70.60738557338235,-33.53681782286193],[-70.60737821430877,-33.53683535401154],[-70.60737294259596,-33.5368534047975],[-70.60736980901467,-33.53687180138111],[-70.60736884374435,-33.53689036659332],[-70.60737005608249,-33.53690892164099],[-70.60737343435497,-33.536927287828796],[-70.60737894602849,-33.536945288280066],[-70.60738653802382,-33.536962749640324],[-70.60739613722694,-33.5369795037467],[-70.60740765119311,-33.53699538924754],[-70.60742096903712,-33.537010253156225],[-70.60743596250123,-33.53702395232467],[-70.60745248719023,-33.53703635482177],[-70.60747038396212,-33.53704734120417],[-70.60748948046077,-33.53705680566645],[-70.60750959277571,-33.53706465706016],[-70.60753052721344,-33.537070819771735],[-70.60755208216277,-33.537075234450484],[-70.60757405003649,-33.53707785858047],[-70.6075962192706,-33.53707866688972],[-70.60761837636188,-33.537077651593805],[-70.60764030792406,-33.537074822470665],[-70.6076618027429,-33.537070206766515],[-70.60766898341734,-33.53706834596218],[-70.60766901477515,-33.53706833640066],[-70.60766904709868,-33.53706832945114],[-70.60773135537654,-33.53705216596759],[-70.60779238270366,-33.53721018854891],[-70.60779283821378,-33.53721119622455],[-70.60779318768748,-33.537212233177065],[-70.60795198284285,-33.53760798515441],[-70.60798160183262,-33.53768849114067],[-70.6078760625438,-33.537719050854996],[-70.6076184565319,-33.537788386943824],[-70.60759768910754,-33.53779493433732],[-70.60757778802623,-33.5378031548307],[-70.60755894494545,-33.53781296925661],[-70.60754134133379,-33.53782428309733],[-70.60752514672333,-33.53783698739491],[-70.607510517077,-33.53785095980064],[-70.60749759328654,-33.53786606575314],[-70.60748649981555,-33.537882159774384],[-70.60747734350102,-33.537899086870624],[-70.60747021252419,-33.53791668402507],[-70.6074651755614,-33.53793478176783],[-70.60746228112264,-33.53795320580796],[-70.60746155708428,-33.53797177871197],[-70.6074630104206,-33.53799032161267],[-70.60746662713657,-33.538008655931684],[-70.60747237240253,-33.53802660509922],[-70.60748019088959,-33.538043996254736],[-70.60749000730249,-33.5380606619114],[-70.60750172710459,-33.53807644156938],[-70.60751523742839,-33.53809118326145],[-70.60753040816235,-33.538104745016426],[-70.60754709320412,-33.53811699622668],[-70.60756513186733,-33.53812781890576],[-70.60758435042933,-33.538137108824806],[-70.60760456380413,-33.53814477651638],[-70.60762557732491,-33.53815074813597],[-70.60764718861883,-33.53815496617334],[-70.60766918955609,-33.538157390006226],[-70.60769136825424,-33.53815799629174],[-70.60771351111889,-33.53815677919097],[-70.60773540490084,-33.53815375042539],[-70.60775683874961,-33.538148939163925],[-70.60801680533014,-33.53807896765054],[-70.6080191264276,-33.53807823586624],[-70.60802150732701,-33.53807765428819],[-70.60833426588401,-33.53798709224151],[-70.60833774154293,-33.53798614999655],[-70.60876065958568,-33.53787683246465],[-70.60876360356421,-33.5378759367903],[-70.60876661408074,-33.53787521734423],[-70.60878587390873,-33.53786974561464],[-70.60879719577383,-33.53786653237037],[-70.60879847171688,-33.53786611073422],[-70.60879978457493,-33.53786578291119],[-70.60891686892596,-33.53783122357497],[-70.60892067401674,-33.537829921348234],[-70.60892456792692,-33.53782881851282],[-70.60910463615905,-33.53776942448295],[-70.60912428108051,-33.537826814489904],[-70.60912505065697,-33.53782870674794],[-70.60912564689728,-33.53783065221451],[-70.60912863499905,-33.53783752003612],[-70.60913143512347,-33.53784440506495],[-70.60913242228189,-33.53784622468538],[-70.60913324350578,-33.53784811217708],[-70.60913702173951,-33.537854702824006],[-70.60914061362807,-33.537861323718346],[-70.6091418088068,-33.53786305325072],[-70.60914284715739,-33.537864864520294],[-70.60923317196652,-33.538004426606975],[-70.60923326664282,-33.53800455716334],[-70.60923334584695,-33.538004694755486],[-70.60939770223352,-33.53825766873919],[-70.60939870192398,-33.53825919076563],[-70.60957912220523,-33.538530920217404],[-70.60959084446722,-33.53854669861028],[-70.60960435710112,-33.53856143884669]],[[-70.60874672920373,-33.537022957193386],[-70.60886160943986,-33.53720465974365],[-70.60896890912726,-33.53740420274036],[-70.60896677597313,-33.53740786093949],[-70.60889249109321,-33.53743236323641],[-70.60888497252489,-33.537401974504256],[-70.60888468646657,-33.537399161718035],[-70.60888337561826,-33.53739323473451],[-70.60888230973801,-33.53738727340594],[-70.60888135615029,-33.53738410373459],[-70.60888064530988,-33.53738088967783],[-70.60887864704817,-33.53737509883171],[-70.60887688855503,-33.5373692536984],[-70.60887626449893,-33.53736753933728],[-70.60887606865069,-33.53736700415456],[-70.60880983132536,-33.5371869513583],[-70.60880850677749,-33.53718347053278],[-70.60874341379298,-33.53701794678714],[-70.60874672920373,-33.537022957193386]],[[-70.60843862900933,-33.53746462423736],[-70.60846167341953,-33.53755776755823],[-70.60841149687577,-33.53757073738884],[-70.60838333386418,-33.537494189842405],[-70.60838235860074,-33.53749193820331],[-70.60838158080392,-33.53748963039627],[-70.60822228087704,-33.53709262525006],[-70.60816362823938,-33.536940753558284],[-70.60830724105435,-33.53690119795585],[-70.60829702630545,-33.53691626530391],[-70.60828801495524,-33.536933246827545],[-70.6082810345928,-33.536950886256726],[-70.60827615244409,-33.53696901371441],[-70.60827341552805,-33.536987454623485],[-70.60827285020409,-33.537006031388024],[-70.60827446191797,-33.5370245651036],[-70.60827823514936,-33.5370428772803],[-70.6082841335613,-33.53706079156161],[-70.60837827961114,-33.53730019701769],[-70.60843848030983,-33.53746384267602],[-70.60843862900933,-33.53746462423736]]]}},{"type":"Feature","properties":{"numpos":"98818","TIPO":"DESCARGO","TENSION":"MT","INCIDENCIA":"DF202671820882","CLITOTAL":"269","CANTAVISOS":"","FECHA_INICIO":"","FECHA_FIN":"","DESCARGO":"DF202671820882(TP20267213817578)","ESTADODESC":"789","ESTADOINC":" ","CLI_PLAN":"1","FECHA_INIDESC":"10-10-2026 09:30","FECHA_FINDESC":"10-10-2026 15:30","FECHA_REPOSICION":"10-10-2026 15:30","id_alim":"2684"},"geometry":{"type":"Polygon","coordinates":[[[-70.60980015001361,-33.537524751011176],[-70.60980292991364,-33.537542828280294],[-70.60980777233632,-33.53756059799133],[-70.60988471701963,-33.537791166493],[-70.6098917310471,-33.53780879656069],[-70.60990077483197,-33.53782576600909],[-70.60991176127854,-33.537841911412706],[-70.60992458458199,-33.53785707728194],[-70.60993912124731,-33.537871117560634],[-70.60995523127863,-33.53788389703263],[-70.60997275952741,-33.53789529262408],[-70.60999153718664,-33.53790519458865],[-70.61001138341655,-33.53791350756451],[-70.6100321070862,-33.53792015149271],[-70.61005350861429,-33.53792506238829],[-70.61007538189116,-33.53792819295629],[-70.61009751626386,-33.53792951304756],[-70.61011969856494,-33.53792900994882],[-70.61014171516526,-33.53792668850526],[-70.61016335403163,-33.53792257107383],[-70.61018440676871,-33.537916697307956],[-70.61020467062602,-33.53790912377558],[-70.61022395045065,-33.5378999234144],[-70.6102420605667,-33.53788918482947],[-70.61025882656342,-33.53787701143975],[-70.61027408697497,-33.53786352048225],[-70.61028769483534,-33.53784884188279],[-70.61029951909379,-33.537833117004915],[-70.6103094458769,-33.53781649728826],[-70.61031737958523,-33.53779914279021],[-70.61032324381385,-33.53778122064446],[-70.61032698208828,-33.53776290345129],[-70.61032855840823,-33.53774436761544],[-70.61032795759427,-33.537725791647205],[-70.61032518543391,-33.53770735444322],[-70.61032026862596,-33.53768923356365],[-70.6102492331191,-33.53747637540928],[-70.61021586363262,-33.537127748962995],[-70.61021580458275,-33.537125779047926],[-70.61021573989359,-33.5371250501481],[-70.6102157508962,-33.537124498466845],[-70.61021560875287,-33.53712304069411],[-70.61021560994595,-33.53712135143841],[-70.61020087770072,-33.53686715243676],[-70.61020037663732,-33.536858106924974],[-70.61019826196524,-33.5368396087145],[-70.61019399236066,-33.536821373156094],[-70.61018760894352,-33.536803575867836],[-70.61017917319073,-33.53678638824704],[-70.61016876634413,-33.53676997581943],[-70.61015648862812,-33.53675449664515],[-70.6101424582843,-33.53674009979659],[-70.61012681043277,-33.53672692392268],[-70.61010969577087,-33.53671509591371],[-70.61009127912183,-33.53670472967934],[-70.61007173784746,-33.536695925051525],[-70.61005126014014,-33.53668876682322],[-70.61003004321034,-33.53668332393166],[-70.61000829138753,-33.53667964879462],[-70.60998621415233,-33.536677776805455],[-70.60996402411925,-33.53667772599238],[-70.60994193498898,-33.536679496844805],[-70.60992015949063,-33.5366830723086],[-70.60989890733285,-33.536688417950344],[-70.60987838318442,-33.536695482288934],[-70.6098587847031,-33.53670419729135],[-70.60984030063233,-33.53671447902788],[-70.60982310898325,-33.53672622848032],[-70.60980737532063,-33.53673933249558],[-70.60979325116828,-33.53675366487542],[-70.60978087254983,-33.53676908759173],[-70.6097703586787,-33.53678545211585],[-70.60976181081004,-33.536802600848894],[-70.60975531126552,-33.53682036863962],[-70.60975092264046,-33.53683858437474],[-70.609748687201,-33.53685707262698],[-70.6097486264771,-33.53687565534438],[-70.60974913870645,-33.53688490329829],[-70.60974916179381,-33.53688510526549],[-70.60974916164942,-33.53688530815594],[-70.60975896700573,-33.53705451105416],[-70.60975874951153,-33.537054838529706],[-70.60974991642436,-33.53707188560511],[-70.60974312114242,-33.537089575636934],[-70.60973842910911,-33.5371077382608],[-70.60973588551262,-33.53712619856091],[-70.60973551485051,-33.537144778754566],[-70.60973732069384,-33.537163299904336],[-70.60974128565276,-33.5371815836413],[-70.60974737154379,-33.53719945388279],[-70.60975551975764,-33.53721673852833],[-70.60976565182355,-33.537233271116854],[-70.60977321675288,-33.537243103932894],[-70.6097996691867,-33.53751947930078],[-70.60979991397944,-33.537522242387894],[-70.60979999562183,-33.53752279478481],[-70.60980001611735,-33.537523351131995],[-70.60980015001361,-33.537524751011176]]]}},{"type":"Feature","properties":{"numpos":"104775","TIPO":"DESCARGO","TENSION":"MT","INCIDENCIA":"DF202671823184","CLITOTAL":"2207","CANTAVISOS":"","FECHA_INICIO":"","FECHA_FIN":"","DESCARGO":"DF202671823184(TP20267213818410)","ESTADODESC":"789","ESTADOINC":" ","CLI_PLAN":"1","FECHA_INIDESC":"10-10-2026 11:30","FECHA_FINDESC":"10-10-2026 17:30","FECHA_REPOSICION":"10-10-2026 17:30","id_alim":"313"},"geometry":{"type":"Polygon","coordinates":[[[-70.6749913879873,-33.443211871144584],[-70.67499207499431,-33.443212704301],[-70.67499267253932,-33.44321358459505],[-70.67499568910947,-33.443217160573006],[-70.674998473603,-33.4432208546238],[-70.67500133647549,-33.443223936008096],[-70.67500399239636,-33.44322715693121],[-70.67500477350562,-33.44322792962259],[-70.67500547109486,-33.44322875657594],[-70.67500889184234,-33.44323206804493],[-70.6750120942746,-33.44323551490501],[-70.67501530305934,-33.443238345699484],[-70.67501832328482,-33.4432413333754],[-70.67501919097386,-33.443242038160264],[-70.67501998188919,-33.44324280380891],[-70.6750254590171,-33.44324760786307],[-70.6750408147087,-33.44325986870491],[-70.67505747428959,-33.44327086821525],[-70.67507529091408,-33.44328050943876],[-70.67509410753752,-33.443288707392696],[-70.6751137583006,-33.44329538981611],[-70.67513406999139,-33.44330049780659],[-70.675154863572,-33.4433039863397],[-70.67517595575697,-33.4433058246657],[-70.67519716062863,-33.44330599658065],[-70.67520167152365,-33.44330585549666],[-70.67524135112123,-33.44330466316471],[-70.67524291805377,-33.443304551348135],[-70.67524450402863,-33.443304550403425],[-70.6752540060162,-33.44330376010866],[-70.67526343704883,-33.443303087107275],[-70.67526498287899,-33.443302847145375],[-70.67526656153902,-33.4433027158456],[-70.67527592793978,-33.44330114812389],[-70.67528523235691,-33.443299703781676],[-70.67528674227921,-33.44329933804934],[-70.6752882983435,-33.443299077599484],[-70.67529743844567,-33.44329674723079],[-70.67530652714348,-33.443294545771415],[-70.67530798670595,-33.44329405783586],[-70.67530950510348,-33.44329367070362],[-70.67531833034461,-33.443290599929675],[-70.67532711632693,-33.443287662751295],[-70.67532851156496,-33.443287057336896],[-70.67532997758515,-33.443286547229725],[-70.67533840243364,-33.44328276554212],[-70.67534680162123,-33.44327912100899],[-70.6753481191878,-33.44327840395177],[-70.67534951862639,-33.44327777578122],[-70.67535746143209,-33.44327331963573],[-70.67536539344543,-33.44326900280665],[-70.6753666207351,-33.44326818099864],[-70.67536794003553,-33.443267440832386],[-70.67537532384327,-33.44326235329142],[-70.67538271274962,-33.44325740558862],[-70.67538383801552,-33.443256486913086],[-70.67538506440388,-33.44325564191503],[-70.67539181771913,-33.44324997222222],[-70.67539859273917,-33.443244441043035],[-70.67539960520226,-33.44324343430052],[-70.67540072681419,-33.443242492659714],[-70.67540678431412,-33.44323629575083],[-70.67541288048112,-33.443230234026124],[-70.67541377043064,-33.443229148852495],[-70.67541477642894,-33.44322811970156],[-70.67542007960898,-33.44322145565796],[-70.67542543837698,-33.443214921359775],[-70.67542619726137,-33.443213768136566],[-70.67542707794297,-33.44321266146052],[-70.67543157569428,-33.44320559490972],[-70.67543614548788,-33.44319865051386],[-70.67543676599527,-33.44319744027193],[-70.67543751288655,-33.443196266808464],[-70.67544116199662,-33.44318886627921],[-70.6754448986993,-33.44318157818598],[-70.67544537482688,-33.44318032250307],[-70.67544598076631,-33.44317909363528],[-70.67544874633815,-33.443171430874635],[-70.67545161371399,-33.44316386879238],[-70.67545194082587,-33.44316257968546],[-70.67545240003294,-33.44316130732839],[-70.67545425581882,-33.44315345658736],[-70.67545622586387,-33.44314569288447],[-70.67545640073648,-33.443144382697874],[-70.67545670886658,-33.44314307917994],[-70.6754576375132,-33.44313511647589],[-70.6754586907327,-33.44312722550641],[-70.67545871158757,-33.44312590679651],[-70.6754588657721,-33.44312458473715],[-70.67545885897485,-33.4431165871007],[-70.6754589845838,-33.44310864450922],[-70.67545885110718,-33.44310732992689],[-70.67545884997868,-33.44310600211166],[-70.67545790854426,-33.44309804682662],[-70.67545710458862,-33.443090128838044],[-70.67545681793776,-33.44308883100949],[-70.67545666163984,-33.44308751026428],[-70.67545479545699,-33.44307967410811],[-70.67545306885388,-33.44307185680872],[-70.67545263164969,-33.443070588216244],[-70.6754523218318,-33.44306928728145],[-70.67545183632929,-33.443067667261076],[-70.67544747393998,-33.44305562259364],[-70.67544691624722,-33.4430540043907],[-70.67544679721988,-33.443053754151975],[-70.67544545485632,-33.44305004785122],[-70.6754370622344,-33.443033031374924],[-70.6754267378273,-33.44301677874402],[-70.67541457926608,-33.44300144364725],[-70.6754007015258,-33.4429871710968],[-70.67538523583828,-33.442974096057135],[-70.6753683284511,-33.442962342168755],[-70.6753501392447,-33.44295202057898],[-70.67533084022047,-33.44294322889101],[-70.67531061387436,-33.44293605024093],[-70.67528965147105,-33.44293055251159],[-70.67527954591114,-33.4429287829676],[-70.67527526407103,-33.44292671025051],[-70.67525507454536,-33.44291904031617],[-70.675234085498,-33.44291306634002],[-70.67521249906383,-33.442908845854454],[-70.67519052313074,-33.44290641950483],[-70.67516836933763,-33.44290581065808],[-70.67514625103622,-33.442907025177774],[-70.67512438123654,-33.442910051367534],[-70.67510297055537,-33.44291486008369],[-70.67508222518812,-33.44292140501606],[-70.67506234492299,-33.44292962313372],[-70.67504352121702,-33.44293943529225],[-70.67502593535221,-33.44295074699564],[-70.67500975668975,-33.442963449306674],[-70.67499514103896,-33.44297741989565],[-70.67498222915677,-33.44299252421873],[-70.67497114539216,-33.44300861681359],[-70.6749619964886,-33.44302554270022],[-70.67495487055598,-33.443043138873435],[-70.67494983622203,-33.44306123587281],[-70.67494694197143,-33.44307965941457],[-70.67494621567873,-33.443098232070014],[-70.67494766433992,-33.443116774974385],[-70.67495127400497,-33.44313510954917],[-70.67495700991212,-33.44315305922222],[-70.67496481682265,-33.443170451128005],[-70.67497461955273,-33.44318711777262],[-70.67498247166343,-33.443198964285536],[-70.67498290677322,-33.44319955095054],[-70.67498327657405,-33.44320016830131],[-70.67498663255948,-33.44320514569029],[-70.67498912184968,-33.443208448110504],[-70.6749913879873,-33.443211871144584]]]}},{"type":"Feature","properties":{"numpos":"1521","TIPO":"DESCARGO","TENSION":"MT","INCIDENCIA":"DF202671823184","CLITOTAL":"2207","CANTAVISOS":"","FECHA_INICIO":"","FECHA_FIN":"","DESCARGO":"DF202671823184(TP20267213818410)","ESTADODESC":"789","ESTADOINC":" ","CLI_PLAN":"1","FECHA_INIDESC":"10-10-2026 11:30","FECHA_FINDESC":"10-10-2026 17:30","FECHA_REPOSICION":"10-10-2026 17:30","id_alim":"313"},"geometry":{"type":"Polygon","coordinates":[[[-70.67138077132378,-33.44867272750088],[-70.6713908688678,-33.44868927026685],[-70.67140285204731,-33.44870490368619],[-70.67141660545825,-33.44871947720003],[-70.67143199664802,-33.44873285045685],[-70.67144887739109,-33.44874489466432],[-70.67146708511636,-33.44875549382961],[-70.67148644447296,-33.44876454587639],[-70.67150676901898,-33.448771963628054],[-70.67152786301685,-33.44877767564724],[-70.67154952331877,-33.448781626923754],[-70.67157154132289,-33.44878377940442],[-70.67159370498241,-33.44878411235963],[-70.6716158008478,-33.44878262258287],[-70.67163761612244,-33.448779324421565],[-70.67165894071204,-33.448774249639115],[-70.67167956924794,-33.448767447108786],[-70.67169930306517,-33.448758982343044],[-70.67171795211543,-33.44874893686274],[-70.67173533679768,-33.448737407411855],[-70.67175128968765,-33.44872450502591],[-70.67176565715032,-33.448710353962475],[-70.6717783008194,-33.44869509050457],[-70.67178909892998,-33.44867886164823],[-70.67179794749116,-33.448661823686585],[-70.6718047612874,-33.44864414070497],[-70.6718094746993,-33.44862598300048],[-70.67186817271796,-33.448330798827044],[-70.67194771162349,-33.4479442250984],[-70.67194783981296,-33.44794334656787],[-70.67194806047327,-33.44794248103551],[-70.6719583553373,-33.44788949633846],[-70.6719585469742,-33.44788856302452],[-70.67195869482205,-33.44788754686296],[-70.67195894788149,-33.44788654539292],[-70.67195918036875,-33.44788533506542],[-70.6719677468428,-33.447842410132495],[-70.67196782771146,-33.447841831742274],[-70.67196797319116,-33.44784125581573],[-70.67196831520232,-33.44783947451708],[-70.67196875230682,-33.44783617191968],[-70.67196943694404,-33.44783289899776],[-70.67196967706961,-33.44783129058373],[-70.67200097852998,-33.4476248507545],[-70.67203646460497,-33.447417685575644],[-70.67205148895042,-33.4473467733163],[-70.67205203393297,-33.44734487670584],[-70.67215696084531,-33.44699575188101],[-70.6721572393746,-33.44699458639577],[-70.67215763563014,-33.44699344561931],[-70.67225520363456,-33.446650717281265],[-70.67225543306873,-33.446649690534635],[-70.67225576823864,-33.44664868442629],[-70.67244777372147,-33.44593969425688],[-70.6724490908173,-33.44593341852156],[-70.67245064007224,-33.44592717137948],[-70.6724832823909,-33.44575305822266],[-70.67248565117963,-33.44573449663385],[-70.67248582834051,-33.44571582971204],[-70.67248381215319,-33.44569723887578],[-70.67247962221376,-33.44567890480398],[-70.67247329924434,-33.44566100567997],[-70.67246490469725,-33.44564371545995],[-70.67245452015767,-33.44562720218222],[-70.67244224655073,-33.445611626334156],[-70.67242820316066,-33.44559713929244],[-70.67241252647143,-33.44558388185192],[-70.67240572246864,-33.44557866887756],[-70.67240523602682,-33.44557833137101],[-70.67240478922378,-33.44557795788021],[-70.67239669773582,-33.445572407271776],[-70.6723886460157,-33.44556682076739],[-70.67238812301636,-33.44556652517422],[-70.67238763417309,-33.44556618983683],[-70.6723789233485,-33.44556132562802],[-70.6723702665114,-33.44555643288227],[-70.67236971206444,-33.44555618195648],[-70.67236918581094,-33.44555588809133],[-70.67235993842932,-33.44555175870695],[-70.67235076095986,-33.44554760526268],[-70.67235018046068,-33.445547401320596],[-70.67234962180456,-33.445547151854655],[-70.67233992611332,-33.44554379874311],[-70.6723303172094,-33.445540422923],[-70.67232971628557,-33.445540267823915],[-70.6723291305652,-33.445540065261085],[-70.67231907944544,-33.44553752244351],[-70.67230913214351,-33.44553495503271],[-70.67230851660003,-33.445534850164194],[-70.6723079094337,-33.445534696558006],[-70.67229759951313,-33.4455329902486],[-70.67228740978477,-33.44553125425026],[-70.67228678554783,-33.445531200517955],[-70.67228616277997,-33.4455310974487],[-70.67208554625478,-33.44550639668286],[-70.67213920710057,-33.44495708966906],[-70.67213921550393,-33.444956873813396],[-70.67213924852248,-33.444956659624],[-70.6721892342666,-33.444430226495605],[-70.67218941263071,-33.444425300573435],[-70.67218986204341,-33.444420382253476],[-70.67218974886484,-33.444416014718605],[-70.67218990682113,-33.444411652403154],[-70.67218950841452,-33.44440673579363],[-70.67218938061376,-33.44440180398876],[-70.67218875730391,-33.44439746657451],[-70.67218840448004,-33.444393112485265],[-70.67218743319357,-33.44438825251131],[-70.6721867293581,-33.4443833547431],[-70.67218560187663,-33.444379089247434],[-70.67218474171301,-33.44437478529135],[-70.67218320694522,-33.44437002872486],[-70.67218193381088,-33.4443652121926],[-70.67218031298175,-33.44436105972513],[-70.67217895379582,-33.444356847322105],[-70.67217687036116,-33.444352239935064],[-70.672175040157,-33.44434755105965],[-70.67217294156524,-33.44434355164417],[-70.67217109647044,-33.44433947132963],[-70.67216848445591,-33.44433505745522],[-70.67216611478726,-33.44433054143028],[-70.6721635586291,-33.444326733617594],[-70.6721612454082,-33.44432282465387],[-70.6721581299797,-33.44431864676135],[-70.67215524365871,-33.44431434711604],[-70.67215225454726,-33.44431076761106],[-70.67214949548102,-33.44430706761085],[-70.67214590664098,-33.44430316589851],[-70.67214253146695,-33.44429912407653],[-70.67213913819488,-33.44429580738325],[-70.6721359598477,-33.44429235194902],[-70.67213193214685,-33.44428876395891],[-70.67212810063776,-33.44428501891737],[-70.67212433589899,-33.44428199700467],[-70.67212076886403,-33.44427881938768],[-70.6721163410698,-33.444275579645755],[-70.67211209014809,-33.444272167478395],[-70.67210799022217,-33.444269469471124],[-70.6721040688276,-33.44426660025221],[-70.67209928355182,-33.444263739937284],[-70.67209465418756,-33.4442606935254],[-70.67209025858864,-33.444258345422334],[-70.6720860205686,-33.444255812219005],[-70.67208092385931,-33.444253358863925],[-70.67207596067365,-33.444250707558304],[-70.67207131176845,-33.44424873198101],[-70.67206679790112,-33.44424655918221],[-70.6720614388006,-33.44424453640928],[-70.6720561896345,-33.444242305746926],[-70.67205133223254,-33.4442407217212],[-70.67204658594929,-33.4442389302531],[-70.67204101602424,-33.44423735754763],[-70.67203553147515,-33.44423556900484],[-70.67203051239477,-33.44423439177695],[-70.67202557936423,-33.44423299890211],[-70.6720198522116,-33.444231891424735],[-70.67201418514387,-33.44423056221021],[-70.67200905275988,-33.44422980310022],[-70.6720039804497,-33.44422882225102],[-70.67199815118248,-33.444228190691604],[-70.67199235621635,-33.44422733358096],[-70.6713988655117,-33.44416453833625],[-70.6713921814117,-33.44415000051875],[-70.67138222042708,-33.444133399881686],[-70.6713703664939,-33.44411769769],[-70.67135673377258,-33.44410304516382],[-70.67134145355396,-33.44408958341439],[-70.67132467299493,-33.444077442085195],[-70.67130655370116,-33.444066738103274],[-70.67128727017085,-33.444057574553305],[-70.6712670081142,-33.444050039684804],[-70.6712459626649,-33.44404420606231],[-70.67122433650101,-33.444040129866465],[-70.67120233789305,-33.44403785035305],[-70.67110360178275,-33.444031722843484],[-70.6710996140567,-33.44403163990183],[-70.67109580428668,-33.44403135680082],[-70.67108877166393,-33.444031414387744],[-70.67108144258926,-33.44403126194765],[-70.67107746634609,-33.444031506961],[-70.67107363933151,-33.44403153829816],[-70.67106664275339,-33.444032173902634],[-70.6710593362106,-33.44403262412576],[-70.67105766560978,-33.44403286676359],[-70.67009035925102,-33.44392011207726],[-70.67001554090083,-33.443911336151665],[-70.67003369614339,-33.44375707419698],[-70.67003563802398,-33.443746457662755],[-70.6700748020502,-33.44345465037056],[-70.670074988332,-33.44345321303419],[-70.6700754465149,-33.44344954746648],[-70.67011398301807,-33.44316319230601],[-70.67011593972558,-33.443154800803086],[-70.6701427889249,-33.442994734876756],[-70.67014496650397,-33.44298776654108],[-70.6701495250594,-33.44296958109821],[-70.67015193548144,-33.44295110863431],[-70.67015217455774,-33.44293252704937],[-70.67015023998728,-33.442914015294235],[-70.67014615040237,-33.44289575164703],[-70.67013994518925,-33.44287791199643],[-70.67013168410861,-33.44286066814768],[-70.67012144672019,-33.442844186168074],[-70.67010933161635,-33.44282862478755],[-70.67009545547266,-33.44281413387017],[-70.67007995192427,-33.44280085297083],[-70.67006297027876,-33.442788909991286],[-70.6700446740784,-33.442778419948375],[-70.67002523952505,-33.44276948386645],[-70.67000485378325,-33.44276218780439],[-70.6699837131779,-33.442756602026904],[-70.6699620213034,-33.44275278032777],[-70.66995846895871,-33.44275245453354],[-70.66995509384081,-33.442751892125514],[-70.66993303456769,-33.442750073357956],[-70.66991086887236,-33.44275007601923],[-70.66988881022118,-33.442751900083685],[-70.6698670710497,-33.4427555279848],[-70.6698458607167,-33.44276092478414],[-70.66982538348823,-33.44276803850794],[-70.66980583657023,-33.44277680064757],[-70.66978740820946,-33.44278712681935],[-70.66977027588062,-33.442798917577136],[-70.66975460457721,-33.442812059370084],[-70.6697405452225,-33.442826425636056],[-70.66972823321606,-33.44284187802067],[-70.66971778712984,-33.44285826770954],[-70.66970930756614,-33.44287543686139],[-70.66970287618886,-33.44289322012831],[-70.66969855493683,-33.442911446248004],[-70.66969557196873,-33.44292832150426],[-70.66966426000606,-33.44309927962792],[-70.66966305426031,-33.443106887583106],[-70.66962279971925,-33.44340741441469],[-70.66958254532689,-33.443704907347474],[-70.66958223249897,-33.44370736200247],[-70.66954493972872,-33.444019215482314],[-70.66954131903773,-33.444020287902106],[-70.66952124350469,-33.44402816587071],[-70.66950218571384,-33.44403765554263],[-70.66948432920155,-33.4440486655276],[-70.6694678459354,-33.444061089794054],[-70.66945289465816,-33.44407480869009],[-70.66943961935898,-33.44408969009576],[-70.66942814788669,-33.44410559069554],[-70.66941859071854,-33.44412235735851],[-70.66941103989619,-33.4441398286129],[-70.66940556813925,-33.44415783620131],[-70.66940222814503,-33.444176206701094],[-70.6693939068908,-33.44424424804071],[-70.66936121800427,-33.44447371301063],[-70.6689845657239,-33.444419465156344],[-70.6689845643219,-33.44441946489414],[-70.66824080347965,-33.44431217335285],[-70.66821880030236,-33.4443099244123],[-70.66819664013393,-33.44430949432956],[-70.66817453638748,-33.444310887246615],[-70.66815270193284,-33.44431408974902],[-70.66813134704641,-33.44431907099517],[-70.66811067738632,-33.44432578301328],[-70.66809089201168,-33.44433416116333],[-70.66807218146565,-33.444344124759695],[-70.66805472594052,-33.44435557784798],[-70.66803869354221,-33.444368410129286],[-70.66802423867153,-33.444382498022286],[-70.66801150053699,-33.44439770585345],[-70.66800060181436,-33.44441388716354],[-70.66799164746499,-33.4444308861182],[-70.66798472372517,-33.444448539008576],[-70.66797989727543,-33.44446667582799],[-70.66797721459841,-33.44448512190919],[-70.6679767015311,-33.44450369960638],[-70.66797836301605,-33.44452223000619],[-70.66798218305355,-33.44454053465063],[-70.66798812485587,-33.444558437255694],[-70.66799613120138,-33.44457576540918],[-70.66800612498554,-33.444592352231126],[-70.66801800996357,-33.44460803798084],[-70.66803167167717,-33.44462267159546],[-70.66804697855683,-33.44463611214468],[-70.66806378318897,-33.444648230188115],[-70.66808192373551,-33.44465890902182],[-70.6681012254926,-33.44466804580227],[-70.66812150257296,-33.444675552536786],[-70.66814255969626,-33.444681356931056],[-70.66816419406976,-33.44468540308522],[-70.66890795804518,-33.44479269498428],[-70.6689079864972,-33.44479269789218],[-70.66890801603861,-33.44479270341017],[-70.66931190908149,-33.44485087455385],[-70.6692608366765,-33.44528638730153],[-70.66926071659019,-33.44528844402883],[-70.66926047149352,-33.44529070678414],[-70.66925953820339,-33.44529723496317],[-70.66925946970063,-33.44529995542817],[-70.66925917616784,-33.44530266534957],[-70.66925923590878,-33.445309240056226],[-70.66925907038625,-33.44531581348919],[-70.66925932028977,-33.445318526483284],[-70.66925934501404,-33.44532124747539],[-70.66926017318127,-33.44532778561406],[-70.66926077702091,-33.445334340995196],[-70.66926134292417,-33.44533702039078],[-70.66926168566759,-33.44533972624894],[-70.66926390564886,-33.445351646264044],[-70.6692684526583,-33.44537002840843],[-70.66927514854783,-33.44538794276109],[-70.66928392750421,-33.445405213240235],[-70.66929470323946,-33.445421670092735],[-70.66930736983885,-33.44543715156251],[-70.66932180280197,-33.44545150548056],[-70.66933657814623,-33.44546354595697],[-70.66933467679108,-33.44546746075498],[-70.66933203941868,-33.44547229874806],[-70.66933049976514,-33.44547606104754],[-70.66932871055653,-33.44547974494016],[-70.6693269053411,-33.445484844385696],[-70.66932484632605,-33.44548987579613],[-70.66932375397421,-33.44549374649285],[-70.66932240410165,-33.4454975596663],[-70.66932120380588,-33.4455027828917],[-70.66931974297795,-33.44550795926434],[-70.66931910844802,-33.44551190108145],[-70.66931821091174,-33.44551580681284],[-70.66925405539612,-33.44589409510252],[-70.6692150194354,-33.44612208777533],[-70.66914661813877,-33.446522206737455],[-70.66914661138583,-33.44652226726625],[-70.66914659763395,-33.4465223269561],[-70.66911608991317,-33.446701601989226],[-70.6691157633974,-33.44670454902637],[-70.66911520249923,-33.44670747115846],[-70.6691147389161,-33.446713795698564],[-70.66911403987824,-33.44672010501138],[-70.66911405950745,-33.44672306468728],[-70.66911384297087,-33.44672601883701],[-70.66911373774246,-33.44673320023909],[-70.66911382233506,-33.44673512618724],[-70.66911372803449,-33.44673705184265],[-70.66911422999902,-33.446744407607106],[-70.66911455338837,-33.446751770316666],[-70.66911486275905,-33.44675368003996],[-70.6691149940637,-33.4467556041713],[-70.66911635366081,-33.44676288326938],[-70.66911753635485,-33.446770183953234],[-70.66911806752438,-33.44677205906005],[-70.66911842316983,-33.44677396313679],[-70.66912062730613,-33.44678109546632],[-70.66912265791565,-33.44678826381521],[-70.66912340576874,-33.44679008624731],[-70.66912398232999,-33.446791951932],[-70.66912700977859,-33.44679886880425],[-70.66912986874854,-33.44680583578331],[-70.6691308260832,-33.44680758798977],[-70.66913161800763,-33.446809397314716],[-70.6691354396125,-33.44681603211599],[-70.66913909941032,-33.44682273062951],[-70.6691402570071,-33.44682439573561],[-70.66914125666803,-33.44682613127594],[-70.66914583562482,-33.44683242010915],[-70.66915026100553,-33.44683878564676],[-70.66915160771642,-33.44684034761662],[-70.66915280548646,-33.44684199265801],[-70.66915809769677,-33.44684787495781],[-70.66916324604256,-33.44685384621594],[-70.66916476889823,-33.4468552900069],[-70.66916615324205,-33.446856828706615],[-70.66917210773835,-33.44686224782306],[-70.6691779294688,-33.44686776729495],[-70.66917961380352,-33.446869079002454],[-70.66918117138893,-33.446870496541955],[-70.66918773082563,-33.44687540028599],[-70.66919416987493,-33.44688041481564],[-70.66919599946773,-33.446881581807034],[-70.66919771529423,-33.44688286453469],[-70.66920481649957,-33.44688720568072],[-70.66921181085681,-33.446891666974885],[-70.66921376808796,-33.44689267801133],[-70.66921562563087,-33.44689381357375],[-70.66922320021534,-33.44689755031421],[-70.6692306825217,-33.44690141540773],[-70.66923274854209,-33.44690226075218],[-70.66923472991206,-33.44690323821337],[-70.66924270492731,-33.44690633456176],[-70.66925060312452,-33.44690956623091],[-70.66925275803737,-33.446910237742074],[-70.66925484415242,-33.44691104768863],[-70.66926314279355,-33.44691347382583],[-70.66927138081809,-33.446916040947144],[-70.66927360387047,-33.4469165321578],[-70.66927577463986,-33.4469171667896],[-70.66975031070785,-33.44703434720515],[-70.66975434742982,-33.44703516591696],[-70.66975831659808,-33.447036190790115],[-70.67003110386979,-33.4470945096314],[-70.67038804256298,-33.44717626502663],[-70.67032842930264,-33.44757315240608],[-70.6703267425014,-33.44759168117777],[-70.67032723026125,-33.44761025932992],[-70.6703298878862,-33.44762870794469],[-70.6703346897832,-33.447646849351635],[-70.67034158970863,-33.44766450883881],[-70.67035052121344,-33.447681516335365],[-70.67036139828333,-33.44769770804932],[-70.6703741161668,-33.447712928045114],[-70.67038855238414,-33.447727029745344],[-70.67040456790683,-33.447739877342315],[-70.67042200849652,-33.44775134710609],[-70.6704407061904,-33.44776132857604],[-70.67046048091885,-33.44776972562462],[-70.67048114223957,-33.447776457383235],[-70.67050249117166,-33.44778145902106],[-70.67052432211203,-33.447784682369274],[-70.67054642481547,-33.44778609638513],[-70.67056858641949,-33.44778568745085],[-70.67059059349437,-33.447783459504734],[-70.67061223409856,-33.447779434003344],[-70.67063329982001,-33.4477736497147],[-70.67065358778322,-33.447766162345054],[-70.67067290260312,-33.447757044002316],[-70.67069105826674,-33.44774638250165],[-70.67070787992472,-33.44773428051965],[-70.6707232055751,-33.4477208546056],[-70.67073688762365,-33.44770623405899],[-70.67074879430508,-33.447690559684176],[-70.67075881095224,-33.447673982434516],[-70.67076684110015,-33.44765666195836],[-70.67077280741516,-33.44763876506178],[-70.67077665243963,-33.44762046410188],[-70.6708144496984,-33.44736881288219],[-70.67121336847123,-33.447456498197496],[-70.67119768480067,-33.44755364604523],[-70.67119756063487,-33.44755442738575],[-70.67116445621961,-33.447766108735166],[-70.6711643941377,-33.44776674770199],[-70.67116426273748,-33.447767379250394],[-70.67116349451298,-33.44777600692528],[-70.67116265669169,-33.44778463004666],[-70.67116266961875,-33.44778527103785],[-70.67116261269388,-33.44778591034209],[-70.67116285694401,-33.44779455959592],[-70.6711630314002,-33.447803210036774],[-70.67116311921181,-33.447803846879204],[-70.67116313731057,-33.44780448778245],[-70.6711643916837,-33.4478130753182],[-70.67116557673793,-33.44782166976994],[-70.67116573858844,-33.44782229633049],[-70.67116583153658,-33.44782293266046],[-70.67116808395302,-33.44783137577528],[-70.67117026819321,-33.44783983146869],[-70.67117050252396,-33.44784044171324],[-70.6711706694264,-33.4478410673417],[-70.67117389819471,-33.44784928472367],[-70.67117706058599,-33.44785752022568],[-70.6711773651403,-33.44785810827718],[-70.6711776043897,-33.447858717179024],[-70.67118177841563,-33.44786662969015],[-70.67118588850295,-33.44787456568808],[-70.6711862603478,-33.44787512588331],[-70.6711865696401,-33.44787571219444],[-70.67119164872591,-33.44788324363274],[-70.67119666692727,-33.44789080369837],[-70.67119710248164,-33.4478913306423],[-70.67119747883821,-33.44789188871623],[-70.67120341406986,-33.44789896654949],[-70.67120929205758,-33.44790607787511],[-70.67120978712686,-33.44790656649299],[-70.67121022692318,-33.44790709095508],[-70.67121696114131,-33.44791364701971],[-70.67122364230737,-33.44792024111907],[-70.67122419212376,-33.447920686705174],[-70.67122469112442,-33.44792117250463],[-70.67123215947511,-33.44792714366202],[-70.67123957947608,-33.44793315702993],[-70.67124017874457,-33.44793355529303],[-70.67124073214387,-33.447933997751264],[-70.67124886270251,-33.44793932649538],[-70.67125695007996,-33.44794470121978],[-70.67125759302927,-33.44794504832439],[-70.67125819549767,-33.44794544318028],[-70.67126690996241,-33.44795007819223],[-70.67127558683025,-33.447954762511266],[-70.67127626726835,-33.447955055114534],[-70.67127691300378,-33.44795539856537],[-70.67128612744932,-33.44795929520726],[-70.6712953102442,-33.447963244008115],[-70.67129602161813,-33.4479634792921],[-70.67129670440174,-33.44796376803025],[-70.67130633008716,-33.44796688877497],[-70.67131593037375,-33.447970064028446],[-70.67131666583258,-33.447970239727226],[-70.6713173790887,-33.447970470971974],[-70.67132732331375,-33.44797278576512],[-70.67133724863469,-33.44797515689136],[-70.67133800109536,-33.447975271312835],[-70.6713387379551,-33.447975442837176],[-70.67147745840225,-33.44800166312331],[-70.67142287526552,-33.44826694024889],[-70.67142279813655,-33.44826746881927],[-70.67142266272056,-33.44826799048143],[-70.6713638565748,-33.44856371075778],[-70.67136128884418,-33.44858216831013],[-70.67136089161393,-33.44860074796791],[-70.67136266871094,-33.44861927079881],[-70.67136660302218,-33.44863755841773],[-70.67137265665936,-33.44865543470468],[-70.67138077132378,-33.44867272750088]],[[-70.67078292699851,-33.444745006399685],[-70.67078290599234,-33.444745741650436],[-70.67078280588274,-33.44474647230792],[-70.67076903730012,-33.444923054785214],[-70.67076435503492,-33.44494011079779],[-70.67076151071937,-33.44495896773866],[-70.6707482085546,-33.44510624570673],[-70.67074301265403,-33.445119181910265],[-70.67073803220173,-33.445137289430825],[-70.67073519285458,-33.44515571900559],[-70.67073515336004,-33.445156812434334],[-70.67073495939948,-33.44515807129153],[-70.67073488757843,-33.44516005905038],[-70.67073483780429,-33.4451603821555],[-70.67073475507105,-33.445162673634236],[-70.6707346757281,-33.44516319860021],[-70.6707340582982,-33.44518177404554],[-70.67073561567689,-33.44520031077955],[-70.67073805323389,-33.44521232384205],[-70.6707332896425,-33.44525705471336],[-70.67053555085906,-33.44523535555831],[-70.67053346127794,-33.44523513455529],[-70.6705266621683,-33.445234442433545],[-70.67027917847554,-33.445207311586174],[-70.6702780271134,-33.44520718788653],[-70.67007098833136,-33.445185397106464],[-70.66986910491384,-33.44516413949599],[-70.66985279329623,-33.44516242651562],[-70.66988599339169,-33.444911004679554],[-70.66988603126144,-33.44491048627804],[-70.6698861250622,-33.44490997933908],[-70.66990575312026,-33.44475355119601],[-70.66993700062517,-33.444504417465794],[-70.66996453880712,-33.444375196969226],[-70.6703447864215,-33.44442040996664],[-70.67034588290385,-33.44442049459303],[-70.670346966186,-33.44442066007351],[-70.6708067960015,-33.444471508867245],[-70.67078292699851,-33.444745006399685]],[[-70.67177924447759,-33.44585146046594],[-70.67200102435638,-33.44587876735712],[-70.6718154980111,-33.44656381991401],[-70.67171854568358,-33.44690437946937],[-70.67166816457316,-33.44707201076314],[-70.67131500647287,-33.44699472259652],[-70.671314164526,-33.44699453978696],[-70.67090687556339,-33.446906806581595],[-70.67103504242296,-33.446436767349034],[-70.67103792620553,-33.44643095076678],[-70.6710443863912,-33.446413174792276],[-70.67123120537323,-33.44579111541896],[-70.67177924447759,-33.44585146046594]],[[-70.67164830753819,-33.44534236430886],[-70.67160475510734,-33.445339376784744],[-70.67147226305212,-33.445329948038605],[-70.67131595898154,-33.44531626210023],[-70.67133964923374,-33.445064095880355],[-70.6713909524495,-33.44454542032801],[-70.67172179717019,-33.444580426073436],[-70.67168894519718,-33.444926392611805],[-70.67164830753819,-33.44534236430886]],[[-70.67035470987545,-33.44569527835979],[-70.67035488507629,-33.44569530492969],[-70.67065364946639,-33.445728018236096],[-70.67065426323579,-33.445728059895295],[-70.67065486976692,-33.445728149019345],[-70.67065807908952,-33.44572848552803],[-70.67064465363704,-33.44580395295125],[-70.67050066560817,-33.446309284893566],[-70.67036228755296,-33.44677777002208],[-70.67035893516173,-33.44677700217087],[-70.67036269970433,-33.4467637076892],[-70.67036314489508,-33.44676170210065],[-70.67036377196185,-33.4467597309759],[-70.67042271799545,-33.44652962359475],[-70.6704229289298,-33.44652854466034],[-70.67042325043862,-33.446527485073666],[-70.67048457992732,-33.44627385237344],[-70.67048791242746,-33.44625548092013],[-70.67048908086868,-33.446236924100276],[-70.6704880739996,-33.44621836062618],[-70.67048490151832,-33.44619996927417],[-70.6704795939789,-33.446181927162826],[-70.67047220249698,-33.44616440804724],[-70.6704627982577,-33.446147580645665],[-70.67045147182982,-33.446131607014685],[-70.67043833229368,-33.446116640988635],[-70.67042350619056,-33.44610282669791],[-70.670407136304,-33.446090297181144],[-70.67038938028477,-33.44607917310384],[-70.67037040913267,-33.44606956159644],[-70.67035040554951,-33.44606155522247],[-70.67032956217987,-33.44605523108733],[-70.67030807975564,-33.44605065009552],[-70.67028616516312,-33.446047856364295],[-70.67026402945042,-33.44604687679865],[-70.67024188579522,-33.446047720832354],[-70.67021994745163,-33.44605038033698],[-70.67019842569657,-33.44605482970023],[-70.67017752779512,-33.44606102607264],[-70.67015745500444,-33.44606890978013],[-70.67013840063562,-33.44607840489876],[-70.67012054819206,-33.446089419985874],[-70.67010406960213,-33.446101848960716],[-70.67008912356364,-33.44611557212606],[-70.67007585401522,-33.44613045732086],[-70.67006438875036,-33.4461463611931],[-70.6700548381865,-33.44616313058028],[-70.67004729430171,-33.44618060398445],[-70.67004182974881,-33.44619861312755],[-70.66998075787357,-33.44645117510276],[-70.66992259489587,-33.44667822114487],[-70.66992199292413,-33.44668034696991],[-70.6698739760298,-33.446670081447245],[-70.66958972935319,-33.446599890713685],[-70.6695938166298,-33.44657587154713],[-70.66966219516765,-33.44617587360765],[-70.66970124784481,-33.445947776425896],[-70.66970129037226,-33.44594752685158],[-70.66975508694847,-33.445630309831586],[-70.66975573265958,-33.445629754113305],[-70.67001337344162,-33.44565745171829],[-70.67035453243464,-33.445695266079866],[-70.67035470987545,-33.44569527835979]]]}},{"type":"Feature","properties":{"numpos":"1883","TIPO":"DESCARGO","TENSION":"MT","INCIDENCIA":"DF202671823184","CLITOTAL":"2207","CANTAVISOS":"","FECHA_INICIO":"","FECHA_FIN":"","DESCARGO":"DF202671823184(TP20267213818410)","ESTADODESC":"789","ESTADOINC":" ","CLI_PLAN":"1","FECHA_INIDESC":"10-10-2026 11:30","FECHA_FINDESC":"10-10-2026 17:30","FECHA_REPOSICION":"10-10-2026 17:30","id_alim":"313"},"geometry":{"type":"Polygon","coordinates":[[[-70.67713720626841,-33.44834826999361],[-70.67713722556947,-33.44834827218033],[-70.6776706197157,-33.448386481319105],[-70.67796744968565,-33.44840775717419],[-70.67798960222947,-33.44840842983939],[-70.67801172675296,-33.44840727904217],[-70.67803361018349,-33.44840431586547],[-70.67805504177038,-33.44839956884649],[-70.67807581511451,-33.448393083701944],[-70.67809573015627,-33.44838492288774],[-70.67811459510204,-33.448375164997465],[-70.67813222827156,-33.448363904005426],[-70.67814845984743,-33.44835124836174],[-70.67816313351067,-33.44833731994774],[-70.67817610794604,-33.44832225290222],[-70.67818725820321,-33.44830619232962],[-70.67819647689976,-33.44828929290248],[-70.67820367525559,-33.44827171737192],[-70.67820878394772,-33.44825363500028],[-70.67821175377793,-33.44823521993084],[-70.67821255614643,-33.448216649510925],[-70.6782111833274,-33.44819810258383],[-70.67820764854321,-33.448179757766475],[-70.67820198583705,-33.4481617917293],[-70.67819424974505,-33.44814437749467],[-70.67818451477102,-33.448127682770846],[-70.67817287466892,-33.448111868336625],[-70.67815944153983,-33.44809708649312],[-70.67814434475248,-33.44808347959704],[-70.67812772969722,-33.44807117868963],[-70.6781097563859,-33.44806030223478],[-70.67809059791082,-33.44805095497817],[-70.67807043877788,-33.44804322693853],[-70.67804947312958,-33.4480371925407],[-70.67802790287546,-33.448032909898885],[-70.67800593574758,-33.44803042025707],[-70.6778450252131,-33.44801888675478],[-70.67783296160508,-33.448011457104045],[-70.67781389704744,-33.44800197587413],[-70.67779381571573,-33.44799410679021],[-70.67777291100322,-33.44798792563546],[-70.6777513842326,-33.44798349193745],[-70.67772944271718,-33.447980848394884],[-70.67647053921577,-33.44788171287493],[-70.67650035617245,-33.44675282183407],[-70.6765004260704,-33.446750684445426],[-70.67650101748565,-33.44674416827366],[-70.67651657598284,-33.44625868502001],[-70.677047943071,-33.44631286201912],[-70.67705168543837,-33.44631330328571],[-70.67707376097522,-33.44631498545334],[-70.6770959268934,-33.44631484558078],[-70.67711796972162,-33.44631288501512],[-70.67713967717407,-33.44630912263784],[-70.67716084019483,-33.44630359468297],[-70.67718125497133,-33.446296354388096],[-70.67720072489719,-33.446287471481625],[-70.6772190624657,-33.446277031511364],[-70.67723609107556,-33.44626513502042],[-70.67725164673175,-33.44625189657912],[-70.67726557962487,-33.44623744368143],[-70.6772777555739,-33.44622191551726],[-70.67728805731836,-33.446205461631784],[-70.6772963856477,-33.44618824048536],[-70.67730266035652,-33.446170417927426],[-70.6773068210172,-33.44615216559924],[-70.67730882756156,-33.44613365928083],[-70.67730866066688,-33.44611507719829],[-70.67730632194183,-33.44609659830711],[-70.67730183391096,-33.44607840056898],[-70.67729523979769,-33.44606065923784],[-70.67728660310809,-33.446043545171975],[-70.67727600701907,-33.44602722318879],[-70.67726355357752,-33.4460118504774],[-70.67724936271735,-33.44599757508487],[-70.67723357110447,-33.44598453449044],[-70.67721633082068,-33.445972854281635],[-70.677197807899,-33.44596264694467],[-70.67717818072474,-33.445954010781264],[-70.67715763831741,-33.44594702896195],[-70.67713637851062,-33.445941768725135],[-70.67711460604679,-33.445938280729436],[-70.67710877038499,-33.44593759263941],[-70.67710666442096,-33.44593743216361],[-70.6771045805214,-33.445937132081845],[-70.67640365654343,-33.44586566686291],[-70.67642080338673,-33.44551240787342],[-70.67642078261049,-33.445510338973214],[-70.67642095010513,-33.44550827476998],[-70.67643254699863,-33.44499208367414],[-70.67643647254808,-33.44487118641548],[-70.6764359390291,-33.444852045614795],[-70.67643310263004,-33.44483304782133],[-70.67642799234991,-33.44481438725652],[-70.67642066043439,-33.44479625469405],[-70.67641118184157,-33.444778835509496],[-70.67639965347564,-33.44476230778528],[-70.67638619319611,-33.44474684048996],[-70.6763709386129,-33.44473259175093],[-70.67635404567953,-33.444719707237816],[-70.67633568709856,-33.4447083186732],[-70.67631605055622,-33.44469854248613],[-70.67629533680352,-33.444690478621666],[-70.67627375760394,-33.44468420951934],[-70.67625153356853,-33.44467979927016],[-70.67622889190062,-33.44467729296154],[-70.67592583024762,-33.44465674352498],[-70.67592485088872,-33.44465671755502],[-70.67592387821934,-33.444656618298914],[-70.67530134813805,-33.444618954529425],[-70.67527936932487,-33.444618524011915],[-70.67525744469583,-33.444619886815936],[-70.67525500961607,-33.444620240140736],[-70.67525389861126,-33.44461960865693],[-70.67523384649705,-33.444610536440095],[-70.67521280612122,-33.444603204040725],[-70.67519099160242,-33.44459768607737],[-70.67516862493731,-33.444594038703954],[-70.67462707566781,-33.444529290780494],[-70.67462577476664,-33.444529189527806],[-70.6746244865877,-33.44452899392735],[-70.67436577813045,-33.44450061801419],[-70.67436560005301,-33.44450060589392],[-70.67436542805342,-33.44450058000929],[-70.67392598155274,-33.444452964277716],[-70.67392168067758,-33.44445268164432],[-70.67391433966276,-33.44445190883795],[-70.67390774600716,-33.444451765921904],[-70.67390333307688,-33.444451475924126],[-70.6738985285172,-33.44445156613426],[-70.67389197896253,-33.44445142417327],[-70.67388577706286,-33.44445180555396],[-70.6738806208195,-33.44445190236657],[-70.67387539580855,-33.444452443939916],[-70.67386967072498,-33.44445279599844],[-70.67386937023457,-33.44445282707857],[-70.67386368881213,-33.44445365737142],[-70.67385807453742,-33.44445423929125],[-70.67385271707596,-33.444455260799096],[-70.67384720215942,-33.444456066757716],[-70.67384154153557,-33.44445739163997],[-70.67383592230847,-33.44445846305786],[-70.67383081473648,-33.44445990227155],[-70.67382552860201,-33.44446113950289],[-70.67381995076617,-33.44446296352458],[-70.6738143882243,-33.44446453093895],[-70.67380957549697,-33.44446635636579],[-70.67380456467065,-33.44446799496751],[-70.67379913286398,-33.444470317167415],[-70.67379369012359,-33.44447238155192],[-70.67378921220946,-33.4444745584336],[-70.67378451843084,-33.444476565111735],[-70.67377929644343,-33.44447937885765],[-70.67377403738838,-33.444481935480106],[-70.67376992895117,-33.44448442631103],[-70.6737655888402,-33.44448676487755],[-70.67376064028466,-33.44449005776951],[-70.67375562882597,-33.44449309607606],[-70.67375191898003,-33.44449586114152],[-70.67374796377393,-33.44449849303313],[-70.67374335134092,-33.44450224687275],[-70.67373865065785,-33.444505750439255],[-70.67373536279867,-33.44450874836582],[-70.67373181816014,-33.444511633177385],[-70.67372760286607,-33.444515824004725],[-70.67372327463585,-33.44451977055818],[-70.6737204263451,-33.44452295886997],[-70.67371731224365,-33.4445260548953],[-70.67371355267905,-33.444530653093985],[-70.67370965630471,-33.44453501460524],[-70.67370725933071,-33.4445383502782],[-70.67370458999568,-33.444541615052216],[-70.67370134158222,-33.4445465855241],[-70.67369793342861,-33.444551328371546],[-70.67369599373944,-33.444554768379504],[-70.67369377768476,-33.44455815921452],[-70.67369109195134,-33.444563461621726],[-70.67368822459744,-33.444568546826765],[-70.67368674250542,-33.4445720486726],[-70.67368498262367,-33.44457552318227],[-70.67368290650916,-33.444581112256564],[-70.67368062802724,-33.44458649578861],[-70.67367959838094,-33.444590018013564],[-70.67367829210424,-33.4445935346189],[-70.6736768672963,-33.44459936053558],[-70.6736752205664,-33.44460499368491],[-70.67367463300687,-33.44460849635073],[-70.67367377253092,-33.4446120147616],[-70.67367303484922,-33.4446180235749],[-70.67367205691845,-33.44462385339029],[-70.6735887098595,-33.445403330220145],[-70.67358849233487,-33.44540785117749],[-70.67358800342409,-33.44541235720886],[-70.67356995116828,-33.44577573918867],[-70.67357001364161,-33.44578275508187],[-70.67356987476829,-33.445789770204556],[-70.67357009633741,-33.44579204199659],[-70.67357011663366,-33.44579432130599],[-70.67357099910814,-33.44580129828228],[-70.67357168111553,-33.44580829103643],[-70.67357199013537,-33.4458097166518],[-70.67356886200666,-33.4458152135472],[-70.67356118031115,-33.445833169635385],[-70.67355569262084,-33.44585168252726],[-70.6732269687889,-33.44726043740359],[-70.6731805205955,-33.44743448701553],[-70.67317851070182,-33.44743479334262],[-70.67315719501073,-33.44743989333035],[-70.67313657826192,-33.447446720233934],[-70.67311685900496,-33.447455208306984],[-70.67309822714631,-33.4474652758052],[-70.67308086212043,-33.44747682577363],[-70.67306493116175,-33.4474897469803],[-70.67305058769408,-33.447503914987536],[-70.6730379698532,-33.44751919335024],[-70.67302719915628,-33.447535434929904],[-70.67301837933185,-33.44755248331174],[-70.67301833907425,-33.4475525882935],[-70.67301763843345,-33.447553927728364],[-70.67301076907019,-33.44757159556637],[-70.67300599855787,-33.44758974277276],[-70.67300337284051,-33.44760819458019],[-70.67300291720652,-33.44762677328778],[-70.67300463604528,-33.44764529997239],[-70.6730085128048,-33.44766359621179],[-70.6730145101511,-33.44768148580297],[-70.67302257032756,-33.447698796459015],[-70.67303261571125,-33.44771536146847],[-70.67304454956046,-33.44773102130072],[-70.67305825694619,-33.44774562514249],[-70.67307360585913,-33.44775903235025],[-70.67309044848085,-33.44777111380464],[-70.67310862260742,-33.44778175315413],[-70.67312795321156,-33.44779084793545],[-70.67314825412821,-33.44779831056039],[-70.67316932984745,-33.447804069159396],[-70.67330223030876,-33.447834422666894],[-70.67330256329096,-33.44783448418084],[-70.67330289029239,-33.447834572611036],[-70.67442655570214,-33.448088142089134],[-70.67443233535367,-33.448091504591275],[-70.6744516975504,-33.44810055210686],[-70.67447202438483,-33.448107965103496],[-70.67449312009748,-33.448113672189564],[-70.67451478152392,-33.44811761840244],[-70.67453680005153,-33.44811976573773],[-70.67455896362844,-33.44812009351531],[-70.67458105880596,-33.44811859857853],[-70.6745948987407,-33.44811650282199],[-70.67469208560213,-33.4481266125841],[-70.67499469072911,-33.448159295359496],[-70.67533114432757,-33.44819677112066],[-70.67533246940812,-33.44819686353835],[-70.67533378002985,-33.44819705148019],[-70.67569040748407,-33.44823320019235],[-70.6756957341176,-33.44824498956407],[-70.67570557981705,-33.44826163861751],[-70.67571732478257,-33.448277398501965],[-70.67573085590423,-33.44829211744052],[-70.67574604287027,-33.44830565368126],[-70.67576273942193,-33.448317876862156],[-70.67578078476208,-33.44832866926679],[-70.6758000051037,-33.44833792695781],[-70.67582021534365,-33.448345560778165],[-70.67584122084531,-33.44835149720957],[-70.67586281931311,-33.44835567908065],[-70.6758848027407,-33.44835806611747],[-70.67590695941432,-33.44835863533147],[-70.6759290759517,-33.4483573812408],[-70.67595093935712,-33.44835431592317],[-70.67597233907274,-33.4483494688995],[-70.67599306900645,-33.448342886849595],[-70.67601292951662,-33.448334633162574],[-70.67603172933491,-33.448324787326506],[-70.67604928740822,-33.448313444162636],[-70.67606543464241,-33.448300712912456],[-70.67608001553073,-33.44828671618541],[-70.67609249181584,-33.44827205624493],[-70.67609399396909,-33.44827218302301],[-70.67609494007198,-33.448272261186204],[-70.67623353768433,-33.44828346465573],[-70.67623476040768,-33.4482835129093],[-70.67623597344816,-33.44828365039627],[-70.67693372130782,-33.44833366415071],[-70.67713718680461,-33.44834826940055],[-70.67713720626841,-33.44834826999361]],[[-70.6759693261671,-33.44549907526377],[-70.67595385776518,-33.445817721021044],[-70.6754018639562,-33.44577029111358],[-70.67549001337629,-33.44501006849448],[-70.67589038595744,-33.445034291070044],[-70.67597963456095,-33.4450403427373],[-70.6759693261671,-33.44549907526377]],[[-70.67594117782468,-33.44661018891098],[-70.67594119499547,-33.44661123326812],[-70.67594110366423,-33.44661227491437],[-70.67592891167473,-33.44703307654736],[-70.67592266209404,-33.44703531572946],[-70.67590323104848,-33.447044258537694],[-70.67588493917721,-33.44705475490727],[-70.67586796264048,-33.44706670375299],[-70.67585246493144,-33.44707999000149],[-70.67583859530158,-33.44709448569953],[-70.67582648732336,-33.447110051246156],[-70.67581625760386,-33.447126536737116],[-70.67580800466166,-33.44714378340861],[-70.67580180797819,-33.447161625166125],[-70.67579772723207,-33.447179890184046],[-70.67579580172443,-33.44719840256041],[-70.67579605000037,-33.447216984010986],[-70.67579846967018,-33.44723545558622],[-70.67580303743252,-33.44725363939453],[-70.67580970929855,-33.44727136031565],[-70.67581842101566,-33.44728844768709],[-70.6758290886862,-33.44730473694765],[-70.67584160957534,-33.44732007122233],[-70.67585586310057,-33.44733430283313],[-70.67587171199278,-33.44734729472132],[-70.67588900361842,-33.44735892176728],[-70.67590757144936,-33.44736907199574],[-70.6759207588526,-33.44737482279277],[-70.67591631475018,-33.44761347156484],[-70.67589626887727,-33.44787188539704],[-70.67585312765969,-33.44786822135689],[-70.67576286444553,-33.447859072205944],[-70.67576398648214,-33.44785496631123],[-70.67576679469744,-33.44783653341637],[-70.67576743415512,-33.44781795853531],[-70.67576589869826,-33.44779942055433],[-70.6757622031155,-33.44778109800414],[-70.67575638299861,-33.44776316734073],[-70.67574849439968,-33.44774580124588],[-70.67573861329124,-33.44772916696409],[-70.67572683483455,-33.44771342469218],[-70.67571644403438,-33.44770216332914],[-70.67572148530876,-33.447697262915966],[-70.67573424706556,-33.44768206879473],[-70.6757451708233,-33.44766589922578],[-70.67575415138101,-33.44764890993143],[-70.67576110225194,-33.44763126452825],[-70.67576595649658,-33.44761313295141],[-70.67576866736715,-33.44759468981814],[-70.67576920875787,-33.447576112745956],[-70.67576757545622,-33.44755758064223],[-70.67576378319315,-33.447539271981114],[-70.6757578684915,-33.447521363084796],[-70.6757498883143,-33.44750402642542],[-70.67573991951595,-33.44748742896404],[-70.67573336151499,-33.44747874953904],[-70.67573862249196,-33.447473863628666],[-70.67575179112288,-33.447458915506196],[-70.67576314856292,-33.44744295731646],[-70.67577258543442,-33.44742614274609],[-70.67578001085606,-33.44740863372897],[-70.67578535331809,-33.44739059888686],[-70.67578856137095,-33.447372211905346],[-70.67578960412065,-33.44735364986126],[-70.67578847152635,-33.44733509151725],[-70.6757851744969,-33.447316715600195],[-70.67577974478583,-33.44729869908001],[-70.6757722346854,-33.44728121546533],[-70.67576271652305,-33.447264433132524],[-70.67575128196466,-33.447248513704146],[-70.67573804113196,-33.44723361049249],[-70.67572312154171,-33.44721986702307],[-70.67570666687779,-33.44720741565242],[-70.67568883560745,-33.44719637629346],[-70.67566979945508,-33.44718685526076],[-70.67564974174853,-33.44717894424655],[-70.6756288556536,-33.447172719437845],[-70.67560734231365,-33.44716824078258],[-70.67558540891267,-33.44716555141246],[-70.67512529669297,-33.447128350047116],[-70.67533071467057,-33.446243552601125],[-70.67595398972423,-33.44630609789956],[-70.67594117782468,-33.44661018891098]],[[-70.67477966529287,-33.445707659421814],[-70.67477531315716,-33.445707238472856],[-70.67402970444876,-33.445622549987775],[-70.67403913663136,-33.44543266530124],[-70.67410124857693,-33.444853819906115],[-70.67430746788953,-33.444876164338716],[-70.67435214531233,-33.44488106472534],[-70.67434791006546,-33.444923553260885],[-70.67434715027636,-33.44494212497359],[-70.6743485655388,-33.44496066969088],[-70.6743521422244,-33.444979008816844],[-70.67435784588899,-33.44499696573547],[-70.67436562160438,-33.445014367511455],[-70.67437539448716,-33.44503104655582],[-70.67438707041994,-33.44504684223975],[-70.67440053695769,-33.44506160244164],[-70.67441566441057,-33.445075185012094],[-70.67443230709304,-33.445087459143025],[-70.67445030472669,-33.44509830662721],[-70.674469483984,-33.44510762299692],[-70.67448966015749,-33.44511531853],[-70.67451063893866,-33.44512131911382],[-70.67453221828922,-33.44512556695914],[-70.67455419038698,-33.44512802115671],[-70.67457634362728,-33.445128658071134],[-70.67459846466089,-33.445127471568604],[-70.67462034044883,-33.44512447307587],[-70.67464176031399,-33.44511969147032],[-70.67466251797019,-33.44511317280172],[-70.67468241350883,-33.44510497984883],[-70.6747012553242,-33.44509519151475],[-70.67471886195875,-33.44508390206702],[-70.67473506385065,-33.445071220229764],[-70.67474970496677,-33.445057268136544],[-70.67476264430537,-33.445042180154246],[-70.67477375725407,-33.44502610158892],[-70.67478293678985,-33.445009187286416],[-70.67479009450966,-33.4449916001411],[-70.6747951614819,-33.444973509527095],[-70.67479808891011,-33.44495508966715],[-70.67480033529732,-33.44493255245671],[-70.67489260978176,-33.444943584822056],[-70.6747870339575,-33.44569237046573],[-70.67477966529287,-33.445707659421814]],[[-70.67366849522782,-33.44734063062519],[-70.67366901282602,-33.4473381179585],[-70.67366974251604,-33.44733564256237],[-70.6739581687943,-33.446099559127184],[-70.67473552515776,-33.44618748790193],[-70.67445262154229,-33.44746715032555],[-70.67445261219083,-33.447467208405165],[-70.67445259613562,-33.447467265445034],[-70.67440336648097,-33.44769071412402],[-70.67362211852466,-33.447514415683266],[-70.67366849522782,-33.44734063062519]]]}},{"type":"Feature","properties":{"numpos":"460","TIPO":"DESCARGO","TENSION":"MT","INCIDENCIA":"DF202671823184","CLITOTAL":"2207","CANTAVISOS":"","FECHA_INICIO":"","FECHA_FIN":"","DESCARGO":"DF202671823184(TP20267213818410)","ESTADODESC":"789","ESTADOINC":" ","CLI_PLAN":"1","FECHA_INIDESC":"10-10-2026 11:30","FECHA_FINDESC":"10-10-2026 17:30","FECHA_REPOSICION":"10-10-2026 17:30","id_alim":"313"},"geometry":{"type":"Polygon","coordinates":[[[-70.67589976872091,-33.44990250591377],[-70.67591506569082,-33.44988905678129],[-70.67592871644253,-33.449874415516376],[-70.67594058951221,-33.449858723122944],[-70.67595057055637,-33.44984213072785],[-70.67595856345294,-33.44982479812538],[-70.67596449122703,-33.44980689223824],[-70.67596829679215,-33.44978858551028],[-70.67596994349995,-33.44977005424538],[-70.6759694154931,-33.449751476909796],[-70.675966717858,-33.4497330324134],[-70.67596187657567,-33.44971489838653],[-70.67595493827154,-33.449697249469544],[-70.67594596976633,-33.44968025563077],[-70.6759350574326,-33.44966408052972],[-70.67592230636271,-33.44964887994094],[-70.67590783935685,-33.44963480025383],[-70.67589179574041,-33.44962197706295],[-70.675874330022,-33.44961053386201],[-70.67585561040569,-33.4496005808548],[-70.67583581717098,-33.44959221389369],[-70.67581514093666,-33.44958551355667],[-70.6757937808251,-33.44958054437126],[-70.67577194254467,-33.44957735419321],[-70.67577071280571,-33.44957727740059],[-70.675749825419,-33.44957161327114],[-70.67561125232702,-33.44953398007273],[-70.67546623628807,-33.44948821576762],[-70.67545939726197,-33.44948637321967],[-70.67545263829213,-33.4494843336191],[-70.67534169542243,-33.449455926464424],[-70.67521631243223,-33.449423203571456],[-70.67521376200584,-33.44942241495527],[-70.67508667345254,-33.44938895796305],[-70.67508460455988,-33.44938842242918],[-70.67493542845621,-33.4493504635594],[-70.6748152875419,-33.44931883627517],[-70.67481638493012,-33.44931446358302],[-70.67481880505339,-33.44929555464829],[-70.6748189504311,-33.449276537581305],[-70.67481681959839,-33.44925760419835],[-70.67481243404941,-33.44923894547159],[-70.67480583802057,-33.44922074960268],[-70.67479709804412,-33.44920320012456],[-70.6747863022772,-33.4491864740502],[-70.67477355961245,-33.44917074008728],[-70.67475899857973,-33.4491561569364],[-70.6747427660497,-33.44914287169045],[-70.67472502575225,-33.44913101835094],[-70.67470595662519,-33.44912071647644],[-70.67468774810686,-33.44911292458602],[-70.67478516144008,-33.448649682827785],[-70.67487341388915,-33.448235365877665],[-70.67586596251608,-33.448348554507255],[-70.67586785454418,-33.448348691428855],[-70.67588195109377,-33.44835023262684],[-70.67590410716099,-33.44835081814132],[-70.6759262250008,-33.44834958032232],[-70.67594809160494,-33.44834653109081],[-70.6759694963848,-33.44834169981281],[-70.67599023319941,-33.44833513301647],[-70.67601010234098,-33.44832689394403],[-70.67602891245798,-33.44831706194279],[-70.67604648239814,-33.448305731700785],[-70.676062642953,-33.44829301233503],[-70.67607723848758,-33.448279026340536],[-70.67609012843913,-33.44826390841063],[-70.67610118867088,-33.448247804139775],[-70.67611031266748,-33.44823086862139],[-70.67611741256077,-33.448213264954134],[-70.6761224199761,-33.44819516267133],[-70.67612528669055,-33.44817673610804],[-70.67612598509746,-33.448158162722194],[-70.67612450847214,-33.44813962138573],[-70.67612087103674,-33.448121290661675],[-70.67611510782298,-33.448103347084725],[-70.67610727433495,-33.44808596346098],[-70.67609744601445,-33.44806930720387],[-70.67608571751437,-33.448053538721744],[-70.67607220178712,-33.44803880987317],[-70.67605702899685,-33.44802526250447],[-70.67604034526589,-33.44801302708361],[-70.67602231126743,-33.448002221443836],[-70.67600310067824,-33.44799294964883],[-70.67598289850606,-33.44798530099057],[-70.67596189930791,-33.447979349129426],[-70.67595010286067,-33.44797705597013],[-70.67594864702268,-33.447976701773996],[-70.67594678012236,-33.447976410049314],[-70.67594030531639,-33.447975151384746],[-70.67593657651442,-33.447974586525795],[-70.67593169494693,-33.44797405281569],[-70.67592685539748,-33.447973296579555],[-70.67474385923784,-33.44783838851734],[-70.67474168128672,-33.44783519500031],[-70.67472884598394,-33.44782004445761],[-70.6747143010402,-33.44780602151913],[-70.6746981865314,-33.447793261232896],[-70.67468065764893,-33.44778188648684],[-70.67466188320513,-33.44777200682545],[-70.6746420440075,-33.4477637173948],[-70.67462133111749,-33.447757098026166],[-70.67459994401047,-33.447752212467364],[-70.67457808865474,-33.44774910776873],[-70.67455597552805,-33.44774781383004],[-70.67453381759047,-33.44774834311265],[-70.67451182823368,-33.447750690519285],[-70.67449021922587,-33.447754833443376],[-70.6744691986724,-33.44776073198656],[-70.67444896901159,-33.44776832934304],[-70.67442972506528,-33.44777755234656],[-70.67441165216248,-33.44778831217507],[-70.67439492435476,-33.44780050520611],[-70.6743797027399,-33.44781401401469],[-70.6743661339105,-33.447828708504154],[-70.67435434854217,-33.44784444715912],[-70.67434446013516,-33.44786107840818],[-70.67433656392107,-33.44787844208379],[-70.67433073594584,-33.4478963709646],[-70.67432703233726,-33.44791469238593],[-70.67430754574248,-33.448051576192555],[-70.67430754572669,-33.448051576382184],[-70.6743075456888,-33.44805157656957],[-70.67427459972552,-33.44828300896918],[-70.67425007987971,-33.44845524829709],[-70.67420661156774,-33.44869152510796],[-70.67416349379938,-33.44890900518996],[-70.67416349047218,-33.44890902920843],[-70.67416348614559,-33.44890904593222],[-70.67412775308435,-33.44908951945204],[-70.67411777947964,-33.449138331992586],[-70.6740414449035,-33.44911828841037],[-70.67404042432955,-33.4491180658864],[-70.67403943133456,-33.44911776832814],[-70.6738982647232,-33.44908190992695],[-70.67370012072651,-33.44902906609413],[-70.67367869241257,-33.44902430810431],[-70.6736568109558,-33.44902133372023],[-70.67363468708533,-33.44902017158664],[-70.6736125338647,-33.44902083289554],[-70.67359056464014,-33.44902331127822],[-70.673568990986,-33.44902758286671],[-70.67354802066716,-33.449033606523564],[-70.67352785563816,-33.44904132423805],[-70.67350869009839,-33.44905066168485],[-70.67349070862184,-33.44906152893974],[-70.67347408437956,-33.449073821345664],[-70.67345897747197,-33.44908742052061],[-70.67344553338701,-33.44910219549771],[-70.673433881599,-33.44911800398634],[-70.67342413432164,-33.449134693742636],[-70.67341638542747,-33.44915210403553],[-70.67341070954363,-33.449170067194736],[-70.67340716133326,-33.44918841022545],[-70.67340577496884,-33.449206956474406],[-70.67340656380327,-33.449225527331116],[-70.67340952024095,-33.449243943947984],[-70.67341461581114,-33.449262028962764],[-70.67342180144192,-33.44927960820655],[-70.67343100793279,-33.44929651238124],[-70.67344214662107,-33.44931257868991],[-70.67345511023576,-33.44932765240473],[-70.67346977393058,-33.44934158835703],[-70.67348599648619,-33.44935425233537],[-70.67350362167045,-33.44936552237818],[-70.67352247974269,-33.44937528994822],[-70.67354238908877,-33.449383460977955],[-70.67356315796987,-33.44938995677553],[-70.67376278510433,-33.449443196142035],[-70.67376429193385,-33.449443530718916],[-70.67376576044684,-33.449443970771505],[-70.6739074123631,-33.44947995244074],[-70.67405806838094,-33.44951951094198],[-70.6740590161853,-33.44951971759816],[-70.67405993815773,-33.44951999445239],[-70.6741755282128,-33.44954942610665],[-70.67417741142182,-33.44954982214554],[-70.67417924401718,-33.449550342897496],[-70.67436509457922,-33.44959476073987],[-70.67446247869498,-33.449624405171036],[-70.67448362944437,-33.44962987638536],[-70.67450531743636,-33.44963358599436],[-70.67450553070081,-33.449633604518425],[-70.67466242582326,-33.44967554202793],[-70.67466290152797,-33.44967564793218],[-70.67466337004771,-33.44967579280077],[-70.67480110574732,-33.44971205194358],[-70.6748021533556,-33.44971228104996],[-70.67480317267237,-33.44971258696235],[-70.67495234836265,-33.44975054571977],[-70.67507598775599,-33.44978309469021],[-70.67507881490215,-33.44978396222744],[-70.6752079823577,-33.449817672798495],[-70.67520857029223,-33.449817800080126],[-70.67520914162586,-33.44981797248748],[-70.67531379235072,-33.44984476852315],[-70.67545702615486,-33.449889970382955],[-70.6754669929151,-33.449892894617136],[-70.67561063723048,-33.44993190503865],[-70.67566817779309,-33.44994750858573],[-70.67567807606207,-33.44994974949513],[-70.67568805034435,-33.4499520698969],[-70.67568882587366,-33.44995218318773],[-70.67568957855407,-33.44995235358999],[-70.67569969001225,-33.4499537702416],[-70.67570988871697,-33.44995526008671],[-70.67571067384596,-33.44995530911517],[-70.67571144277392,-33.449955416844624],[-70.6757216704881,-33.44995599581488],[-70.67573199494925,-33.44995664053849],[-70.67573278208086,-33.44995662481875],[-70.67573355988688,-33.449956668848685],[-70.67574380584038,-33.44995640466389],[-70.67575415614478,-33.449956197957654],[-70.67575493766122,-33.44995611763664],[-70.67575571689171,-33.44995609754462],[-70.67576588289883,-33.449954992730234],[-70.67577615887772,-33.44995393660658],[-70.67577692721565,-33.44995379246253],[-70.67577770040299,-33.449953708434506],[-70.67578768903059,-33.4499517734916],[-70.6757977912484,-33.449949878263496],[-70.67579853897371,-33.44994967169831],[-70.6757992987061,-33.44994952452696],[-70.6758090141809,-33.4499467778368],[-70.67581884492401,-33.44994406201277],[-70.67582527208234,-33.449941988197445],[-70.67584554430233,-33.44993447005208],[-70.67586483983426,-33.44992532241743],[-70.67588297285086,-33.449914633390755],[-70.67589976872091,-33.44990250591377]]]}},{"type":"Feature","properties":{"numpos":"30217","TIPO":"DESCARGO","TENSION":"MT","INCIDENCIA":"DF202671820895","CLITOTAL":"203","CANTAVISOS":"","FECHA_INICIO":"","FECHA_FIN":"","DESCARGO":"DF202671820895(TP20267213818366)","ESTADODESC":"789","ESTADOINC":" ","CLI_PLAN":"1","FECHA_INIDESC":"10-10-2026 09:30","FECHA_FINDESC":"10-10-2026 15:30","FECHA_REPOSICION":"10-10-2026 15:30","id_alim":""},"geometry":{"type":"Polygon","coordinates":[[[-70.78235426068433,-33.52285429982948],[-70.78234128552212,-33.52283906145219],[-70.78232657755257,-33.522824970451545],[-70.78231028048697,-33.52281216450974],[-70.7822925535634,-33.52280076875272],[-70.78227356999074,-33.52279089452761],[-70.7822535152563,-33.52278263831469],[-70.78223258531351,-33.522776080784745],[-70.7822193263385,-33.52277313764249],[-70.78223435133683,-33.52243341763898],[-70.78223443110073,-33.52243166212247],[-70.78223441204878,-33.52243021801506],[-70.7822345358882,-33.522428777549145],[-70.78223457918719,-33.522427186947326],[-70.78224406454693,-33.52211014906759],[-70.78228539634055,-33.522093976208374],[-70.78230657884373,-33.522089488808575],[-70.7823274496062,-33.52208318880805],[-70.78234748262172,-33.522075205730516],[-70.78236648496451,-33.522065616456274],[-70.78238427363472,-33.52205451333391],[-70.78240067732091,-33.522042003290984],[-70.78241553804975,-33.52202820680415],[-70.78242871270741,-33.52201325673896],[-70.78244007441779,-33.5219972970703],[-70.78244951376436,-33.521980481495916],[-70.78245693984383,-33.52196297195603],[-70.78246228114156,-33.521944937073975],[-70.78246548622023,-33.52192655053224],[-70.78246652421518,-33.521907989399786],[-70.78246538513154,-33.521889432426775],[-70.78246207994046,-33.5218710583233],[-70.7824566404734,-33.52185304403818],[-70.78244911911555,-33.52183556305499],[-70.78243958830122,-33.52181878372127],[-70.78242813981635,-33.521802867627486],[-70.78241488391446,-33.52178796805059],[-70.78239994825485,-33.52177422847821],[-70.78238347667325,-33.52176178122662],[-70.78236562779657,-33.521750746166695],[-70.78234657351524,-33.52174122956936],[-70.782326497328,-33.521733323082294],[-70.78230559257463,-33.52172710284733],[-70.78228406057409,-33.52172262876719],[-70.78226210868581,-33.521719943928574],[-70.78223994831288,-33.521719074187345],[-70.78222695677619,-33.521719098809236],[-70.78171672633118,-33.52170350780209],[-70.78169495250594,-33.52170284318684],[-70.78145850776531,-33.5216770849452],[-70.78144581114726,-33.52167627435961],[-70.78144041673583,-33.52167578629284],[-70.78143828281614,-33.521675681585144],[-70.78143305252198,-33.52167547582027],[-70.78098296420535,-33.52166214145726],[-70.78098165649432,-33.521662077877416],[-70.78097038302101,-33.52166176586386],[-70.78063311281682,-33.521659482453785],[-70.78033281859555,-33.52163987809932],[-70.78032748110368,-33.52163974975815],[-70.78032152150483,-33.521639236064054],[-70.78031828535612,-33.52163909101425],[-70.7803161200066,-33.52163899395945],[-70.78031610273199,-33.52163899240201],[-70.78031395782533,-33.521638887832836],[-70.78030947853486,-33.521638706775775],[-70.77991295713977,-33.52162597879665],[-70.77990848432682,-33.52162563375311],[-70.77990361953974,-33.521625459435505],[-70.77989877360163,-33.52162506094359],[-70.77947091356792,-33.521607566208644],[-70.779447850585,-33.52160760968783],[-70.77942491291024,-33.52160962110265],[-70.77940233927823,-33.52161357951845],[-70.7793803646348,-33.52161944373615],[-70.77935921769152,-33.521627152721265],[-70.77933911854555,-33.52163662623881],[-70.77932027638873,-33.521647765688726],[-70.77930288733046,-33.52166045513181],[-70.77928713235652,-33.521674562496536],[-70.77918954856403,-33.52177140367754],[-70.77918963923254,-33.521771467773156],[-70.77918881606784,-33.52177231965149],[-70.77918508779426,-33.52177581546388],[-70.7791818418146,-33.5217795371796],[-70.77917837994337,-33.52178311980675],[-70.779175302493,-33.52178703491357],[-70.77917200126512,-33.52179081997359],[-70.77916920644506,-33.52179479025407],[-70.77916618049626,-33.521798639839844],[-70.77916357602545,-33.52180278874454],[-70.7791607336361,-33.52180682659997],[-70.77915841689146,-33.521811007209365],[-70.7791558560068,-33.52181508668032],[-70.77915374959821,-33.521819429426664],[-70.77915139342134,-33.52182368119095],[-70.77914957706383,-33.52182803186782],[-70.77914750590627,-33.52183230193648],[-70.77914591784605,-33.52183679670159],[-70.77914407057317,-33.52184122142799],[-70.77914277209555,-33.521845700273055],[-70.77914121061174,-33.521850119816385],[-70.7791401561941,-33.52185472331328],[-70.77913883561571,-33.52185927838936],[-70.77913806752338,-33.52186384226897],[-70.77913703075156,-33.52186836872442],[-70.77913652013142,-33.521873036618935],[-70.77913573896573,-33.52187767817688],[-70.77913550865618,-33.52188228313838],[-70.77913500658134,-33.52188687291378],[-70.7791350446766,-33.521891560251575],[-70.77913481044706,-33.52189624359065],[-70.77913482592024,-33.52189803816009],[-70.77913486257208,-33.521900344185084],[-70.77914164053308,-33.52219291408732],[-70.77914164595863,-33.522193553538116],[-70.77914183803144,-33.522196413393814],[-70.77914179787672,-33.522199277573336],[-70.77914183994442,-33.52220022062227],[-70.77915218763894,-33.52250576573951],[-70.77915221350382,-33.52250648168863],[-70.77915222165136,-33.522506693935135],[-70.77915220953842,-33.52250699882217],[-70.77915769424838,-33.522797290981],[-70.77915770254911,-33.52279826923074],[-70.77915776638757,-33.52279921973535],[-70.77915773009602,-33.5228001712573],[-70.77915776702731,-33.52280197442873],[-70.77915787844927,-33.5228054998355],[-70.77917052835191,-33.5231015060243],[-70.77917057919304,-33.52310398829774],[-70.77917076787402,-33.52310637055563],[-70.77917074868375,-33.523108757995416],[-70.77917221923258,-33.52313782054411],[-70.77917839543043,-33.52334847775273],[-70.77917854505147,-33.52335388056872],[-70.7791801471708,-33.52337241374462],[-70.77918391044506,-33.52339072615081],[-70.77918979863313,-33.52340864142856],[-70.7791977550297,-33.52342598704366],[-70.77920770301131,-33.5234425959479],[-70.77921954677427,-33.52345830818796],[-70.77923317225722,-33.523472972445866],[-70.77924844823958,-33.523486447496225],[-70.77926522760531,-33.52349860356633],[-70.7792833487597,-33.52350932358606],[-70.77930263718562,-33.523518504315206],[-70.7793229071242,-33.523526057337875],[-70.77934396336389,-33.52353190991391],[-70.77936560312045,-33.52353600567953],[-70.77938761798991,-33.523538305190066],[-70.77940979595569,-33.52353878629982],[-70.77943192343042,-33.523537444375535],[-70.7794537873131,-33.52353429234076],[-70.7794751770413,-33.52352936055157],[-70.77949588661903,-33.5235226965041],[-70.77951571660078,-33.52351436437722],[-70.77953447601219,-33.523504444414314],[-70.77955198418931,-33.523493032150625],[-70.77956807251854,-33.52348023749305],[-70.77958258606047,-33.52346618366168],[-70.77959538504199,-33.52345100600319],[-70.77960634620243,-33.523434850687266],[-70.77961536398061,-33.52341787329885],[-70.77962235153133,-33.523400237339935],[-70.77962724156184,-33.52338211265471],[-70.77962998697976,-33.52336367379401],[-70.77963056134651,-33.52334509833425],[-70.77963040812983,-33.523339566718214],[-70.77963039700784,-33.5233394380678],[-70.77963040078538,-33.523339309119386],[-70.77962464724106,-33.523143102600955],[-70.77964055791247,-33.523107266847056],[-70.77967643083667,-33.523107563662755],[-70.77967740478043,-33.52328881848174],[-70.77967740885842,-33.52329040033031],[-70.77967756257165,-33.523292910393685],[-70.77967750136936,-33.52329542323387],[-70.7796781305147,-33.523302184629095],[-70.77967854528485,-33.5233089576238],[-70.77967899200114,-33.52331144298131],[-70.7796792251617,-33.52331394874592],[-70.77968064253814,-33.5233206259329],[-70.77968184792924,-33.523327332262845],[-70.7796825833466,-33.5233297689791],[-70.77968310862474,-33.52333224353624],[-70.77968530058267,-33.52333877220993],[-70.77968728498661,-33.52334534728938],[-70.77968830202275,-33.52334771189743],[-70.77968911435988,-33.52335013141572],[-70.77969205979002,-33.52335644870135],[-70.77969480409631,-33.523362829208565],[-70.77969609295677,-33.523365098935905],[-70.77969718452984,-33.52336744011398],[-70.77970085506642,-33.5233734851725],[-70.77970433284624,-33.52337960965953],[-70.77970588111873,-33.52338176264736],[-70.7797072414154,-33.5233840029384],[-70.77971160170942,-33.523389717552334],[-70.7797157794702,-33.523395527036925],[-70.77971757224408,-33.52339754255077],[-70.77971918816404,-33.523399660379404],[-70.77972419622371,-33.52340498951375],[-70.77972903373153,-33.52341042804714],[-70.77973105374143,-33.52341228667636],[-70.77973290972258,-33.52341426164674],[-70.7797385173177,-33.523419153978836],[-70.77974396798476,-33.52342416918475],[-70.77974619577697,-33.523425853029714],[-70.77974633173254,-33.52342597164376],[-70.77975513221075,-33.52368550069105],[-70.77975684944495,-33.52370402662921],[-70.77976072644115,-33.52372232238263],[-70.77976672586307,-33.52374021175293],[-70.77977478993417,-33.52375752245537],[-70.77978484099401,-33.52377408777799],[-70.77979678224617,-33.523789748187205],[-70.7798104986904,-33.523804352864175],[-70.77982585823011,-33.523817761157275],[-70.77984271294453,-33.52382984393677],[-70.7798609005133,-33.523840484838296],[-70.77988024577965,-33.52384958138367],[-70.77990056243735,-33.523857045967674],[-70.77992165482485,-33.52386280670195],[-70.77994331980977,-33.52386680810712],[-70.77996534874522,-33.52386901164729],[-70.77998752947914,-33.52386939610107],[-70.7800096483975,-33.523867957765994],[-70.78003149248168,-33.523864710494124],[-70.78005285135995,-33.52385968555872],[-70.78007351933343,-33.523852931353005],[-70.7800932973573,-33.52384451292405],[-70.78009973022496,-33.523841071904144],[-70.78009981941648,-33.523851639756245],[-70.78010214998815,-33.52387011862723],[-70.7801066318648,-33.52388831718818],[-70.7801132218847,-33.52390606017675],[-70.78012185658355,-33.52392317671792],[-70.78013245280536,-33.52393950196959],[-70.78014490850344,-33.52395487871014],[-70.7801591037231,-33.52396915885264],[-70.78017490175678,-33.52398220487086],[-70.78019215046072,-33.52399389112403],[-70.7802106837201,-33.52400410506654],[-70.78023032304894,-33.52401274833201],[-70.78025087930892,-33.52401973768069],[-70.78027215453098,-33.52402500580091],[-70.7802939438219,-33.52402850195753],[-70.7803160373376,-33.52403019248049],[-70.78033822230405,-33.524030061089036],[-70.78036028506651,-33.52402810904863],[-70.78038201314716,-33.52402435515866],[-70.78040319729148,-33.52401883557139],[-70.78042363348341,-33.5240116034438],[-70.78044312491038,-33.52400272842574],[-70.78046148385853,-33.52399229598894],[-70.78047853352074,-33.52398040660404],[-70.78049410969919,-33.52396717477289],[-70.78050806238689,-33.52395272792582],[-70.78052025721213,-33.52393720519444],[-70.78053057673273,-33.52392075607162],[-70.78053892156684,-33.52390353897189],[-70.78054521135024,-33.52388571970565],[-70.78054938551003,-33.5238674698825],[-70.78055140384811,-33.52384896525833],[-70.78056725152592,-33.523533224407565],[-70.78074648515393,-33.52353683842291],[-70.78076976290689,-33.52353730023844],[-70.78079194113874,-33.52353682820711],[-70.78081395733507,-33.523534537709516],[-70.78083559946653,-33.52353045080455],[-70.78085665910632,-33.523524606851666],[-70.78087693343753,-33.52351706213172],[-70.78089622720634,-33.52350788930493],[-70.78091435460257,-33.52349717671113],[-70.7809311410491,-33.52348502751903],[-70.78094398617428,-33.523473707830355],[-70.7809620299019,-33.523466698454065],[-70.78098114407062,-33.523457265558406],[-70.78099906229727,-33.52344630889155],[-70.78101561201912,-33.5234339339728],[-70.78103063385322,-33.523420259979915],[-70.78104398313124,-33.52340541860153],[-70.78105553129282,-33.52338955276875],[-70.78106516712349,-33.52337281527873],[-70.78107279782587,-33.52335536732303],[-70.7810783499132,-33.52333737693537],[-70.78108176991711,-33.523319017373254],[-70.78108302490241,-33.52330046544942],[-70.7810844487466,-33.523141694883684],[-70.78117541906852,-33.523145540192985],[-70.78118975245332,-33.52314614849061],[-70.78120215717965,-33.52314638936468],[-70.7816610263002,-33.52314474850806],[-70.78166347567797,-33.523144739804806],[-70.78175788802093,-33.52314848902025],[-70.78175747913858,-33.52316762659924],[-70.78175778502666,-33.52317590030142],[-70.78175796364009,-33.52318385823114],[-70.78175812060356,-33.52318497702798],[-70.78175816246262,-33.52318610923738],[-70.78175943848531,-33.52319437056217],[-70.78176055277223,-33.52320231292115],[-70.78176082843133,-33.523203369456354],[-70.78176099500678,-33.523204447911624],[-70.78176324129144,-33.52321261736905],[-70.78176528911679,-33.52322046618947],[-70.7817656705204,-33.523221452170134],[-70.78176594975751,-33.523222467720345],[-70.78176915721296,-33.52323046574725],[-70.78177212706146,-33.52323814321013],[-70.78177260050937,-33.5232390518591],[-70.7817729794611,-33.52323999680291],[-70.78177712978501,-33.52324774451825],[-70.78178100075426,-33.52325517374347],[-70.78178155202563,-33.523255999838725],[-70.78178201707422,-33.52325686797886],[-70.78178708285411,-33.52326428793579],[-70.78179182473765,-33.52327139377587],[-70.78179243932121,-33.52327213366683],[-70.7817929764033,-33.52327292034225],[-70.78179892131173,-33.523279937269145],[-70.78180449477156,-33.52328664709917],[-70.7818051580939,-33.52328729870047],[-70.78180575292659,-33.52328800079639],[-70.78181253201109,-33.52329454231787],[-70.78181888883712,-33.52330078681512],[-70.78181958648666,-33.523301349578254],[-70.78182022479093,-33.52330196551388],[-70.78182778485872,-33.523307962842665],[-70.78183486831195,-33.52331367675004],[-70.78183558625477,-33.52331415161343],[-70.78183625397402,-33.523314681308484],[-70.78184453407061,-33.52332006989756],[-70.78185227930497,-33.52332519276636],[-70.7818530040908,-33.523325582085384],[-70.78185368760053,-33.52332602690527],[-70.7818626195816,-33.5233307470493],[-70.78187095413858,-33.523335223958114],[-70.78187167309325,-33.523335531415505],[-70.78187235940037,-33.52333589409733],[-70.7818818685985,-33.52333989147197],[-70.78189071296346,-33.52334367371901],[-70.78189141436586,-33.52334390421804],[-70.78189209129437,-33.523344188777855],[-70.78190209728258,-33.523347414900904],[-70.78191136549064,-33.523350460672894],[-70.78191203873193,-33.5233506202143],[-70.78191269509261,-33.52335083183749],[-70.7819231125482,-33.523353244432435],[-70.78193271282409,-33.523355519457326],[-70.78193334854721,-33.523355615002544],[-70.78193397428952,-33.523355759919106],[-70.78194471397474,-33.52335732315501],[-70.78195454937631,-33.52335880135327],[-70.78195513959346,-33.5233588406754],[-70.78195572593775,-33.52335892602182],[-70.78196669581324,-33.52335961058683],[-70.78197666484822,-33.523360274754154],[-70.78197720303645,-33.5233602662795],[-70.781977742584,-33.5233602999494],[-70.78198884910547,-33.52336008289284],[-70.78199884625454,-33.52335992547026],[-70.78199932742632,-33.52335987811237],[-70.78199981424757,-33.52335986859828],[-70.78201096393444,-33.52335873282339],[-70.78202087997501,-33.523357756865465],[-70.78202130072468,-33.52335767985417],[-70.78202173042301,-33.52335763608243],[-70.78203283187322,-33.52335556926683],[-70.78204255381168,-33.52335378982478],[-70.78204291233645,-33.523353692532844],[-70.78204328208786,-33.523353623694206],[-70.7820542488223,-33.523350616179236],[-70.78206365903262,-33.523348062553225],[-70.78206395512831,-33.52334795432291],[-70.7820642636962,-33.52334786970127],[-70.782075018701,-33.52334391031223],[-70.7820839923821,-33.52334063020786],[-70.782084227414,-33.52334052018002],[-70.78208447513906,-33.523340428981506],[-70.78209495934843,-33.523335496131146],[-70.78210335803811,-33.52333156436664],[-70.78210353488741,-33.52333146131454],[-70.78210372365298,-33.52333137249977],[-70.78211391512738,-33.52332541262974],[-70.78212156949827,-33.52332095233901],[-70.78212169248455,-33.523320864509685],[-70.78212182565844,-33.52332078663093],[-70.78213179508292,-33.52331364984685],[-70.78213845137601,-33.52330889632505],[-70.78213852615798,-33.52330883128981],[-70.78213860851073,-33.52330877233616],[-70.78214875610136,-33.523299934667726],[-70.78215384108961,-33.52329551243126],[-70.7821538745447,-33.523295476947965],[-70.78215391214665,-33.52329544419997],[-70.78216755063545,-33.523280971757124],[-70.7821675904279,-33.52328092955228],[-70.7823489239794,-33.52306788748431],[-70.78234957095256,-33.523067042529696],[-70.78235030368761,-33.52306624821259],[-70.78235555780992,-33.52305922362215],[-70.7823609004731,-33.52305224603851],[-70.78236144544913,-33.52305135203864],[-70.78236208170004,-33.52305050139164],[-70.78236648846202,-33.52304307928339],[-70.78237098883962,-33.52303569668679],[-70.78237142657021,-33.52303476225133],[-70.78237196020952,-33.5230338634667],[-70.78237547717208,-33.523026115319695],[-70.78237909192335,-33.52301839880889],[-70.78237941819293,-33.52301743293705],[-70.78237984408148,-33.52301649467055],[-70.78238243737479,-33.52300849510386],[-70.78238513168822,-33.52300051899317],[-70.78238534335472,-33.5229995309868],[-70.78238565739102,-33.52299856227451],[-70.78238730204068,-33.522990388328715],[-70.7823890499692,-33.52298222943233],[-70.7823891449942,-33.52298122880649],[-70.78238934415398,-33.522980238977624],[-70.78239002432176,-33.52297196937215],[-70.7823908090324,-33.522963706264974],[-70.7823907865009,-33.5229627026562],[-70.7823908688662,-33.52296170124342],[-70.7823905780023,-33.522953415619185],[-70.78239039193853,-33.52294512787937],[-70.78239025206751,-33.52294413095298],[-70.7823902168452,-33.5229431276004],[-70.78238895775146,-33.522934905752514],[-70.78238780270574,-33.52292667319546],[-70.78238754684239,-33.52292569255242],[-70.78238739437174,-33.52292469692286],[-70.78238517917448,-33.5229166180321],[-70.78238306627118,-33.52290851994177],[-70.7823826968796,-33.52290756502617],[-70.78238242862908,-33.52290658670808],[-70.78237927866246,-33.52289872857848],[-70.78237622825047,-33.52289084294376],[-70.78237574888821,-33.52288992295198],[-70.78237536744125,-33.52288897136706],[-70.78237131304166,-33.522881409676515],[-70.78236735449863,-33.52287381244024],[-70.78236735416493,-33.52287381194019],[-70.78236735412051,-33.52287381185492],[-70.78236676973908,-33.52287293615171],[-70.78236627881246,-33.522872020544774],[-70.78236537625874,-33.52287053669017],[-70.78235713755404,-33.52285850216208],[-70.78235653047564,-33.52285759244379],[-70.78235653035883,-33.522857592303176],[-70.7823565300705,-33.522857591871116],[-70.78235644083159,-33.5228574844381],[-70.78235426068433,-33.52285429982948]],[[-70.78114837412255,-33.52239552986185],[-70.78115051782157,-33.522395589033145],[-70.78135905506532,-33.52240123161273],[-70.78135835061174,-33.52242830492205],[-70.78124461678358,-33.52242326045754],[-70.78121983963283,-33.52242197818574],[-70.78121317131277,-33.52242190768277],[-70.78120651140698,-33.52242161846928],[-70.78120421971136,-33.522421707545924],[-70.78120192668877,-33.5224216469897],[-70.78098727638533,-33.522424805532836],[-70.78098408771196,-33.52242485245093],[-70.78098197968946,-33.52242488277024],[-70.78095984326296,-33.52242611304667],[-70.78093795740098,-33.522429154722005],[-70.78091653287504,-33.522433978503486],[-70.78089577601385,-33.522440537935765],[-70.7808758867163,-33.522448769848346],[-70.78085705652644,-33.52245859496389],[-70.78083946678868,-33.52246991866171],[-70.78082328690157,-33.52248263188896],[-70.78080867268615,-33.5224966122109],[-70.78079576488561,-33.52251172498996],[-70.7807846878096,-33.52252782468232],[-70.78077554813714,-33.52254475623964],[-70.78076843388928,-33.52256235660213],[-70.78076341358123,-33.52258045626906],[-70.78076053556256,-33.52259888093089],[-70.78075982755153,-33.52261745314821],[-70.78076129636808,-33.52263599406035],[-70.78076492786808,-33.52265432510809],[-70.78077068707948,-33.52267226975322],[-70.78077851853911,-33.52268965517864],[-70.78078834682672,-33.5227063139528],[-70.78080007729136,-33.522722085642116],[-70.7808083863482,-33.5227311402237],[-70.78079646261173,-33.52273040695398],[-70.7807742842946,-33.52273086928493],[-70.78075226687547,-33.52273315014521],[-70.78073062239278,-33.52273722756903],[-70.78070955929353,-33.5227430622889],[-70.78070394654,-33.522745148043235],[-70.78056239648015,-33.522739645468874],[-70.78056678053497,-33.522736712180446],[-70.78058267342804,-33.522723747435435],[-70.78059697258358,-33.52270954036869],[-70.78060954029317,-33.522694227802525],[-70.78062025552344,-33.52267795720592],[-70.7806290150817,-33.52266088527402],[-70.78063573460958,-33.52264317641926],[-70.78064034939553,-33.522625001187905],[-70.7806428149979,-33.522606534617545],[-70.780643107673,-33.52258795455144],[-70.78064122460361,-33.522569439925704],[-70.78063718392605,-33.522551169046224],[-70.78063102455552,-33.5225333178713],[-70.78062280581133,-33.52251605831715],[-70.78061260684541,-33.52249955660226],[-70.78060052588013,-33.52248397164671],[-70.78058667926233,-33.522469453541554],[-70.78057120034273,-33.52245614210357],[-70.78055423819181,-33.52244416552857],[-70.78055379858843,-33.52244388484755],[-70.78055251763709,-33.52244304268742],[-70.7805254421979,-33.52242524196071],[-70.78052508481854,-33.522375050576294],[-70.78056199950765,-33.52237550053342],[-70.78059505858971,-33.522375901042416],[-70.78114410235055,-33.522395394362846],[-70.78114507577347,-33.52239542716137],[-70.78114722001767,-33.52239549553385],[-70.78114779802436,-33.52239549019098],[-70.78114837412255,-33.52239552986185]],[[-70.78039983452095,-33.52311527354815],[-70.78040306649858,-33.52311538987086],[-70.78063246138609,-33.52312364502632],[-70.7806321734928,-33.523155728815844],[-70.7804600275877,-33.52315225752087],[-70.78042901151412,-33.52315163769185],[-70.78042894148199,-33.52315163633969],[-70.78042861236588,-33.5231516247376],[-70.78041659897121,-33.52315121130962],[-70.7804165786841,-33.523151211445935],[-70.78041655847831,-33.52315120991913],[-70.78012875368003,-33.52314134836416],[-70.78012859598884,-33.52311202955818],[-70.78039983452095,-33.52311527354815]],[[-70.78007383191695,-33.52249982656634],[-70.78007382243653,-33.52251589611093],[-70.78007206191874,-33.52258165457128],[-70.78007015370565,-33.522536649236294],[-70.78007014006798,-33.52253633494977],[-70.78007012304536,-33.52253595143051],[-70.78007011290053,-33.5225355680784],[-70.7800700995466,-33.52253509063948],[-70.78006504856944,-33.52236373350709],[-70.78007286534336,-33.52236397928361],[-70.78007383191695,-33.52249982656634]],[[-70.77962569941127,-33.52272450981161],[-70.77960850663017,-33.522724310326026],[-70.77960430201507,-33.52250183131199],[-70.77960429370334,-33.52250085256233],[-70.77960413466539,-33.522498484848576],[-70.7796041826318,-33.522496113731066],[-70.77960412717573,-33.52249466927428],[-70.77959376121257,-33.52218863169482],[-70.77959374087342,-33.52218841217769],[-70.77959371424663,-33.52218673018732],[-70.77958919145789,-33.52199154881056],[-70.7796010938488,-33.521992035491294],[-70.77960607793555,-33.522135896423414],[-70.77960609188692,-33.522136577444776],[-70.77960612933887,-33.52213705028592],[-70.7796061141041,-33.52213752399464],[-70.77960616180468,-33.52213932688501],[-70.77960617568162,-33.5221398221284],[-70.7796071207422,-33.52217176801738],[-70.77961809661609,-33.52254419773392],[-70.77961813800114,-33.52254576189753],[-70.77961825877645,-33.52254717936794],[-70.77961823853092,-33.52254860034218],[-70.77961831154899,-33.52255024562954],[-70.77962569941127,-33.52272450981161]]]}},{"type":"Feature","properties":{"numpos":"107509","TIPO":"DESCARGO","TENSION":"MT","INCIDENCIA":"DF202671818628","CLITOTAL":"5","CANTAVISOS":"","FECHA_INICIO":"","FECHA_FIN":"","DESCARGO":"DF202671818628(TP20267213817932)","ESTADODESC":"789","ESTADOINC":" ","CLI_PLAN":"1","FECHA_INIDESC":"10-10-2026 10:00","FECHA_FINDESC":"10-10-2026 16:00","FECHA_REPOSICION":"10-10-2026 16:00","id_alim":"442"},"geometry":{"type":"Polygon","coordinates":[[[-70.7613986327709,-33.43979584839086],[-70.76139552872297,-33.43981424731485],[-70.76139459068314,-33.43983281272038],[-70.76139582768667,-33.43985136581244],[-70.76139922782185,-33.43986972791449],[-70.76140475834488,-33.439887722189255],[-70.76141236599494,-33.439905175341714],[-70.76142197750725,-33.43992191928806],[-70.76143350031852,-33.43993779277444],[-70.76144682345836,-33.43995264293],[-70.76146181861797,-33.43996632673904],[-70.76147834138585,-33.43997871241844],[-70.76149623263849,-33.43998968068678],[-70.76151532007289,-33.439999125913076],[-70.76153541986591,-33.44000695713419],[-70.76155633844456,-33.44001309893073],[-70.76157787435045,-33.44001749215357],[-70.76159982017977,-33.440020094493306],[-70.76162196458078,-33.44002088088787],[-70.76164409428948,-33.4400198437639],[-70.76166599618325,-33.44001699310953],[-70.76168745933363,-33.44001235637832],[-70.76170827703751,-33.440005978224896],[-70.76172824880803,-33.43999792007472],[-70.76174718230529,-33.439988259532676],[-70.76176489518876,-33.43997708963562],[-70.76178121687337,-33.43996451795631],[-70.76179599017235,-33.43995066556743],[-70.76180907281089,-33.439935665875666],[-70.76182033879654,-33.43991966333679],[-70.7618296796324,-33.43990281206445],[-70.7618923295275,-33.43977354307888],[-70.76189902271716,-33.439757765544186],[-70.76190402705389,-33.43974155393268],[-70.76190730339884,-33.43972503503809],[-70.76192133216908,-33.43962793748868],[-70.76192205003736,-33.43962750188791],[-70.76193864463646,-33.43961518396049],[-70.76195371920836,-33.43960156166913],[-70.76196712857686,-33.439586766204506],[-70.76197874360282,-33.439570940055575],[-70.76198845242787,-33.43955423563728],[-70.76199616155164,-33.43953681382273],[-70.76200179673211,-33.43951884239388],[-70.76200530370063,-33.43950049442565],[-70.76200664868455,-33.43948194661912],[-70.76200581873229,-33.439463377599836],[-70.76200282183815,-33.439444966197556],[-70.76199768686516,-33.43942688972389],[-70.76199046326713,-33.439409322264915],[-70.761933080596,-33.43928924505673],[-70.76192357116348,-33.4392169859521],[-70.76192995045741,-33.439201622018274],[-70.7619351502925,-33.439183558583856],[-70.76193821326385,-33.439165154826405],[-70.76193910987467,-33.439146587984226],[-70.76193783149157,-33.4391280368662],[-70.76193439042737,-33.439109680129604],[-70.76192881982276,-33.43909169455964],[-70.76192117332685,-33.439074253366854],[-70.76191152458063,-33.43905752451907],[-70.76190006323368,-33.43904180181288],[-70.7618830973397,-33.4389176479588],[-70.76187949714134,-33.43889931268751],[-70.76187377068365,-33.43888136155727],[-70.76186597311676,-33.438863967446956],[-70.76185617953648,-33.43884729787095],[-70.76184448426113,-33.43883151336587],[-70.7618309999232,-33.43881676594463],[-70.76181585638456,-33.43880319763235],[-70.76179919948576,-33.4387909390988],[-70.76178118964162,-33.43878010839972],[-70.76176200029632,-33.43877080984015],[-70.76174181625295,-33.43876313296984],[-70.76172083189397,-33.43875715172085],[-70.76169924930909,-33.43875292369555],[-70.76167727634913,-33.43875048961193],[-70.76165512462434,-33.43874987291146],[-70.76163300746659,-33.438751079533276],[-70.7616111378748,-33.43875409785707],[-70.76158972646381,-33.43875889881499],[-70.76156897943603,-33.438765436171494],[-70.76154909659567,-33.43877364696868],[-70.7615302694246,-33.43878345213256],[-70.76151267923811,-33.438794757234575],[-70.76151085266348,-33.43879619018],[-70.76150966827699,-33.43879695191697],[-70.76149348965897,-33.438809652724316],[-70.76147887380488,-33.43882362187747],[-70.76146596147355,-33.43883872484641],[-70.76145487701832,-33.4388548161818],[-70.7614457271893,-33.43887174091582],[-70.76143860010531,-33.43888933605436],[-70.76143356440515,-33.43890743214696],[-70.76143066858667,-33.43892585491858],[-70.76142994053953,-33.43894442694795],[-70.7614313872766,-33.43896296937626],[-70.76145885342413,-33.4391633635609],[-70.7614605394123,-33.43917203202682],[-70.76146125535558,-33.439182778540136],[-70.76148178424872,-33.43934578572885],[-70.76148161741443,-33.43952209324609],[-70.7614625005077,-33.439654402769705],[-70.76141119873914,-33.43976025544393],[-70.76140387293191,-33.439777793139974],[-70.7613986327709,-33.43979584839086]]]}},{"type":"Feature","properties":{"numpos":"4692","TIPO":"DESCARGO","TENSION":"MT","INCIDENCIA":"DF202671818630","CLITOTAL":"176","CANTAVISOS":"","FECHA_INICIO":"","FECHA_FIN":"","DESCARGO":"DF202671818630(TP20267213817933)","ESTADODESC":"789","ESTADOINC":" ","CLI_PLAN":"1","FECHA_INIDESC":"10-10-2026 10:00","FECHA_FINDESC":"10-10-2026 16:00","FECHA_REPOSICION":"10-10-2026 16:00","id_alim":"442"},"geometry":{"type":"Polygon","coordinates":[[[-70.76149472030194,-33.43922633851083],[-70.76150122517146,-33.43922544967386],[-70.76150519917303,-33.439224564297874],[-70.76150964796388,-33.43922381105781],[-70.76151660311437,-33.43922202358948],[-70.76152264579565,-33.43922067732716],[-70.76152629946239,-33.439219531634734],[-70.7615308387534,-33.43921836503975],[-70.76153786080332,-33.43921590630566],[-70.76154340532804,-33.43921416768966],[-70.76154672107364,-33.43921280392754],[-70.76155129079761,-33.439211203861845],[-70.76155828016377,-33.439208049686826],[-70.76155894684585,-33.43920777548119],[-70.76155895799543,-33.4392077939096],[-70.76156060588842,-33.43920709311872],[-70.761563303842,-33.439205983453164],[-70.76156576951776,-33.43920470389667],[-70.76156702533584,-33.43920410314737],[-70.76157080713124,-33.43920239649058],[-70.7615721498437,-33.439201717284895],[-70.76157701535035,-33.43919951126406],[-70.76177570040437,-33.439098561874765],[-70.7617837752194,-33.43909399046879],[-70.76178647269859,-33.439092594966574],[-70.76178828579685,-33.43909143688902],[-70.76179406879442,-33.43908816295177],[-70.76180153977428,-33.43908297119396],[-70.76180410310208,-33.43908133392273],[-70.76180579987066,-33.43908001075338],[-70.76181113297837,-33.439076304651635],[-70.76181791108166,-33.43907056622069],[-70.76182033206138,-33.43906867829828],[-70.76182190588769,-33.43906718416512],[-70.76182672861864,-33.43906310117684],[-70.7618327391227,-33.439056899485955],[-70.76183500328268,-33.439054749974396],[-70.76183644289074,-33.43905307790495],[-70.76184070552077,-33.439048679684646],[-70.76184588963483,-33.43904210574138],[-70.76184797547435,-33.43903968308902],[-70.76184926450622,-33.43903782608702],[-70.76185292907984,-33.43903317906241],[-70.76185724507602,-33.439026329135665],[-70.76185912370755,-33.43902362274502],[-70.7618602405993,-33.43902157493356],[-70.76186328157692,-33.43901674859018],[-70.76186670540724,-33.43900972176145],[-70.76186834061947,-33.43900672361275],[-70.76186925878267,-33.439004481392416],[-70.76187166331262,-33.43899954650279],[-70.7618741886975,-33.438992442184905],[-70.76187553744712,-33.43898914844049],[-70.7618762257557,-33.43898671160852],[-70.76187799356725,-33.43898173846613],[-70.76187963156038,-33.438974653971194],[-70.76188064488227,-33.43897106648711],[-70.76188106845096,-33.438968439265246],[-70.76188221137824,-33.4389634959816],[-70.76188298943067,-33.43895652421871],[-70.76188361373876,-33.43895265189191],[-70.76188373496733,-33.438949843813695],[-70.761884276127,-33.43894499473446],[-70.76188423669194,-33.438938222111815],[-70.76188441542627,-33.43893408199758],[-70.76188419527206,-33.438931108610845],[-70.76188416793032,-33.43892641290189],[-70.76188336666486,-33.43891991749937],[-70.76188304222546,-33.4389155356424],[-70.76183133652764,-33.43852689724331],[-70.76182995691595,-33.43851541636259],[-70.76182976995632,-33.43851437568333],[-70.76182969164545,-33.43851332531579],[-70.76182080638047,-33.43844679995995],[-70.76183199188563,-33.43844529910664],[-70.76185350934799,-33.43844055309889],[-70.76187436539085,-33.43843405505008],[-70.76188344196567,-33.43843033809585],[-70.76220888256907,-33.43840479982507],[-70.7622308220227,-33.438402162377635],[-70.76225234748455,-33.43839773470634],[-70.76227325165142,-33.438391559452405],[-70.76229333320373,-33.43838369608725],[-70.7623123987443,-33.4383742203399],[-70.76233026466095,-33.438363223467476],[-70.76234675889471,-33.43835081137644],[-70.76236172259708,-33.43833710360258],[-70.76237501165956,-33.43832223215982],[-70.76238649810163,-33.438306340268845],[-70.76239607130333,-33.43828958097769],[-70.76240363907034,-33.43827211568796],[-70.76240912852208,-33.438254112600255],[-70.76241248679332,-33.438235745094374],[-70.76241368154344,-33.43821719005957],[-70.7624127012677,-33.438198626191024],[-70.76240955540811,-33.43818023226881],[-70.76240427426232,-33.43816218543624],[-70.76239690869181,-33.438144659493894],[-70.76238752963215,-33.43812782322578],[-70.76237622740963,-33.438111838773885],[-70.76236311087146,-33.4380968600767],[-70.76234830633743,-33.43808303138672],[-70.76233195638339,-33.43807048588117],[-70.76231421846818,-33.43805934437961],[-70.76229526341714,-33.43804971418024],[-70.76227527377712,-33.438041688026644],[-70.76225444205835,-33.43803534321464],[-70.76223296888058,-33.43803074084796],[-70.76221106104103,-33.43802792524961],[-70.76218892952276,-33.43802692353524],[-70.7621667874631,-33.4380277453519],[-70.76187502523786,-33.43805064078137],[-70.7617559196645,-33.43798688080897],[-70.76171070913882,-33.43765357177807],[-70.76171046721379,-33.43765005700773],[-70.76167206069599,-33.43734950951369],[-70.76168681246381,-33.43733146379093],[-70.76209587513554,-33.43737539972581],[-70.76211797076762,-33.437376853667956],[-70.76214012998203,-33.43737648482884],[-70.76216213937208,-33.437374296760694],[-70.76218378697399,-33.43737031053594],[-70.76220486430826,-33.4373645645444],[-70.76222516838753,-33.437357114123486],[-70.76224450367157,-33.4373480310253],[-70.76226268395031,-33.43733740272552],[-70.76227953413732,-33.43732533158105],[-70.76229489195589,-33.4373119338442],[-70.76230860950199,-33.43729733854303],[-70.76232055466848,-33.437281686238855],[-70.76233061241754,-33.43726512767241],[-70.76233868588842,-33.43724782231219],[-70.76234469733018,-33.4372299368186],[-70.76234858885061,-33.437211643439],[-70.76235032297355,-33.43719311834878],[-70.7623498829998,-33.437174539954746],[-70.76234727316796,-33.43715608717692],[-70.76234251861347,-33.437137937725446],[-70.7623356651265,-33.437120266389186],[-70.76232677871099,-33.437103243352425],[-70.76231594494885,-33.4370870325558],[-70.76230326817584,-33.43707179011769],[-70.76228887047664,-33.43705766283052],[-70.76227289050911,-33.437044786747244],[-70.76225548216897,-33.43703328587095],[-70.76223681310769,-33.4370232709609],[-70.76221706311787,-33.4370148384656],[-70.76219642240189,-33.43700806959415],[-70.76217508974003,-33.43700302953416],[-70.76215327057632,-33.436999766823874],[-70.76161530763878,-33.43694198581313],[-70.76161524212715,-33.436941981502024],[-70.76161517742817,-33.43694197185953],[-70.76161464210008,-33.43694191462545],[-70.7616126269996,-33.43692781392949],[-70.76155996387546,-33.436541396543674],[-70.76155954766803,-33.43653927719249],[-70.76155935610888,-33.43653734919053],[-70.76155808433528,-33.43652939027835],[-70.76155778179078,-33.4365270663597],[-70.76155778178916,-33.43652706635123],[-70.76155778178857,-33.436527066342656],[-70.76153245211484,-33.436332502531506],[-70.76153245211474,-33.43633250253106],[-70.76153245211471,-33.43633250253058],[-70.76153168758957,-33.4363266299984],[-70.76152820455262,-33.436308278830914],[-70.76152259289837,-33.43629030226174],[-70.76151490667128,-33.43627287341474],[-70.76150521989497,-33.436256160138825],[-70.76149362585919,-33.436240323391516],[-70.7614802362214,-33.436225515688804],[-70.76146517993149,-33.436211879636375],[-70.7614486019898,-33.436199546556345],[-70.76143066205074,-33.4361886352224],[-70.76141153288528,-33.436179250716144],[-70.76139139871698,-33.43617148341504],[-70.76137045344797,-33.436165408122015],[-70.7613488987915,-33.436161083345134],[-70.76132694232943,-33.436158550734184],[-70.76130479551318,-33.436157834679456],[-70.76128267162727,-33.43615894207696],[-70.76126078373548,-33.436161862261926],[-70.76123934262884,-33.43616656711165],[-70.76121855479578,-33.43617301131615],[-70.76119862043343,-33.436181132814625],[-70.76117973151985,-33.43619085339307],[-70.76116206996498,-33.436202079437585],[-70.76114580585892,-33.43621470283574],[-70.76113109583389,-33.436228602017884],[-70.76111808155565,-33.43624364312787],[-70.76110688835932,-33.43625968131213],[-70.76109762404221,-33.43627656211465],[-70.76109037782571,-33.436294122964455],[-70.76108521949595,-33.43631219474132],[-70.76108219873176,-33.436330603404365],[-70.76108147697214,-33.43634629446411],[-70.76068466418664,-33.43638273804404],[-70.76068404884639,-33.43638282034427],[-70.7606834270629,-33.43638285455424],[-70.7603583333875,-33.43641423181911],[-70.76037859879673,-33.43619683360329],[-70.76040047245172,-33.43600518388142],[-70.7604014985442,-33.43598662173392],[-70.76040034964778,-33.43596806464454],[-70.76039703682838,-33.435949691328084],[-70.7603915919915,-33.435931678729425],[-70.76038406757517,-33.43591420031938],[-70.76037453604462,-33.435897424424255],[-70.76036308919454,-33.435881512604595],[-70.76034983726494,-33.435866618099354],[-70.7603349078795,-33.43585288435027],[-70.76031844481645,-33.43584044362022],[-70.76030060662386,-33.435829415719695],[-70.76028156509282,-33.43581990685286],[-70.76026150360302,-33.43581200859481],[-70.7602406153566,-33.43580579700972],[-70.76021910151768,-33.43580133191819],[-70.76019716927506,-33.435798656321275],[-70.76017502984688,-33.43579779598629],[-70.76015289644656,-33.43579875919876],[-70.76013098222944,-33.435801536682504],[-70.76010949824014,-33.43580610168903],[-70.76008865138,-33.43581241025521],[-70.76006864241465,-33.43582040162645],[-70.76004966404057,-33.43582999884195],[-70.76003189902922,-33.435841109475824],[-70.76001551846707,-33.43585362652715],[-70.76000068010781,-33.43586742945045],[-70.75998752685314,-33.435882385316596],[-70.75997618537654,-33.43589835009297],[-70.75996676490334,-33.43591517003051],[-70.75995935615882,-33.43593268314445],[-70.75995403049428,-33.43595072077423],[-70.7599508392001,-33.435969109207875],[-70.75992877733358,-33.43616239920202],[-70.75992868626248,-33.43616404652783],[-70.75992843696265,-33.4361656823225],[-70.75990311636868,-33.43643729506566],[-70.75990292691414,-33.43644278714826],[-70.75990247471269,-33.436448268431],[-70.75990188091177,-33.43647319367655],[-70.75990187341314,-33.436473522762135],[-70.75990184470126,-33.436474842896594],[-70.75990180928216,-33.436476119860686],[-70.7598905971572,-33.43687253443833],[-70.75987602219801,-33.437296117085516],[-70.75986032355631,-33.437665110136244],[-70.75986034348962,-33.43766635417332],[-70.75986023731102,-33.437667595133796],[-70.75985375457331,-33.43790884781497],[-70.75983427139072,-33.43812182182591],[-70.75960025103959,-33.43824905332763],[-70.75930093416514,-33.438284145929515],[-70.75927916096398,-33.43828761929172],[-70.75925789867603,-33.43829286518557],[-70.7592373520676,-33.43829983309066],[-70.75921771901281,-33.43830845590263],[-70.75919918858797,-33.43831865057958],[-70.75918193925071,-33.438330318941794],[-70.75916613712131,-33.43834334861706],[-70.75915193438297,-33.43835761412312],[-70.7591394678161,-33.43837297807589],[-70.75912885748113,-33.438389292512596],[-70.75912020556218,-33.43840640031678],[-70.75911359538296,-33.43842413673132],[-70.75910909060428,-33.43844233094513],[-70.7591067346109,-33.43846080773815],[-70.75910655009373,-33.43847938916886],[-70.75910853883111,-33.43849789628789],[-70.75911268167178,-33.438516150861425],[-70.75911893871921,-33.43853397708768],[-70.75912724971573,-33.43855120328996],[-70.75913753462285,-33.43856766357019],[-70.75914969439206,-33.4385831994063],[-70.75916361191864,-33.43859766117917],[-70.7591791531694,-33.43861090961345],[-70.75919616847361,-33.438622817118905],[-70.75921449396428,-33.43863326901919],[-70.75923395315633,-33.438642164656315],[-70.75925435864634,-33.43864941835991],[-70.75927551391726,-33.43865496027247],[-70.75929721523113,-33.438658737022095],[-70.75931925359112,-33.43866071223642],[-70.7593414167544,-33.43866086689299],[-70.75936349127622,-33.438659199502375],[-70.75963082569601,-33.43862785659388],[-70.75963181397418,-33.43862806571083],[-70.75965378765906,-33.438630827431915],[-70.75967597868507,-33.438631765561304],[-70.75969817227136,-33.43863087101917],[-70.75974755678097,-33.43862683181614],[-70.75970787315333,-33.43877274214615],[-70.75970721136368,-33.43877587839917],[-70.75970630965115,-33.43877897233051],[-70.75962331954759,-33.43913966098782],[-70.7595241372826,-33.439498497150765],[-70.75952346949562,-33.43950159805586],[-70.75952256320909,-33.43950465611687],[-70.75942256902479,-33.43993035044164],[-70.75942216817693,-33.43993205072306],[-70.75942173055785,-33.439934544949054],[-70.75942108133793,-33.43993700655778],[-70.75942082111388,-33.43993882449449],[-70.75942039089772,-33.43994061959818],[-70.7594200963049,-33.43994226267166],[-70.75941493431706,-33.43997076781978],[-70.75941488292796,-33.439971190478076],[-70.75941478459954,-33.43997160725192],[-70.75941375921457,-33.43998043264372],[-70.75941268665395,-33.43998925409348],[-70.75941268492636,-33.43998967893946],[-70.75941263579752,-33.43999010178662],[-70.7593990381973,-33.44022734823378],[-70.7593986235261,-33.44023081390396],[-70.75939862297801,-33.44023106868821],[-70.7593985934579,-33.440231322268055],[-70.75939860299242,-33.44024035911019],[-70.75939858355241,-33.440249395941294],[-70.75939861279454,-33.44024964954374],[-70.75939861306337,-33.44024990432835],[-70.75939967907624,-33.44025889687225],[-70.75940071625301,-33.440267891785815],[-70.75940077500377,-33.4402681417641],[-70.75940080505893,-33.44026839529976],[-70.7594011205074,-33.440270167374265],[-70.75945733495323,-33.4405848035137],[-70.7594616899068,-33.44060302336031],[-70.75946815403759,-33.44062079760471],[-70.7594766650936,-33.440637955070876],[-70.75948714110964,-33.440654330522605],[-70.75949948119668,-33.44066976625482],[-70.7595135665134,-33.44068411361243],[-70.75952926141072,-33.440697234422],[-70.75954641473814,-33.440709002322336],[-70.7595648612994,-33.4407193039816],[-70.75958442344348,-33.44072804018869],[-70.75960491277539,-33.44073512680868],[-70.75962613197065,-33.44074049559318],[-70.75964787667566,-33.440744094837584],[-70.75966993747566,-33.440745889879025],[-70.75969210191174,-33.4407458634302],[-70.75971415652691,-33.44074401574587],[-70.75973588892178,-33.44074036462042],[-70.75975708980029,-33.440734945216434],[-70.75977755498522,-33.44072780972611],[-70.75979708738475,-33.440719026868514],[-70.75981549889046,-33.44070868122791],[-70.75983261218903,-33.440696872439005],[-70.75984826246979,-33.440683714227475],[-70.75986229901207,-33.44066933331465],[-70.7598745866366,-33.44065386819713],[-70.75988500700743,-33.44063746781297],[-70.75989345977152,-33.4406202901073],[-70.75989986352513,-33.44060250051118],[-70.75990415659783,-33.44058427034838],[-70.75990629764625,-33.44056577518559],[-70.75990626605231,-33.440547193141335],[-70.75990406212168,-33.44052870317085],[-70.75985101374731,-33.4402317964637],[-70.75985699135299,-33.44012749180216],[-70.7602052598056,-33.44008387295388],[-70.76051375755732,-33.44004837961858],[-70.76051402120002,-33.440048349152875],[-70.76051614600523,-33.44004810254771],[-70.76051614601124,-33.44004810254676],[-70.76051614601734,-33.440048102546314],[-70.76051813893277,-33.440047871248126],[-70.76054492176088,-33.44004478980267],[-70.76056670591544,-33.44004136314116],[-70.76058798455063,-33.44003616285233],[-70.76060855274044,-33.440029239018166],[-70.76062821240096,-33.440020658319376],[-70.76064677419818,-33.4400105033933],[-70.76066405937134,-33.43999887203795],[-70.76067990145452,-33.43998587627021],[-70.76069414787985,-33.43997164124702],[-70.76070666144672,-33.43995630405998],[-70.76071732164321,-33.439940012415114],[-70.76072602580659,-33.43992292321028],[-70.76073000366775,-33.43991234500519],[-70.76077626573749,-33.4398672943415],[-70.76079068681312,-33.43986011925601],[-70.7608085467804,-33.4398491152299],[-70.76082503423487,-33.43983669653385],[-70.7608399903933,-33.43982298276734],[-70.76085327121982,-33.439808106001955],[-70.7608647488133,-33.439792209509655],[-70.76087431263892,-33.43977544638283],[-70.76088187059273,-33.43975797805994],[-70.76088734988856,-33.43973997277086],[-70.7608906977591,-33.43972160391656],[-70.76089188196383,-33.4397030483993],[-70.7608908910996,-33.439684484918885],[-70.76088930390364,-33.439670341425376],[-70.76088912358495,-33.439668712685034],[-70.76088892996667,-33.43966695659164],[-70.7608865668197,-33.43965202873098],[-70.76081356029175,-33.43929910678206],[-70.7608118416001,-33.43929009772211],[-70.76081149373259,-33.439288696711436],[-70.7610814398276,-33.439266102620685],[-70.76108288912839,-33.43926592072987],[-70.76108435163508,-33.43926584290944],[-70.761479349749,-33.43922843876914],[-70.76148361784854,-33.43922785556901],[-70.76148792250906,-33.43922748946753],[-70.76149472030194,-33.43922633851083]],[[-70.76116392937523,-33.43697135135662],[-70.76116402976,-33.43697186358502],[-70.76116407316088,-33.43697238140485],[-70.76118981871583,-33.43715254162225],[-70.7611889436835,-33.4371527060353],[-70.7607103895393,-33.43719895511713],[-70.76033005028346,-33.43723373623742],[-70.76034211794806,-33.43688296848906],[-70.76034210620114,-33.4368824822265],[-70.76034214839062,-33.436881997152184],[-70.76034455863491,-33.43679676526007],[-70.76073446659124,-33.43675913232612],[-70.76113005674854,-33.43672280097689],[-70.76116392937523,-33.43697135135662]],[[-70.7612609121892,-33.437687038022105],[-70.76126126371584,-33.43769162643107],[-70.76131681359705,-33.43810117619633],[-70.76123266521037,-33.438108925092635],[-70.76082391205325,-33.43814252366213],[-70.76081751989798,-33.43814301580979],[-70.76080707418377,-33.43814362105042],[-70.76080325729731,-33.43814400070468],[-70.76079941923173,-33.438144174423726],[-70.7602811421563,-33.438189097497364],[-70.76030459584688,-33.437932706724894],[-70.76030476334424,-33.43792759335308],[-70.76030519987049,-33.43792249116259],[-70.76031057660865,-33.43772235922195],[-70.76038424928831,-33.437609728796204],[-70.76076005431493,-33.43757536225774],[-70.76076073710209,-33.43757527120671],[-70.76076142698162,-33.43757523316594],[-70.76124070651807,-33.43752891391251],[-70.7612609121892,-33.437687038022105]],[[-70.76031329005603,-33.438580545399695],[-70.76077357486214,-33.438538307132696],[-70.76079481027672,-33.4385419385426],[-70.76081685662103,-33.43854384976095],[-70.76083902024803,-33.438543940071064],[-70.76086108770849,-33.438542208603316],[-70.76088284647936,-33.438538672032784],[-70.76090408701052,-33.438533364418866],[-70.7609246047429,-33.438526336877096],[-70.76092769463621,-33.438524968343145],[-70.76127830526806,-33.438497196937206],[-70.76128172369629,-33.43849690414954],[-70.76137186655073,-33.438488602005194],[-70.76138065733129,-33.43855442247032],[-70.76138203201322,-33.43856586281525],[-70.76138221172424,-33.438566863174934],[-70.7613822864776,-33.4385678728742],[-70.76141814550445,-33.43883741290104],[-70.7613801402225,-33.438856722854844],[-70.76103511071153,-33.438889395128214],[-70.76041681873716,-33.43894114427865],[-70.76037903732131,-33.43894430453899],[-70.76037833124215,-33.43894436453899],[-70.76037793653448,-33.438944398605145],[-70.76037753306859,-33.43894442816643],[-70.76037728975426,-33.43894444610482],[-70.76012394213306,-33.43896323969302],[-70.76014911578356,-33.43885382814025],[-70.760211902485,-33.43862296695967],[-70.76021354852962,-33.43861516604307],[-70.76021532909913,-33.43860738592181],[-70.76021696212425,-33.438597704430535],[-70.76021696266561,-33.438597699478336],[-70.76021696378302,-33.43859769459444],[-70.76021854644203,-33.438588308148205],[-70.76031064748639,-33.438580774712975],[-70.76031196285886,-33.43858061216501],[-70.76031329005603,-33.438580545399695]],[[-70.76030287251565,-33.43933014880115],[-70.76037663355174,-33.43940314159881],[-70.7604236169513,-33.43963027046138],[-70.76036978562651,-33.43968269194121],[-70.76014251444879,-33.43970883987039],[-70.76014119065879,-33.439709048100255],[-70.760139850393,-33.43970915994105],[-70.75992869640791,-33.43973560599477],[-70.75996503090991,-33.43958091936139],[-70.76002862449477,-33.43935083721569],[-70.76004075620268,-33.43934959264293],[-70.76030287251565,-33.43933014880115]]]}},{"type":"Feature","properties":{"numpos":"18914","TIPO":"DESCARGO","TENSION":"MT","INCIDENCIA":"DF202671814597","CLITOTAL":"502","CANTAVISOS":"","FECHA_INICIO":"","FECHA_FIN":"","DESCARGO":"DF202671814597(TP20267213817646)","ESTADODESC":"789","ESTADOINC":" ","CLI_PLAN":"1","FECHA_INIDESC":"10-10-2026 10:00","FECHA_FINDESC":"10-10-2026 16:00","FECHA_REPOSICION":"10-10-2026 16:00","id_alim":"535"},"geometry":{"type":"Polygon","coordinates":[[[-70.69742531281034,-33.522400446342004],[-70.69752418343916,-33.52255055310815],[-70.69753548289971,-33.52256592649671],[-70.69754847896053,-33.52258032872688],[-70.69756305349068,-33.522593628885225],[-70.69757907401113,-33.522605706075815],[-70.6975963948989,-33.52261645051928],[-70.69761485871065,-33.52262576455061],[-70.69763429761399,-33.52263356350697],[-70.69764761911702,-33.5226382680941],[-70.69766749329021,-33.52264438550052],[-70.6976707440117,-33.52264510538686],[-70.69767152788928,-33.52264533829832],[-70.69767574482299,-33.522646212837984],[-70.69768796360441,-33.52264891873856],[-70.6976890761976,-33.522649118958135],[-70.69769109484348,-33.522649396240126],[-70.69769306340037,-33.52264980449405],[-70.6977019916916,-33.52265089303492],[-70.69771096958219,-33.52265212624026],[-70.69771301030607,-33.52265223642791],[-70.69771501787126,-33.522652481190796],[-70.6977240337519,-33.52265283163155],[-70.69773310947284,-33.52265332166832],[-70.69773515253205,-33.52265326380959],[-70.69773717986702,-33.522653342610354],[-70.69774619687229,-33.522652951037024],[-70.6977552826489,-33.52265269372968],[-70.69775730829912,-33.52265246851022],[-70.69775933595416,-33.5226523804568],[-70.69776826750633,-33.52265125002352],[-70.69777727556917,-33.522650248471784],[-70.69777926425854,-33.52264985820464],[-70.69778127275606,-33.522649603996314],[-70.69779003298302,-33.52264774491299],[-70.69779887642848,-33.522646009444],[-70.69780080898897,-33.52264545804291],[-70.69780277900797,-33.522645039967884],[-70.69781128355751,-33.52264246942249],[-70.69781987719753,-33.52264001747077],[-70.69782173503191,-33.52263931040769],[-70.69782364759178,-33.522638732325994],[-70.6978318144373,-33.52263547434093],[-70.69784007562636,-33.522632330258496],[-70.69784184088799,-33.52263147450586],[-70.69784367753057,-33.522630741817004],[-70.69785142776047,-33.522626827040234],[-70.6978592771922,-33.52262302183964],[-70.6978609329566,-33.52262202579819],[-70.69786267592424,-33.522621145394396],[-70.69786993450509,-33.52261661082684],[-70.69787729697279,-33.52261218185993],[-70.69787882739934,-33.52261105527279],[-70.69788045980725,-33.5226100354775],[-70.69788715631562,-33.52260492413802],[-70.69789396142743,-33.52259991471484],[-70.69789535190925,-33.52259866856907],[-70.69789685791076,-33.522597519061435],[-70.69790292722534,-33.52259187959188],[-70.69790911006817,-33.522586338544265],[-70.69791034736917,-33.52258498496105],[-70.69791171231199,-33.5225837166867],[-70.69791709525855,-33.52257760290059],[-70.69792259700546,-33.522571584094706],[-70.6979236693835,-33.52257013620901],[-70.69792487995514,-33.5225687612783],[-70.69792952389825,-33.52256223165589],[-70.69793429235312,-33.52255579346012],[-70.69793518966765,-33.52255426529173],[-70.69793623402906,-33.52255279686553],[-70.69794009340345,-33.522545914000425],[-70.69794408347929,-33.522539118713446],[-70.6979447972834,-33.522537525030096],[-70.69794566518848,-33.52253597719488],[-70.69794870196398,-33.5225288071969],[-70.69795187609088,-33.522521720442064],[-70.6979523997067,-33.52252007661647],[-70.6979530826072,-33.5225184642494],[-70.69795526668194,-33.52251107610904],[-70.69795759514192,-33.52250376620117],[-70.69795792371869,-33.52250208806322],[-70.69795841485245,-33.52250042668864],[-70.69795972436968,-33.52249289160946],[-70.69796118555603,-33.52248542890015],[-70.69796131611108,-33.5224837325857],[-70.69796161057312,-33.5224820382244],[-70.69796203215705,-33.52247442892959],[-70.69796261275688,-33.522466885137405],[-70.69796254419873,-33.52246518693501],[-70.69796263899394,-33.52246347594779],[-70.6979621679019,-33.52245586596834],[-70.6979618630012,-33.5224483134995],[-70.69796159613517,-33.52244662969656],[-70.69796149021211,-33.52244491862368],[-70.69796013040018,-33.52243738157516],[-70.69795894351084,-33.52242989284141],[-70.69795848102731,-33.522428239571084],[-70.69795817529236,-33.52242654496911],[-70.6979559393936,-33.522419153824444],[-70.69795388240347,-33.522411800563965],[-70.69795322884866,-33.522410193654146],[-70.69795272616054,-33.522408531932264],[-70.6979496353748,-33.52240135829861],[-70.69794672842154,-33.52239421090535],[-70.69794589015174,-33.52239266573104],[-70.69794519529594,-33.522391052988205],[-70.69794127919258,-33.5223841663954],[-70.69793755046288,-33.52237729326325],[-70.69793653558226,-33.52237582460347],[-70.69793565522595,-33.52237427646827],[-70.6978416479268,-33.52222792476085],[-70.6978436556565,-33.52222765116084],[-70.69784483141665,-33.52222738975387],[-70.69784602993656,-33.52222721532899],[-70.69785555046774,-33.522225006584904],[-70.69786509880015,-33.522222883701176],[-70.69786623830747,-33.522222527026564],[-70.69786741064402,-33.52222225504666],[-70.69787662685209,-33.522219275331075],[-70.69788588077563,-33.5222163787799],[-70.697886973056,-33.522215930272615],[-70.69788810791886,-33.52221556335703],[-70.69789220442178,-33.522213835268616],[-70.69789220975224,-33.52221383348963],[-70.69789225097286,-33.52221381563131],[-70.69789693104659,-33.522211841366335],[-70.69790580144014,-33.52220819904337],[-70.6979068359742,-33.52220766302284],[-70.69790792243403,-33.522207204705204],[-70.69790980000604,-33.52220631334883],[-70.69791083287315,-33.522205765244735],[-70.69791191542737,-33.52220529624091],[-70.6982814584001,-33.52202541858761],[-70.69828571739957,-33.522023416468556],[-70.69830450811389,-33.52201353753279],[-70.69832205226461,-33.522002163501945],[-70.69833818089162,-33.52198940391477],[-70.69835273866742,-33.521975381653625],[-70.69836558539293,-33.521960231761106],[-70.69837659734765,-33.52194410013953],[-70.69838566848115,-33.521927142145614],[-70.69839271143447,-33.52190952109461],[-70.69839765838125,-33.52189140668712],[-70.69840046168098,-33.52187297337502],[-70.69840109433767,-33.521854398681285],[-70.6983995502599,-33.52183586149037],[-70.69839584431936,-33.52181754032542],[-70.69839001220761,-33.52179961162902],[-70.69838211009218,-33.521782248064014],[-70.69837221407583,-33.521765616850615],[-70.69836041946336,-33.521749878156],[-70.6983468398439,-33.521735183551854],[-70.69833160599693,-33.521721674554705],[-70.69831486463272,-33.52170948126299],[-70.69829677697955,-33.52169872110422],[-70.69827751723086,-33.52168949770409],[-70.69825727086783,-33.52168189988845],[-70.69823623287306,-33.52167600082808],[-70.69821460585275,-33.52167185733383],[-70.69819259808568,-33.52166950930959],[-70.69817042151733,-33.52166897936805],[-70.69814828971874,-33.5216702726128],[-70.69812641582992,-33.52167337658935],[-70.69810501050704,-33.521678261404894],[-70.69808427989388,-33.52168488001636],[-70.6980644236366,-33.52169316868331],[-70.6980586855706,-33.521695866094795],[-70.69805574003857,-33.52169727520498],[-70.69771429319694,-33.521863476681325],[-70.69760570610141,-33.52188327633338],[-70.69757185443461,-33.52183339210098],[-70.69793157478028,-33.52166088573905],[-70.69824813133673,-33.5215246934161],[-70.69825032856515,-33.52152363087298],[-70.6982568804438,-33.52152083923999],[-70.69826507309156,-33.52151650066367],[-70.69826734454551,-33.52151540222584],[-70.69826882325283,-33.52151451469238],[-70.6982746859111,-33.521511410006525],[-70.69851009446838,-33.52137348025692],[-70.6985276276502,-33.52136209450721],[-70.69854374399969,-33.52134932414736],[-70.6985582883076,-33.52133529216348],[-70.6985711205045,-33.521320133691816],[-70.69858211700986,-33.52130399471725],[-70.69859117192208,-33.52128703066741],[-70.69859819803834,-33.521269404915785],[-70.69860312769447,-33.521251287208294],[-70.69860591341644,-33.521232852028554],[-70.69860652837761,-33.521214276917576],[-70.69860496665696,-33.52119574076375],[-70.69860124329604,-33.521177422080314],[-70.69859539415421,-33.52115949728595],[-70.69858747556304,-33.52114213900586],[-70.6985775637839,-33.52112551440941],[-70.69856575427342,-33.521109783600046],[-70.69855216076422,-33.521095098073516],[-70.69853691416951,-33.52108159925889],[-70.69852016132235,-33.5210694171566],[-70.69850206356159,-33.52105866908633],[-70.69848279517805,-33.521049458557385],[-70.698462541736,-33.5210418742717],[-70.69844149828626,-33.52103598926971],[-70.69841986748754,-33.52103186022688],[-70.69839785765504,-33.52102952690793],[-70.69837568075408,-33.5210290117839],[-70.69835355035897,-33.521030319815765],[-70.69833167959612,-33.521033438406555],[-70.69831027909166,-33.52103833752275],[-70.69828955494296,-33.52104496998354],[-70.6982697067339,-33.52105327191511],[-70.6982509256128,-33.52106316336582],[-70.69802879061238,-33.52119331568468],[-70.69775111208106,-33.521312781354695],[-70.69774419175651,-33.521314414456555],[-70.69772377155287,-33.5213210800081],[-70.69770421787693,-33.52132937037767],[-70.69735910532637,-33.52149375638377],[-70.69732056862313,-33.5214944396519],[-70.69726283575761,-33.5214136115431],[-70.69726094402095,-33.521411235955696],[-70.69725914210325,-33.52140859907453],[-70.69725432289479,-33.521402921338336],[-70.69725052532831,-33.52139815246408],[-70.69724863366464,-33.52139621858743],[-70.69724628719017,-33.52139345409456],[-70.69724019115246,-33.521387587676834],[-70.69723646510509,-33.52138377848032],[-70.69723465346297,-33.52138225857501],[-70.69723172186214,-33.521379437398174],[-70.69722427545315,-33.52137355178088],[-70.69722079049578,-33.52137062802059],[-70.69721912868556,-33.52136948379186],[-70.69721558639135,-33.52136668397323],[-70.69720675221177,-33.52136096204865],[-70.69720365245539,-33.52135882773042],[-70.69720219812669,-33.52135801235356],[-70.6971980361711,-33.52135531664162],[-70.69718781596046,-33.521349948916274],[-70.69718521603228,-33.5213484912525],[-70.69718401318067,-33.52134795166964],[-70.69717924021917,-33.521345444876424],[-70.69716767648465,-33.52134062324815],[-70.69716565877874,-33.52133971813225],[-70.69716473683188,-33.52133939752683],[-70.69715937955023,-33.52133716374765],[-70.69714655574846,-33.521333075084584],[-70.69714516904098,-33.52133259285917],[-70.6971445425519,-33.52133243320908],[-70.69713864543249,-33.521330553006614],[-70.69712468468157,-33.52132737276634],[-70.69712394414535,-33.521327184053135],[-70.69712361309641,-33.52132712866062],[-70.69711723754574,-33.52132567631807],[-70.69710229989683,-33.52132356244337],[-70.69710218849802,-33.52132354380363],[-70.6971021391959,-33.52132353970205],[-70.69709536205843,-33.52132258064692],[-70.69707322964213,-33.52132129580601],[-70.69698004892975,-33.52131972593304],[-70.69697734534573,-33.52131897109907],[-70.69695707803852,-33.52131500258547],[-70.69677065389324,-33.521286006958135],[-70.69674866880892,-33.52128351484658],[-70.69672649795379,-33.52128283965748],[-70.69670435484393,-33.521283987893234],[-70.69668245272821,-33.521286948495835],[-70.6966610025347,-33.5212916929533],[-70.69664021083926,-33.52129817557422],[-70.69662027787629,-33.52130633392782],[-70.69660139561033,-33.52131608944515],[-70.6965837458873,-33.521327348175824],[-70.69656749868336,-33.52134000169265],[-70.69655281046799,-33.521353928135916],[-70.69653982269686,-33.521368993386936],[-70.69653766868237,-33.52137209233878],[-70.69652657993375,-33.521387517645316],[-70.69651705410043,-33.521404299809475],[-70.69650953804212,-33.52142178321105],[-70.69650410414368,-33.521439799475644],[-70.69650080473775,-33.52145817509703],[-70.6964996716008,-33.521476733108024],[-70.69650071564693,-33.52149529478488],[-70.69650392682277,-33.521513681368404],[-70.69650927420427,-33.52153171578552],[-70.69651670629442,-33.52154922435466],[-70.6965261515192,-33.52156603845828],[-70.69653751891674,-33.52158199616697],[-70.69655069901344,-33.521596943798684],[-70.69656556487811,-33.52161073739903],[-70.69658197334442,-33.5216232441275],[-70.69659976638971,-33.52163434353691],[-70.69661877265678,-33.52164392873331],[-70.69663880910414,-33.521651907405584],[-70.69665968276902,-33.52165820271431],[-70.69668119262543,-33.52166275403188],[-70.69683825514528,-33.52168919617493],[-70.69697670173639,-33.521776275678015],[-70.69698040399977,-33.5217832629953],[-70.69699134775487,-33.52179942714474],[-70.69700413041228,-33.52181461500548],[-70.69701862886845,-33.521828680309596],[-70.69703470349546,-33.521841487599914],[-70.69704940078033,-33.52185108581197],[-70.69728824361275,-33.52219862141468],[-70.69742531281034,-33.522400446342004]]]}},{"type":"Feature","properties":{"numpos":"59749","TIPO":"DESCARGO","TENSION":"MT","INCIDENCIA":"DF202671814597","CLITOTAL":"502","CANTAVISOS":"","FECHA_INICIO":"","FECHA_FIN":"","DESCARGO":"DF202671814597(TP20267213817646)","ESTADODESC":"789","ESTADOINC":" ","CLI_PLAN":"1","FECHA_INIDESC":"10-10-2026 10:00","FECHA_FINDESC":"10-10-2026 16:00","FECHA_REPOSICION":"10-10-2026 16:00","id_alim":"535"},"geometry":{"type":"Polygon","coordinates":[[[-70.69658201760326,-33.52141140762661],[-70.69658290160628,-33.521410916737075],[-70.69658383597103,-33.52141049258763],[-70.69659215416188,-33.52140577876436],[-70.69659493958564,-33.52140423200972],[-70.69661112503724,-33.521415685966424],[-70.69662939352246,-33.52142622957715],[-70.6966488078952,-33.52143522261505],[-70.69666918118367,-33.52144257847181],[-70.69669031718094,-33.52144822630609],[-70.69671201233464,-33.521452111725885],[-70.69673405770732,-33.52145419731226],[-70.69675624098859,-33.521454462979825],[-70.69677834853995,-33.52145290617005],[-70.69680016745222,-33.52144954187602],[-70.69682148759607,-33.52144440249796],[-70.69684210364571,-33.521437537531256],[-70.69686181705636,-33.52142901308969],[-70.69688043797628,-33.52141891126881],[-70.69689778707536,-33.52140732935519],[-70.69691369727201,-33.521394378889575],[-70.69692801534235,-33.521380184592594],[-70.69694060339584,-33.52136488316368],[-70.69695134020317,-33.52134862196446],[-70.6969601223638,-33.5213315575996],[-70.69696686530172,-33.52131385440872],[-70.69697150407993,-33.52129568288345],[-70.69697399402573,-33.52127721802576],[-70.69697431116094,-33.521258637662385],[-70.69697245243277,-33.52124012073236],[-70.69696843574319,-33.5212218455637],[-70.69696229977636,-33.52120398815603],[-70.69695410362617,-33.52118672048561],[-70.696943926227,-33.52117020884911],[-70.69685128586305,-33.521036450477276],[-70.69684661689801,-33.52102955042369],[-70.69664537289107,-33.52072822445191],[-70.69664008248316,-33.52071697740449],[-70.69662996611932,-33.52070043949504],[-70.69646915585878,-33.52046659038393],[-70.6965618573969,-33.520419924330085],[-70.6965636190541,-33.52041902832785],[-70.69656574785128,-33.52041793443743],[-70.69656607474616,-33.520417768429205],[-70.69656611260419,-33.52041774700776],[-70.69656660169943,-33.52041749568433],[-70.69657056606765,-33.520415227078445],[-70.69658445830814,-33.52040736634864],[-70.69660153606907,-33.52039550509001],[-70.69661714356057,-33.520382298884215],[-70.69663113047402,-33.520367874914875],[-70.69664336210815,-33.5203523720932],[-70.69665372066622,-33.520335939720404],[-70.69666210639049,-33.52031873604964],[-70.69666843852288,-33.52030092676202],[-70.69667265608267,-33.520282683371015],[-70.69667471845378,-33.520264181570624],[-70.69667460577583,-33.52024559954338],[-70.69667231913533,-33.52022711624429],[-70.69666788055527,-33.52020890967746],[-70.69666133278284,-33.52019115518185],[-70.6966527388778,-33.52017402374257],[-70.69664218160506,-33.5201576803443],[-70.6966297626377,-33.52014228238242],[-70.69661560157759,-33.52012797814716],[-70.69659983480368,-33.52011490539556],[-70.69658261415859,-33.520103190024756],[-70.69656410548617,-33.520092944859655],[-70.69654448703452,-33.52008426856627],[-70.69652394773917,-33.520077244701596],[-70.69650268540374,-33.52007194090895],[-70.696480904795,-33.52006840826643],[-70.69645881567074,-33.520066680795175],[-70.69643663075996,-33.520066775131596],[-70.69641456371409,-33.52006869036723],[-70.69639282704948,-33.52007240805748],[-70.69637163010084,-33.52007789239924],[-70.69635117700527,-33.520085090575634],[-70.69634991799573,-33.5200856611414],[-70.69634962619558,-33.520085765346074],[-70.69634469792577,-33.52008802680495],[-70.69633166473629,-33.520093933264725],[-70.69632536078292,-33.52009713461909],[-70.69624283854132,-33.52013867673653],[-70.69617252273078,-33.52003760378901],[-70.69660244809573,-33.519826968922445],[-70.69660507170094,-33.51982553434106],[-70.69660780939356,-33.519824258057035],[-70.69690000600838,-33.519671847577825],[-70.69691063794076,-33.51966955410776],[-70.69693147620866,-33.51966317815842],[-70.6969514680097,-33.519655122100346],[-70.6969704208111,-33.51964546351831],[-70.69698815208638,-33.51963429543022],[-70.69700449107337,-33.51962172539147],[-70.69701338414565,-33.51961339660266],[-70.69728202485338,-33.5194757908805],[-70.69728610954073,-33.51947369857493],[-70.69730444525644,-33.51946323766825],[-70.697321468531,-33.519451321778256],[-70.69733701542079,-33.51943806566208],[-70.69735093620082,-33.51942359698394],[-70.69736309680673,-33.51940805508567],[-70.69737338012582,-33.51939158964473],[-70.69738168712496,-33.51937435923277],[-70.69738793780425,-33.51935652978848],[-70.69739207196741,-33.51933827301941],[-70.69739404980153,-33.51931976474839],[-70.69739385226033,-33.519301183220236],[-70.69739148124765,-33.5192827073852],[-70.69738695959899,-33.51926451517545],[-70.69738033086153,-33.519246781791715],[-70.69737165887479,-33.51922967801577],[-70.69736102715562,-33.519213368565886],[-70.69734853809405,-33.51919801051047],[-70.69733431196698,-33.519183751755456],[-70.69731848578002,-33.51917072961988],[-70.69730121194792,-33.519159069513414],[-70.69728265682676,-33.51914888372874],[-70.69726299911193,-33.519140270360026],[-70.69724242811711,-33.51913331235826],[-70.69722114195119,-33.51912807673241],[-70.69719934561039,-33.5191246139042],[-70.69717724900407,-33.519122957222336],[-70.69715506493326,-33.51912312264154],[-70.69713300704129,-33.51912510856879],[-70.69711128775636,-33.51912889587867],[-70.69709011624582,-33.519134448097574],[-70.69706969640177,-33.51914171175498],[-70.69705022487753,-33.519150616898386],[-70.69704614019908,-33.51915270919592],[-70.69669543944276,-33.519332348006664],[-70.6966940151748,-33.51933316057218],[-70.6966939719427,-33.519333180726704],[-70.69637146455156,-33.51950140117817],[-70.69596812395078,-33.51969901102537],[-70.69594065370774,-33.51970212126972],[-70.69591909286713,-33.51967088094022],[-70.69585754865702,-33.51958170714915],[-70.69589264469697,-33.519565042748425],[-70.69589635865304,-33.51956400984987],[-70.69591704506088,-33.51955729595741],[-70.69593684618746,-33.5195489160491],[-70.69595557133633,-33.51953895082852],[-70.69597304017351,-33.51952749626677],[-70.69598175227576,-33.51952052758694],[-70.69621990473391,-33.519399607726],[-70.69656503737211,-33.519233485309094],[-70.69656503737544,-33.51923348530732],[-70.69656503737902,-33.51923348530578],[-70.69657185922689,-33.51923020173507],[-70.69657278658569,-33.51922970313215],[-70.69680958503244,-33.51912045250697],[-70.69681073162394,-33.519119860301444],[-70.69681193609289,-33.519119352522814],[-70.69706179074923,-33.51900080621909],[-70.69720924865916,-33.51893084318538],[-70.6974299448604,-33.51883041429422],[-70.69744889551934,-33.5188207530159],[-70.69746662435789,-33.51880958240545],[-70.69748296063726,-33.518797010042526],[-70.69749774703011,-33.51878315700642],[-70.69751084113561,-33.518768156710024],[-70.6975221168508,-33.518752153614926],[-70.69753146558514,-33.51873530184015],[-70.69753879730614,-33.5187177636779],[-70.69754404140639,-33.51869970803063],[-70.69754714738364,-33.518681308784274],[-70.69754808532699,-33.5186627431338],[-70.69754684620492,-33.51864418987651],[-70.69754344195219,-33.518625827690386],[-70.69753790535495,-33.51860783341302],[-70.69753028973486,-33.518590380338885],[-70.69752066843554,-33.518573636550194],[-70.69750913411617,-33.51855776329832],[-70.69749579785913,-33.518542913450815],[-70.69748078810025,-33.518529230019276],[-70.69746424939173,-33.518516844782035],[-70.6974463410102,-33.51850587701515],[-70.69742723542268,-33.51849643234365],[-70.6974071166257,-33.51848860172446],[-70.69738617837334,-33.51848246057025],[-70.69736462231128,-33.51847806802336],[-70.69734265603496,-33.51847546638628],[-70.69732049109025,-33.518474680713986],[-70.6972983409363,-33.51847571857298],[-70.69727641888981,-33.5184785699682],[-70.69725493607079,-33.51848320743938],[-70.69723409936931,-33.51848958632542],[-70.6972141094532,-33.5184976451946],[-70.69705622780134,-33.518569489977],[-70.69703618029585,-33.51857382145911],[-70.69701534521089,-33.51858020410251],[-70.69699535734394,-33.51858826657646],[-70.69697640918828,-33.518597931235355],[-70.69695868322444,-33.51860910500378],[-70.6969423501628,-33.518621680272815],[-70.69694115569341,-33.51862279982381],[-70.6968389514552,-33.518671291650406],[-70.69659027298228,-33.51878927972613],[-70.69635050745552,-33.51889989909147],[-70.69634743051392,-33.518901488295626],[-70.69634658882524,-33.51890184861948],[-70.69633976699353,-33.5189051321774],[-70.69633976699347,-33.51890513217744],[-70.69599234319153,-33.51907235713802],[-70.69599011718593,-33.519073553957426],[-70.69598779063956,-33.5190746081156],[-70.69568604819118,-33.519227814873375],[-70.69564658708535,-33.519246551886184],[-70.69564532651987,-33.519245824663244],[-70.69562591037271,-33.5192368350379],[-70.69560553575161,-33.51922948275689],[-70.69558439887425,-33.51922383862631],[-70.69556270329923,-33.51921995700191],[-70.69554065796545,-33.519217875265696],[-70.69551847518015,-33.5192176134658],[-70.69549636857433,-33.51921917412355],[-70.6954745510453,-33.519222542209064],[-70.69545323270651,-33.51922768528613],[-70.69543261886407,-33.519234553824425],[-70.69541290803959,-33.5192430816766],[-70.69539429005829,-33.51925318671526],[-70.695376944221,-33.51926477162392],[-70.69536103757737,-33.51927772483413],[-70.69534672331707,-33.51929192159997],[-70.69533413929457,-33.51930722519942],[-70.69532340670136,-33.51932348825091],[-70.69531462889904,-33.519340554132874],[-70.6953078904236,-33.51935825849192],[-70.69530325617141,-33.51937643082569],[-70.69530077077414,-33.519394896124844],[-70.69530066973263,-33.519400901766474],[-70.69524954913506,-33.519432805175235],[-70.69524947509966,-33.519432856297016],[-70.69524921693397,-33.51943300634572],[-70.69524792796467,-33.51943392460065],[-70.69524744875355,-33.51943425549807],[-70.69524352868727,-33.5194366228688],[-70.69523651121536,-33.51944180791587],[-70.69523243097984,-33.5194446253357],[-70.69523050416889,-33.51944624638223],[-70.6952268916718,-33.51944891557164],[-70.69522053526808,-33.519454633323065],[-70.69521677845417,-33.51945779396941],[-70.69521503861229,-33.51945957770787],[-70.69521177326642,-33.519462514971025],[-70.6952061465586,-33.51946869410863],[-70.69520274230042,-33.51947218425578],[-70.69520120357197,-33.519474122396424],[-70.6951983190698,-33.51947729009787],[-70.6951934784549,-33.51948385274289],[-70.6951904576948,-33.51948765760907],[-70.69518913508959,-33.519489741242644],[-70.69518665865364,-33.51949309866016],[-70.69518264736178,-33.51949996201403],[-70.69518004294534,-33.5195040650129],[-70.69517895234235,-33.51950628422208],[-70.69517690431476,-33.519509788413316],[-70.69517375181465,-33.519516866493376],[-70.69517159835259,-33.51952124845551],[-70.69517075638188,-33.51952359192037],[-70.6951691499937,-33.5195271986263],[-70.69516687175269,-33.519534404042865],[-70.69516520524364,-33.51953904245128],[-70.69516462904626,-33.5195414970727],[-70.69516347036988,-33.51954516162959],[-70.69516206796911,-33.519552407351256],[-70.69516092518882,-33.51955727563461],[-70.69516063206025,-33.51955982619664],[-70.6951599201424,-33.51956350442991],[-70.6951593817356,-33.519570705484696],[-70.69515879940866,-33.51957577241015],[-70.69515880633637,-33.51957840130321],[-70.69515853350326,-33.51958205037617],[-70.69515883459684,-33.51958912543859],[-70.69515884837699,-33.51959435464389],[-70.69515917148804,-33.5195970416675],[-70.69515932380791,-33.519600620860835],[-70.69516042832912,-33.5196074936803],[-70.6951610716236,-33.51961284337874],[-70.69516172556267,-33.519615565639704],[-70.69516228344673,-33.51961903703987],[-70.69516414505749,-33.519625637671844],[-70.69516544773876,-33.519631060557934],[-70.69516644500017,-33.51963379247645],[-70.69516738391803,-33.51963712155525],[-70.6951699475251,-33.5196433873641],[-70.69517193457938,-33.51964883073975],[-70.69517328482026,-33.519651544171694],[-70.69517457610272,-33.51965470024286],[-70.69517615794088,-33.51965802479615],[-70.69517784085595,-33.51966111197997],[-70.69517948079239,-33.519664669879354],[-70.69518268346582,-33.51966999538995],[-70.69518537257608,-33.519674928363095],[-70.69518745342516,-33.519677927033634],[-70.6951894611894,-33.51968126560885],[-70.69519319606707,-33.51968620264018],[-70.69519652092002,-33.51969099401849],[-70.69519899582657,-33.5196938691802],[-70.69520133558464,-33.51969696204051],[-70.69520554208103,-33.51970147412884],[-70.69520949560875,-33.51970606704071],[-70.6952123558174,-33.519708782865585],[-70.69521498962173,-33.519711608008556],[-70.69521960466557,-33.51971566578966],[-70.69522417168929,-33.5197200022678],[-70.69522740319995,-33.51972252265615],[-70.6952302918051,-33.519725062463735],[-70.69523525110779,-33.51972864356193],[-70.69524040782306,-33.519732665495305],[-70.69524399113475,-33.51973495470903],[-70.69524709476642,-33.51973719583173],[-70.6952523339975,-33.51974028458111],[-70.6952580476471,-33.51974393476883],[-70.69526195762826,-33.51974595811924],[-70.6952652366837,-33.519747891261005],[-70.69527069252115,-33.51975047828057],[-70.6952769212798,-33.519753701558614],[-70.69528112717968,-33.519755426129564],[-70.69528454283981,-33.519757045748186],[-70.69529015386789,-33.519759127397265],[-70.69529684695715,-33.51976187180462],[-70.69530131256575,-33.51976326718893],[-70.69530482730522,-33.51976457113012],[-70.69531053474122,-33.51976614887364],[-70.69531763278304,-33.519768366822454],[-70.6953223167439,-33.519769405847995],[-70.69532589472841,-33.519770394932856],[-70.69533164296506,-33.51977147464817],[-70.69533907857756,-33.519773124061224],[-70.69534393485247,-33.51977378348377],[-70.69534754221746,-33.51977446106967],[-70.69535327917643,-33.519775052327695],[-70.69536097780471,-33.51977609770589],[-70.6953659562819,-33.519776358844794],[-70.69536956129392,-33.519776730381245],[-70.69537523859564,-33.519776845734725],[-70.69538311956165,-33.5197772591185],[-70.69538816679632,-33.519777108413635],[-70.69539173990071,-33.51977718101276],[-70.69539731286005,-33.519776835321736],[-70.69540529060977,-33.51977659711394],[-70.69541035067927,-33.51977602658401],[-70.6954138644443,-33.51977580862443],[-70.69541929191112,-33.519775018447056],[-70.69542727742834,-33.51977411806776],[-70.69543229288136,-33.5197731256528],[-70.69543572185188,-33.51977262643322],[-70.69544096591977,-33.51977140950555],[-70.695448868271,-33.519769845854775],[-70.69545378114537,-33.51976843562946],[-70.69545710162339,-33.519767665085595],[-70.69545915064793,-33.51976700247475],[-70.69552537014347,-33.5198621437714],[-70.69555061717456,-33.51989841754258],[-70.69541950706532,-33.519961019255554],[-70.69541704643156,-33.51996233216213],[-70.69541448632661,-33.519963489114595],[-70.69518576647877,-33.52007933295604],[-70.69497853179986,-33.52017975184853],[-70.69495989678109,-33.52018983509438],[-70.69494253145105,-33.520201399697214],[-70.69492660304712,-33.52021433428414],[-70.69491226496855,-33.52022851428859],[-70.69489965529914,-33.520243803149945],[-70.69488889547743,-33.52026005362862],[-70.69488008912718,-33.52027710922408],[-70.69487332105936,-33.52029480568204],[-70.69486865645533,-33.52031297257621],[-70.69486614023901,-33.52033143494965],[-70.69486579664438,-33.520350014999735],[-70.69486762898178,-33.52036853379037],[-70.6948716196062,-33.52038681297534],[-70.69487773008701,-33.520404676515895],[-70.69488590157809,-33.52042195237598],[-70.6948960553845,-33.52043847417923],[-70.69490809372031,-33.52045408281114],[-70.69492190065027,-33.520468627951495],[-70.69493734320638,-33.52048196952212],[-70.69495427266834,-33.520493979035805],[-70.69497252599594,-33.52050454083376],[-70.69499192739907,-33.52051355319964],[-70.69501229003087,-33.5205209293389],[-70.69503341778706,-33.52052659821497],[-70.69505510719462,-33.52053050523314],[-70.69507714937144,-33.52053261276649],[-70.69509933203793,-33.52053290051823],[-70.69512144156145,-33.5205313657172],[-70.6951432650139,-33.520528023144514],[-70.6951645922222,-33.520522904991196],[-70.69518521779251,-33.5205160605482],[-70.69520494308836,-33.520507555731726],[-70.69541407489275,-33.52040621739808],[-70.69541591675058,-33.520405220777846],[-70.69541784654672,-33.520404348676124],[-70.6956459608364,-33.52028881136118],[-70.6957756101775,-33.520226907030995],[-70.6958491158835,-33.520333373814985],[-70.69558462668583,-33.52046012389845],[-70.69546752161031,-33.52051394912526],[-70.69544918331701,-33.520518700585015],[-70.6954287335699,-33.52052590565493],[-70.69540922544428,-33.520534754920796],[-70.6953908468134,-33.520545163159895],[-70.69537377467297,-33.52055703013572],[-70.69535817343693,-33.52057024156338],[-70.69534419335369,-33.52058467021018],[-70.6953319690595,-33.52060017712091],[-70.69532161828154,-33.5206166129561],[-70.69532081526589,-33.52061826224801],[-70.6953191859357,-33.520620683395414],[-70.6953102390214,-33.520637687598565],[-70.69530332506062,-33.520655344448684],[-70.6952985106398,-33.52067348390096],[-70.69529584212569,-33.52069193126277],[-70.69529534521892,-33.52071050887599],[-70.69529702470635,-33.5207290378281],[-70.69530086441499,-33.52074733967496],[-70.69530682736762,-33.52076523815958],[-70.6953148561389,-33.52078256090944],[-70.6953248734084,-33.52079914109656],[-70.69533678270507,-33.52081481904417],[-70.69535046933645,-33.52082944376456],[-70.69536580149307,-33.52084287441305],[-70.6953826315179,-33.520854981644646],[-70.69540079732833,-33.52086564885949],[-70.69542012397717,-33.52087477332593],[-70.69544042533742,-33.52088226716995],[-70.69546150589495,-33.5208880582213],[-70.69548316263129,-33.520892090708685],[-70.69550518697896,-33.520894325796874],[-70.69552736683008,-33.520894741960596],[-70.69554948857918,-33.52089333519205],[-70.69557133918035,-33.52089011903925],[-70.69559270819904,-33.520885124475804],[-70.6956133898388,-33.52087839960239],[-70.6956331849231,-33.52087000918363],[-70.69564617920958,-33.52086381263231],[-70.69580391100193,-33.52079131400401],[-70.69580562801892,-33.52079043033099],[-70.69580742152559,-33.52078966611782],[-70.69607566575918,-33.52066111632832],[-70.69608141846822,-33.52066935550347],[-70.69606706173997,-33.520681970185166],[-70.69592648287522,-33.520818797887316],[-70.69550249787471,-33.52102189960636],[-70.69548380316279,-33.52103190526081],[-70.69546636935868,-33.5210433975315],[-70.69545036435917,-33.52105626574215],[-70.69543594230115,-33.52107038596543],[-70.69542324207717,-33.52108562221643],[-70.69541238599787,-33.52110182776224],[-70.69540347861401,-33.521118846535046],[-70.69539660570953,-33.52113651463522],[-70.69539183347544,-33.52115466190954],[-70.69538920787221,-33.52117311359006],[-70.69538875418722,-33.521191691977116],[-70.69539047679109,-33.521210218150635],[-70.69539435909559,-33.521228513693316],[-70.69540036371326,-33.521246402408856],[-70.69540843281753,-33.521263712018786],[-70.69541848869949,-33.521280275821724],[-70.6954304345163,-33.52129593429862],[-70.69544415522373,-33.521310536649324],[-70.69545951868415,-33.52132394224462],[-70.69547637693904,-33.521336021980694],[-70.69549456763393,-33.52134665952258],[-70.69551391558194,-33.52135575242437],[-70.69553423445102,-33.52136321311596],[-70.69555532855833,-33.52136896974647],[-70.69557699475496,-33.52137296687605],[-70.69559902438229,-33.521375166009975],[-70.69562120528161,-33.52137554596932],[-70.69564332383734,-33.52137410309486],[-70.69566516703433,-33.52137085128238],[-70.69568652450938,-33.52136582184889],[-70.69570719057714,-33.52135906323088],[-70.69572696621111,-33.521350640517994],[-70.6961847083572,-33.52113136766474],[-70.69618910682138,-33.521129013517054],[-70.6961936454472,-33.52112685406779],[-70.6961984485321,-33.521124013642094],[-70.69620340300453,-33.521121361906445],[-70.69620750479798,-33.52111865798928],[-70.69621176886236,-33.5211161363261],[-70.69621621642212,-33.52111291525401],[-70.69622083672166,-33.521109869534655],[-70.69622460234181,-33.521106841888354],[-70.69622855077932,-33.52110398229638],[-70.6962325999815,-33.5211004115987],[-70.6962368416121,-33.52109700122779],[-70.69624023479389,-33.521093679010384],[-70.69624382957898,-33.52109050902915],[-70.69631984309181,-33.52101652366794],[-70.69636102676405,-33.52107818909419],[-70.69634050952081,-33.5210910889716],[-70.69601408000572,-33.52125362934366],[-70.69557886726778,-33.5214594740527],[-70.69556625059798,-33.5214653801927],[-70.69531987836119,-33.52157916935988],[-70.6953009996761,-33.521588929834635],[-70.69528335410051,-33.52160019319995],[-70.6952671115706,-33.52161285098399],[-70.69525242851077,-33.52162678128597],[-70.69523944632716,-33.52164184995],[-70.69522829004579,-33.521657911857176],[-70.69521906710845,-33.521674812323035],[-70.69521186633801,-33.52169238858723],[-70.69520675708301,-33.52171047138106],[-70.69520378854959,-33.52172888655753],[-70.69520298932771,-33.521747456768566],[-70.6952043671157,-33.521766003172885],[-70.69520790864613,-33.52178434715835],[-70.69521357981337,-33.52180231206213],[-70.6952213260022,-33.521819724872046],[-70.6952310726136,-33.52183641789283],[-70.69524272578316,-33.52185223036105],[-70.69525617328507,-33.5218670099935],[-70.6952712856129,-33.52188061445367],[-70.69528791722668,-33.5218929127226],[-70.69530590795469,-33.521903786360625],[-70.69532508453584,-33.5219131306482],[-70.69534526228846,-33.5219208555942],[-70.69536624688882,-33.5219268868028],[-70.69538783624265,-33.52193116618981],[-70.69540982243132,-33.52193365254222],[-70.69543199371455,-33.521934321914934],[-70.69545413656931,-33.52193316786157],[-70.69547603774645,-33.52193020149639],[-70.69549748632436,-33.52192545138734],[-70.69551827574031,-33.521918963280875],[-70.69553820577987,-33.521910799661455],[-70.69558674629471,-33.521888380830205],[-70.69564868702088,-33.52198294916836],[-70.69566029938953,-33.52199878268652],[-70.69567370875353,-33.5220135866188],[-70.69568878597369,-33.52202721839469],[-70.6957053858482,-33.52203954673218],[-70.69572334851095,-33.52205045290204],[-70.69574250097124,-33.52205983187138],[-70.69576265877966,-33.52206759331511],[-70.69578362780452,-33.52207366248588],[-70.69580520610157,-33.52207798093394],[-70.6958271858587,-33.52208050707003],[-70.69584935539754,-33.522081216566015],[-70.69587150121187,-33.52208010258904],[-70.69589341002403,-33.52207717586737],[-70.69591487083888,-33.52207246458724],[-70.69593567697586,-33.522066014121116],[-70.69595562805947,-33.522057886590936],[-70.69597453194905,-33.52204816026975],[-70.69599220658921,-33.52203692882787],[-70.6960084817632,-33.522024300430786],[-70.69602320073216,-33.52201039669744],[-70.69603622174455,-33.52199535152895],[-70.6960474194014,-33.52197930981905],[-70.69605668586388,-33.521962426058664],[-70.69606393189186,-33.52194486284801],[-70.69606908770322,-33.52192678933076],[-70.69607210364596,-33.52190837956499],[-70.69607295067627,-33.5218898108469],[-70.69607162063815,-33.52187126200339],[-70.696068126342,-33.52185291166988],[-70.69606250144108,-33.521834936569874],[-70.69605480010746,-33.52181750981308],[-70.6960450965102,-33.521800799228316],[-70.69598162565048,-33.52170389540194],[-70.69623859830133,-33.521582353296196],[-70.69624073137449,-33.521581225335666],[-70.6962429603903,-33.521580236047626],[-70.69658201760326,-33.52141140762661]]]}},{"type":"Feature","properties":{"numpos":"90483","TIPO":"DESCARGO","TENSION":"MT","INCIDENCIA":"DF202671814597","CLITOTAL":"502","CANTAVISOS":"","FECHA_INICIO":"","FECHA_FIN":"","DESCARGO":"DF202671814597(TP20267213817646)","ESTADODESC":"789","ESTADOINC":" ","CLI_PLAN":"1","FECHA_INIDESC":"10-10-2026 10:00","FECHA_FINDESC":"10-10-2026 16:00","FECHA_REPOSICION":"10-10-2026 16:00","id_alim":"535"},"geometry":{"type":"Polygon","coordinates":[[[-70.69548173204801,-33.52349011047675],[-70.69547555655315,-33.523497490775306],[-70.69547539277187,-33.52349773423452],[-70.69547520209439,-33.523497963547555],[-70.69546994768555,-33.523505828299136],[-70.69546466561539,-33.523513680040374],[-70.69546453111384,-33.52351393577302],[-70.69546436819017,-33.523514179635605],[-70.69546005946513,-33.52352243787948],[-70.69545572168899,-33.5235306854475],[-70.69545561776255,-33.5235309509907],[-70.69545548416173,-33.523531207054354],[-70.69545216261615,-33.523539779259295],[-70.69544881090985,-33.5235483432257],[-70.69544873855938,-33.523548616022154],[-70.69544863556807,-33.5235488818208],[-70.69544633319057,-33.52355768543254],[-70.69544399983367,-33.52356648332123],[-70.695443959756,-33.52356676074374],[-70.69544388836607,-33.523567033717626],[-70.69544262733041,-33.52357598395281],[-70.69544133479508,-33.52358493103529],[-70.69544132737616,-33.52358521041211],[-70.69544128827518,-33.52358548793235],[-70.69544108072655,-33.52359449859508],[-70.69544084146116,-33.523603508706344],[-70.6954408667725,-33.52360378734696],[-70.69544086033703,-33.52360406674088],[-70.69544170827491,-33.52361305105365],[-70.69544252458444,-33.52362203742127],[-70.69544258238226,-33.52362231264222],[-70.69544260867431,-33.52362259121911],[-70.69544450393327,-33.52363146265801],[-70.69544636795685,-33.5236403387383],[-70.69544645768455,-33.52364060788903],[-70.69544651645093,-33.52364088296603],[-70.69544944077919,-33.52364955609396],[-70.6954523345659,-33.52365823640551],[-70.6954524553594,-33.52365849689396],[-70.69545254603416,-33.523658765821914],[-70.69545647126937,-33.52366715711179],[-70.69546036695105,-33.523675558058216],[-70.69546051764705,-33.52367580737571],[-70.695460639357,-33.523676067564736],[-70.69546552769744,-33.523684096203624],[-70.69547038775707,-33.52369213687905],[-70.69547056690429,-33.52369237262455],[-70.69547071847727,-33.52369262156883],[-70.69547652284608,-33.523700210236555],[-70.69548230047884,-33.523707813204375],[-70.695482506352,-33.52370803310749],[-70.69548268632832,-33.52370826840958],[-70.6954893508272,-33.5237153440235],[-70.69549599039094,-33.5237224360621],[-70.69549622100733,-33.52372263800504],[-70.69549642765375,-33.52372285739883],[-70.69550388809934,-33.52372935181579],[-70.69551132565228,-33.523735864625536],[-70.69551157879101,-33.5237360466635],[-70.69551181011735,-33.523736248036066],[-70.69551999466071,-33.52374209871043],[-70.69552815857593,-33.5237479695697],[-70.69552843179913,-33.523748129949546],[-70.69552868557759,-33.52374831136157],[-70.69553751539716,-33.523753461948225],[-70.69554632705135,-33.52375863431679],[-70.69554661772773,-33.52375877149396],[-70.69554689151428,-33.52375893119834],[-70.6955562815743,-33.523763332094425],[-70.6955656561057,-33.52376775615897],[-70.69556596143585,-33.52376786881233],[-70.6955662525938,-33.52376800527103],[-70.69557611246307,-33.52377161409353],[-70.69558595958883,-33.52377524724738],[-70.69558627663221,-33.52377533429204],[-70.69558658235758,-33.52377544619088],[-70.69579790166105,-33.523842653223454],[-70.6957983842964,-33.52384278441198],[-70.69579885016151,-33.52384295284301],[-70.6958089345315,-33.52384565214564],[-70.69581900435024,-33.52384838929293],[-70.69581950001422,-33.52384848022758],[-70.69581998334705,-33.52384860960214],[-70.69583033504998,-33.523850468025586],[-70.6958406767007,-33.5238523653061],[-70.69584118061971,-33.52385241511108],[-70.69584167676554,-33.52385250418322],[-70.6958521961084,-33.523853503829784],[-70.69586270999456,-33.52385454297155],[-70.69586321731563,-33.52385455116724],[-70.69586372149621,-33.52385459907914],[-70.69587430717127,-33.52385473032161],[-70.69588489203778,-33.52385490131709],[-70.69588539787505,-33.52385486782456],[-70.69588590523489,-33.5238548741148],[-70.69589645529551,-33.523854135689284],[-70.69590700920381,-33.52385343689168],[-70.6959075086858,-33.52385336203347],[-70.69590801433864,-33.52385332664147],[-70.6959184271809,-33.52385172565953],[-70.69592884849084,-33.52385016379868],[-70.69592933680723,-33.52385004829572],[-70.69592983588333,-33.52384997156234],[-70.69594001122641,-33.523847523442264],[-70.69595019957333,-33.52384511355999],[-70.69595067202127,-33.523844958524656],[-70.6959511597143,-33.52384484118888],[-70.69596099956377,-33.52384156950736],[-70.69597085682754,-33.52383833481252],[-70.69597130885708,-33.52383814173791],[-70.69597178047024,-33.52383798492973],[-70.69598119006143,-33.52383392119531],[-70.6959906213118,-33.52382989283974],[-70.69599104856972,-33.52382966358525],[-70.69599149956105,-33.523829468814846],[-70.69600038827336,-33.52382465216417],[-70.69600930268255,-33.52381986894294],[-70.69600970105412,-33.523819605716405],[-70.69601012708027,-33.523819374859585],[-70.69601840931134,-33.52381385167945],[-70.6960267210275,-33.523808359658254],[-70.69602708667605,-33.52380806499478],[-70.69602748363427,-33.52380780027474],[-70.69603507962161,-33.52380162375651],[-70.69604270859811,-33.523795475826994],[-70.69604303800236,-33.52379515256428],[-70.6960434020696,-33.5237948565305],[-70.69605023865961,-33.523788086157765],[-70.69605711142539,-33.523781341528036],[-70.6960574014129,-33.523780992779365],[-70.69605772908312,-33.52378066828278],[-70.69605891656718,-33.523779226431785],[-70.69606138306321,-33.52377678743846],[-70.69607399400776,-33.52376149903591],[-70.69608475507026,-33.523745248949986],[-70.69609356261661,-33.523728193678345],[-70.69610033182629,-33.52371049747298],[-70.6961049975093,-33.52369233075831],[-70.69610751473381,-33.52367386848992],[-70.69610785925896,-33.52365528846962],[-70.69610602776818,-33.52363676963318],[-70.6961020379011,-33.52361849032695],[-70.69609916832053,-33.523610100317775],[-70.69621909095969,-33.52355289294028],[-70.69622095208682,-33.523551900774066],[-70.69622290055591,-33.5235510341864],[-70.69663720876405,-33.52334432841912],[-70.69665593489572,-33.52333389488947],[-70.69667333061761,-33.523321954573],[-70.69668922376216,-33.52330862564498],[-70.6967034570332,-33.52329404002389],[-70.6967040875091,-33.5232933240106],[-70.69671636395208,-33.523277845834876],[-70.69672676992549,-33.523261434344974],[-70.69673520521499,-33.523244247592984],[-70.69674158858511,-33.523226451097074],[-70.69674585856171,-33.52320821624753],[-70.69674797402388,-33.523189718656056],[-70.69674791459997,-33.52317113646469],[-70.69674568086363,-33.52315264863002],[-70.6967412943283,-33.52313443319983],[-70.69673479724001,-33.52311666559844],[-70.69672625217038,-33.52309951693716],[-70.69671574141405,-33.52308315236658],[-70.69670336619605,-33.52306772948594],[-70.696689245697,-33.523053396825446],[-70.69667351590522,-33.52304029241591],[-70.69665632830716,-33.52302854245935],[-70.69663784842844,-33.523018260113744],[-70.69661825423981,-33.52300954440318],[-70.6965977344432,-33.52300247926428],[-70.69657648665445,-33.522997132737785],[-70.69655471550017,-33.522993556313416],[-70.69653263064717,-33.522991784433884],[-70.69651044478331,-33.52299183416335],[-70.69648837156917,-33.52299370502288],[-70.69646662358053,-33.52299737899525],[-70.69644541026113,-33.523002820698395],[-70.69642493590574,-33.523009977726055],[-70.69640539769263,-33.52301878115259],[-70.6963991725296,-33.52302228524854],[-70.69599340145051,-33.523224731353004],[-70.69587902052535,-33.5232792950542],[-70.69583663592184,-33.52321792512254],[-70.69595444577989,-33.52315925913014],[-70.69629210868072,-33.52299637081035],[-70.6963107674065,-33.52298631760482],[-70.696328159797,-33.522974780996705],[-70.69634411835375,-33.522961872090434],[-70.69635848938708,-33.52294771520638],[-70.69637113449643,-33.52293244668363],[-70.69638193190295,-33.52291621356695],[-70.69639077762254,-33.52289917219059],[-70.69639758646704,-33.52288148667273],[-70.69640229286473,-33.52286332733483],[-70.69640485149172,-33.52284486906149],[-70.69640523770839,-33.52282628961601],[-70.69640344779664,-33.52280776792863],[-70.69639949899572,-33.52278948237314],[-70.69639342933596,-33.522771609049244],[-70.69638529727268,-33.52275432008644],[-70.69637518112309,-33.52273778198649],[-70.69636317831201,-33.52272215401986],[-70.69634940443358,-33.52270758669183],[-70.69633399213808,-33.52269422029319],[-70.6963170898543,-33.52268218354907],[-70.69629886036023,-33.52267159237937],[-70.6962794792153,-33.52266254878229],[-70.69625913306979,-33.52265513985216],[-70.69623801786717,-33.52264943694062],[-70.69621633695725,-33.52264549496955],[-70.69619429913777,-33.522643351902076],[-70.69617211664358,-33.52264302837704],[-70.69615000310287,-33.522644527510145],[-70.69612817147971,-33.52264783486408],[-70.69610683202335,-33.52265291858746],[-70.6960861902432,-33.52265972972161],[-70.69606644492994,-33.52266820267198],[-70.69572742598031,-33.522831744895434],[-70.69572610797354,-33.52283245502185],[-70.695724723242,-33.52283306964933],[-70.6956024564106,-33.522893954990465],[-70.69555598162394,-33.522829469872484],[-70.69555812177023,-33.52282717055818],[-70.69556921783372,-33.522812715066564],[-70.69562814164208,-33.52272770303729],[-70.69598316301374,-33.52255887835372],[-70.69611516307943,-33.52256400185239],[-70.6961202297556,-33.52256399005602],[-70.69612528800008,-33.52256420458086],[-70.69613131377055,-33.52256396424918],[-70.69613734883089,-33.522563950197366],[-70.6961423898441,-33.52256352249057],[-70.69614744872632,-33.52256332072157],[-70.69615341722583,-33.5225625868672],[-70.69615942170606,-33.52256207741383],[-70.69616438849614,-33.522561237898465],[-70.69616939930751,-33.522560621795535],[-70.696175253072,-33.522559401504715],[-70.69618116912972,-33.52255840153784],[-70.69618601384853,-33.52255715828473],[-70.69619092834625,-33.522556133795156],[-70.69619661101936,-33.522554438834966],[-70.69620238166105,-33.52255295797036],[-70.69620705763425,-33.52255132294198],[-70.69621182850494,-33.52254989994261],[-70.69621728537975,-33.522547746647255],[-70.69622285501066,-33.52254579913632],[-70.69622731718816,-33.52254378807169],[-70.69623189850256,-33.52254198027371],[-70.69623707704723,-33.52253938938717],[-70.69624239200803,-33.52253699397958],[-70.69624659739874,-33.522534626242916],[-70.69625094505321,-33.522532451059654],[-70.69625579541614,-33.5225294475358],[-70.6962608045005,-33.52252662729916],[-70.69626471258712,-33.5225239256932],[-70.6962687847276,-33.52252140407253],[-70.69627326021627,-33.522518016834994],[-70.69627791516518,-33.52251479893239],[-70.6962814882953,-33.522511789478614],[-70.69628524571954,-33.52250894570139],[-70.69628930324961,-33.52250520736517],[-70.69629355921688,-33.52250162279349],[-70.69629676296606,-33.52249833448137],[-70.6963001695006,-33.52249519592777],[-70.6963056563874,-33.52248961321706],[-70.69631842275241,-33.522475297373006],[-70.6963295211754,-33.5224600373654],[-70.69633885282782,-33.52244396908195],[-70.69634633461402,-33.522427235607736],[-70.69635189991116,-33.52240998595129],[-70.69635549916254,-33.52239237371741],[-70.69635710031875,-33.52237455573957],[-70.69635668912306,-33.52235669068324],[-70.6963542692383,-33.522338937633016],[-70.69634986221423,-33.52232145467599],[-70.69634350729564,-33.522304397494075],[-70.69633526107276,-33.522287917977636],[-70.69632519697728,-33.52227216287297],[-70.69605780553057,-33.52189724422659],[-70.69600044281988,-33.52181279225809],[-70.69600044281988,-33.52181279225805],[-70.69599799990428,-33.52180919568147],[-70.69599530524899,-33.52180564589212],[-70.69599284487565,-33.52180198374683],[-70.69598936029509,-33.521797814338484],[-70.69598609635695,-33.521793514606046],[-70.69598299897469,-33.52179020282061],[-70.69598012215378,-33.52178676061428],[-70.69597616679445,-33.52178289771043],[-70.69597241506908,-33.52177888628639],[-70.69596894473605,-33.521775844464464],[-70.69596567922653,-33.52177265528425],[-70.69596129123642,-33.52176913600546],[-70.69595708779927,-33.521765451600636],[-70.69595327789838,-33.52176270910495],[-70.69594965518735,-33.52175980359824],[-70.6959448768621,-33.52175666175346],[-70.69594026215752,-33.52175333993162],[-70.69593614935754,-33.52175092324289],[-70.69593220435638,-33.521748329324446],[-70.6959270817317,-33.521745595088504],[-70.69592210018365,-33.52174266792072],[-70.69591772408596,-33.521740600380106],[-70.69591349479428,-33.52173834296585],[-70.69590807720321,-33.521736042591996],[-70.69590277678692,-33.521733538344755],[-70.69589817954318,-33.521731839926396],[-70.69589370668373,-33.52172994069603],[-70.69588804628278,-33.52172809626598],[-70.69588247806143,-33.52172603912602],[-70.69587770396654,-33.52172472624255],[-70.69587303059416,-33.52172320343298],[-70.69586718186284,-33.521721832647],[-70.695861399494,-33.52172024248571],[-70.69585649455767,-33.52171932782805],[-70.6958516656466,-33.521718196059894],[-70.69584568486549,-33.521717312068624],[-70.69583974408164,-33.52171620424837],[-70.69583475558265,-33.52171569666168],[-70.69582981759594,-33.52171496680026],[-70.69582376230757,-33.5217145780799],[-70.69581772037651,-33.52171396330419],[-70.69581269640533,-33.52171386770152],[-70.69580769684951,-33.52171354675344],[-70.69580162530751,-33.521713657025494],[-70.69579554047756,-33.521713541234604],[-70.69579052946999,-33.52171385854865],[-70.69578551644082,-33.52171394959522],[-70.69577948705253,-33.521714557791384],[-70.69577341798797,-33.521714942104374],[-70.69576846825566,-33.52171566927816],[-70.69576348997792,-33.52171617144609],[-70.69575756074592,-33.52171727171864],[-70.69575156595803,-33.521718152422515],[-70.69574672522009,-33.521719282438944],[-70.6957418295864,-33.521720190908574],[-70.69573605755319,-33.5217217726863],[-70.69573019483344,-33.52172314127214],[-70.69572550975437,-33.52172466322208],[-70.6957207438664,-33.52172596927335],[-70.69571518456866,-33.521728017362285],[-70.69570951042864,-33.5217298606082],[-70.69570502616553,-33.5217317597969],[-70.69570043588384,-33.52173345089196],[-70.69569514282104,-33.52173594562007],[-70.69568971194478,-33.52173824572028],[-70.69568547171042,-33.5217405038102],[-70.69568110121477,-33.52174256371281],[-70.69567687001843,-33.521745044503284],[-70.69561168472346,-33.52177392821013],[-70.69560855366522,-33.521775342102956],[-70.69560707255766,-33.521776023577615],[-70.69555395029353,-33.521799733167505],[-70.69554757089863,-33.52180269204394],[-70.69522890973369,-33.521956168157615],[-70.69522901066323,-33.52195496671908],[-70.69522842657051,-33.52193662856054],[-70.69522572658306,-33.52191842380218],[-70.69522093604384,-33.52190052331102],[-70.69521409991734,-33.52188309509818],[-70.69520528236751,-33.521866302741955],[-70.69519456615541,-33.52185030385246],[-70.69518205186247,-33.52183524859244],[-70.69516785694651,-33.52182127826785],[-70.695152114639,-33.521808524001536],[-70.69513497269487,-33.521797105502586],[-70.69511659200556,-33.521787129942865],[-70.6950971450889,-33.52177869095102],[-70.69507681446997,-33.52177186773374],[-70.695055790968,-33.52176672433241],[-70.69503427190533,-33.521763309021935],[-70.69501245925544,-33.52176165385782],[-70.69499055774735,-33.521761774375086],[-70.69496877294404,-33.52176366944266],[-70.69494730931319,-33.521767321273835],[-70.69492636830807,-33.52177269559333],[-70.69490614647681,-33.52177974195891],[-70.69488683361762,-33.52178839423485],[-70.69488285628037,-33.521790389421525],[-70.69484600885121,-33.5218088055661],[-70.69467092806379,-33.52155002516513],[-70.69465905625655,-33.52153432722602],[-70.69464540458806,-33.521519679521084],[-70.69463010453161,-33.5215062231151],[-70.69461330343515,-33.521494087600104],[-70.69459516310216,-33.52148338984713],[-70.69457585823342,-33.5214742328809],[-70.69455557474465,-33.52146670488749],[-70.69453450797593,-33.52146087836523],[-70.69451286081063,-33.52145680942639],[-70.69449084172149,-33.52145453725688],[-70.69446866276303,-33.52145408373883],[-70.69444653752934,-33.52145545323989],[-70.69442467909714,-33.52145863257113],[-70.69440329797379,-33.5214635911141],[-70.69438260007007,-33.52147028111565],[-70.69436278471706,-33.52147863814782],[-70.69434404274666,-33.52148858172831],[-70.69432655465377,-33.52150001609556],[-70.694310488858,-33.521512831130906],[-70.69429600008168,-33.52152690341915],[-70.69428322785996,-33.521542097437006],[-70.6942722951968,-33.52155826685832],[-70.6942633073805,-33.52157525596317],[-70.6942563509696,-33.521592901137645],[-70.69425149295931,-33.52161103244929],[-70.69424878013619,-33.521629475283945],[-70.69424823862758,-33.521648052027096],[-70.6942498736499,-33.521666583774525],[-70.69425366945835,-33.521684892055255],[-70.69425958949849,-33.521702800550315],[-70.6942675767583,-33.52172013679076],[-70.6942775543171,-33.52173673381871],[-70.69445638054196,-33.52200105190351],[-70.69413100742757,-33.52215531316007],[-70.69413100741895,-33.52215531316464],[-70.69413100740981,-33.52215531316849],[-70.69412561670995,-33.52215786891906],[-70.69411745441205,-33.5221621948468],[-70.69411061965516,-33.522165718170925],[-70.69367816378578,-33.52238160105027],[-70.69367558231062,-33.52238303801565],[-70.6936728856736,-33.52238431864766],[-70.69366921745979,-33.52238626585731],[-70.69365987134174,-33.52239178344661],[-70.69365968639384,-33.52239188639691],[-70.69365961973118,-33.52239193198781],[-70.69365108351589,-33.52239697144037],[-70.69363428970719,-33.52240911420786],[-70.69361899776713,-33.52242257721884],[-70.69360535496554,-33.522437230817744],[-70.69359349269043,-33.52245293388294],[-70.69358352518267,-33.52246953518583],[-70.69357554843569,-33.52248687484723],[-70.69356963927093,-33.522504785877075],[-70.69356585459816,-33.5225230957826],[-70.69356423086715,-33.522541628229604],[-70.69356478371671,-33.52256020474046],[-70.69356750782397,-33.5225786464132],[-70.69357237695564,-33.52259677564423],[-70.69357934422055,-33.52261441783887],[-70.69358834252121,-33.52263140309274],[-70.69359928519995,-33.52264756782812],[-70.6936120668735,-33.522662756369265],[-70.69362656444774,-33.52267682244167],[-70.69364263830327,-33.522689630580764],[-70.69366013363995,-33.52270105743658],[-70.69367888196774,-33.52271099296178],[-70.69369870272934,-33.522719341471245],[-70.69371940503913,-33.52272602256388],[-70.69374078952147,-33.522730971896735],[-70.69376265023088,-33.522734141804754],[-70.69376295834695,-33.522734160742516],[-70.69376184867703,-33.52273661478177],[-70.6937560622784,-33.522754553910076],[-70.69375240307498,-33.52277288169869],[-70.69375090630824,-33.52279142164118],[-70.69375158639423,-33.52280999518777],[-70.69375443678473,-33.522828423465],[-70.69375943003028,-33.52284652899825],[-70.69376651804441,-33.5228641374211],[-70.69377563256676,-33.52288107915441],[-70.69378668582034,-33.52289719103954],[-70.69379957135696,-33.522912317909736],[-70.69381416508229,-33.52292631408444],[-70.69383032645085,-33.5229390447722],[-70.69384789981973,-33.522950387369],[-70.69386671594737,-33.522960232638894],[-70.69388659362352,-33.522968485766036],[-70.69390734141439,-33.52297506726787],[-70.69392875950635,-33.52297991376058],[-70.69395064163024,-33.52298297856956],[-70.69397277704792,-33.52298423217888],[-70.6939949525818,-33.52298366251554],[-70.69401695466803,-33.5229812750658],[-70.6940385714131,-33.52297709282228],[-70.69405959463477,-33.52297115606261],[-70.6940798218668,-33.52296352196137],[-70.69409015987615,-33.522958546588605],[-70.69409206552442,-33.52295774333655],[-70.69458439288027,-33.52272418816544],[-70.69458902792921,-33.522721730217555],[-70.69459380291714,-33.52271946798068],[-70.69485284501168,-33.52258227025839],[-70.69489632328859,-33.52264317194617],[-70.69439825129596,-33.52288415425303],[-70.69439792922999,-33.52288432826759],[-70.69439758954357,-33.52288447570927],[-70.69438861494973,-33.52288936083957],[-70.69437960791404,-33.522894227403924],[-70.69437930786557,-33.522894426952675],[-70.69437898695725,-33.52289460163227],[-70.69437709227479,-33.52289574750742],[-70.69435976425213,-33.52290735187079],[-70.69434387767164,-33.52292032291898],[-70.69432958552983,-33.522934535734294],[-70.6943170254681,-33.522949853440124],[-70.69430631844725,-33.522966128519116],[-70.69429756758255,-33.5229832042338],[-70.69429085715063,-33.523000916136105],[-70.69428625177773,-33.52301909365103],[-70.69428379581744,-33.52303756171937],[-70.69428351292336,-33.523056142483604],[-70.69428540582132,-33.52307465700077],[-70.694289456283,-33.523092926965866],[-70.69429562530155,-33.52311077642881],[-70.6943038534671,-33.52312803348922],[-70.69431406153889,-33.523144531951765],[-70.69432615120836,-33.5231601129267],[-70.6943400060459,-33.52317462636019],[-70.69435549262211,-33.52318793247934],[-70.69437246179278,-33.52319990313841],[-70.69439075013524,-33.52321042305284],[-70.6944101815222,-33.523219390909574],[-70.69443056881798,-33.52322672034278],[-70.69445171568077,-33.523232340765645],[-70.69447341845361,-33.523236198050114],[-70.69449546812561,-33.52323825504823],[-70.694517652345,-33.52323849194992],[-70.69453975746423,-33.52323690647368],[-70.69456157059754,-33.52323351388867],[-70.69458288167128,-33.52322834686762],[-70.694603485447,-33.523221455172056],[-70.69462318349812,-33.52321290517323],[-70.69462695126576,-33.52321085426574],[-70.69512356852331,-33.52297057542297],[-70.69520828503069,-33.52308871067201],[-70.69493254637283,-33.52321851813085],[-70.6949137626127,-33.5232284067282],[-70.69489622652048,-33.52323978977658],[-70.694880106978,-33.52325255765157],[-70.69486555922528,-33.523266587392115],[-70.69485272336536,-33.523281743884745],[-70.69484172301509,-33.52329788116462],[-70.6948326641146,-33.52331484382144],[-70.69482563390703,-33.52333246849592],[-70.69482070009828,-33.52335058545314],[-70.69481791020486,-33.523369020217096],[-70.6948172910964,-33.52338759525104],[-70.69481884873657,-33.523406131667194],[-70.69482256812584,-33.52342445094966],[-70.69482841344579,-33.523442376673486],[-70.69483632840392,-33.52345973620381],[-70.69484623677587,-33.52347636235849],[-70.69485804313943,-33.52349209501804],[-70.69487163379335,-33.52350678266783],[-70.69488687785258,-33.52352028385719],[-70.69490362850848,-33.5235324685617],[-70.69492172444284,-33.523543219435474],[-70.69494099138142,-33.52355243294113],[-70.69496124377225,-33.523560020347134],[-70.69498228657287,-33.52356590858223],[-70.69500391712839,-33.52357004093915],[-70.69502592712351,-33.52357237762085],[-70.69504810458855,-33.523572896123724],[-70.69507023594102,-33.52357159145428],[-70.69509210804252,-33.52356847617734],[-70.69511351025146,-33.52356358029496],[-70.6951342364517,-33.523556950957484],[-70.6951540870376,-33.523548652009474],[-70.69543688919944,-33.5234155191065],[-70.69544345546277,-33.523414962976396],[-70.6954893233558,-33.52348126514041],[-70.69548828961582,-33.523482273563296],[-70.6954880981321,-33.52348250240449],[-70.69548788153718,-33.523482714959556],[-70.69548173204801,-33.52349011047675]],[[-70.69571704593336,-33.52215792152391],[-70.69576605203225,-33.522226635226566],[-70.69535512960411,-33.522422042344466],[-70.69535512960405,-33.522422042344495],[-70.69535512960388,-33.52242204234457],[-70.69535110301206,-33.52242395711037],[-70.69535058497205,-33.522424234037715],[-70.69535000101472,-33.52242448457497],[-70.69529188219164,-33.52245248435438],[-70.6952443216442,-33.52238541960956],[-70.69529276014441,-33.52236233650495],[-70.69529408285882,-33.522361632055684],[-70.69571704593336,-33.52215792152391]]]}},{"type":"Feature","properties":{"numpos":"99416","TIPO":"DESCARGO","TENSION":"MT","INCIDENCIA":"DF202671814597","CLITOTAL":"502","CANTAVISOS":"","FECHA_INICIO":"","FECHA_FIN":"","DESCARGO":"DF202671814597(TP20267213817646)","ESTADODESC":"789","ESTADOINC":" ","CLI_PLAN":"1","FECHA_INIDESC":"10-10-2026 10:00","FECHA_FINDESC":"10-10-2026 16:00","FECHA_REPOSICION":"10-10-2026 16:00","id_alim":"535"},"geometry":{"type":"Polygon","coordinates":[[[-70.69484050672605,-33.52180092181438],[-70.69501887444119,-33.52171374571747],[-70.69502277487364,-33.521711617910235],[-70.6950268137171,-33.52170967970257],[-70.6952115617506,-33.52161063047843],[-70.69540545383839,-33.52151637276261],[-70.69541267655329,-33.52151357597499],[-70.69541331919854,-33.521513259713856],[-70.69541399368437,-33.52151299400813],[-70.69542288186162,-33.52150855369756],[-70.69543180476558,-33.52150416252098],[-70.69543240730614,-33.521503795023044],[-70.69543304745011,-33.52150347522304],[-70.69543874374632,-33.521499952646316],[-70.69556203667514,-33.521436643860724],[-70.69558013558601,-33.521426307690234],[-70.69559695517492,-33.521414552865785],[-70.69561233752142,-33.521401489754766],[-70.69562613819961,-33.52138724100824],[-70.69563822763428,-33.52137194040921],[-70.69564849231742,-33.52135573161659],[-70.695656835874,-33.521338766816314],[-70.69566317996677,-33.52132120529245],[-70.69566746503172,-33.52130321193168],[-70.69566965083735,-33.52128495567509],[-70.69566971686227,-33.52126660793205],[-70.6956676624879,-33.52124834097079],[-70.69566350700427,-33.52123032630094],[-70.6956572894287,-33.521212733063265],[-70.6956490681395,-33.5211957264416],[-70.69563892032794,-33.5211794661119],[-70.69562694127322,-33.52116410474308],[-70.69561324344805,-33.52114978656358],[-70.6955979554625,-33.521136646007264],[-70.69558122085655,-33.52112480645119],[-70.69556319675233,-33.521114379057266],[-70.69554405237892,-33.5211054617285],[-70.6955239674834,-33.52109813818991],[-70.6955031306434,-33.521092477202295],[-70.69548173749631,-33.52108853191684],[-70.69545998890271,-33.52108633937586],[-70.69543808906035,-33.52108592016522],[-70.69541624358705,-33.521087278220904],[-70.69539465759023,-33.52109040079219],[-70.69537353374108,-33.52109525856124],[-70.69535307037175,-33.52110180591845],[-70.69535226966926,-33.52110210008845],[-70.69533241445973,-33.521110390333995],[-70.69532579194093,-33.52111387277189],[-70.69532572337805,-33.521113779096936],[-70.69519459404847,-33.521181111619846],[-70.69519275301433,-33.52118190210467],[-70.69498034401673,-33.52128516139174],[-70.69497621664473,-33.5212874015494],[-70.69497194927608,-33.52128944943129],[-70.694786979583,-33.52138861733059],[-70.69466550289827,-33.52144798824221],[-70.6946081598889,-33.52144795389223],[-70.69456612921283,-33.521388290212656],[-70.69457625320632,-33.52138278105833],[-70.69473464638241,-33.52130377715307],[-70.69505927367571,-33.521150725823645],[-70.69506005852801,-33.52115043029292],[-70.695066138506,-33.52114751004926],[-70.69507232096088,-33.521144785229424],[-70.69537736029612,-33.5209938908826],[-70.695391355598,-33.52099112174866],[-70.69541234288488,-33.520985097654254],[-70.69543252415104,-33.52097737954901],[-70.69545170503903,-33.52096804176296],[-70.69546970082574,-33.520957174224655],[-70.69548633820155,-33.52094488159493],[-70.69550145693928,-33.52093128225915],[-70.69550378285032,-33.520928728057754],[-70.69563462180572,-33.5208653822163],[-70.69565326136372,-33.5208553046796],[-70.6956706318607,-33.52084374539301],[-70.69568656600899,-33.52083081567937],[-70.69570091035408,-33.52081664005947],[-70.69571352675233,-33.520801355052825],[-70.69572429370149,-33.52078510786295],[-70.69573310751073,-33.520768054959596],[-70.69573988329923,-33.52075036057196],[-70.69574455581363,-33.52073219510696],[-70.69574708005631,-33.52071373350815],[-70.69574743171884,-33.5206951535709],[-70.69574560741589,-33.52067663423015],[-70.69574162471787,-33.52065835383715],[-70.69573552198159,-33.520640488441806],[-70.69572735798093,-33.5206232100973],[-70.69571721134064,-33.52060668520311],[-70.69570517977917,-33.52059107290253],[-70.69569137916757,-33.52057652355],[-70.69567594241356,-33.52056317726316],[-70.69565901818149,-33.520551162573476],[-70.69564076946067,-33.52054059518841],[-70.69562137199574,-33.52053157687715],[-70.69560101259412,-33.52052419449047],[-70.69557988732694,-33.52051851912445],[-70.69555819964097,-33.52051460543561],[-70.69553615839915,-33.520512491114765],[-70.69551397586935,-33.52051219652387],[-70.69549186568004,-33.5205137245],[-70.69547004076308,-33.520517060328096],[-70.69544871130306,-33.52052217188253],[-70.69542808271319,-33.52052900993658],[-70.69540835365711,-33.520537508636444],[-70.6952196875741,-33.520628851340184],[-70.69521807806738,-33.52062972151948],[-70.6952163895605,-33.52063047942759],[-70.6948475104911,-33.52081612074498],[-70.69484536775646,-33.5208169950571],[-70.69451045828217,-33.52097489388162],[-70.69450812036257,-33.520976126412606],[-70.69450568036947,-33.52097721130222],[-70.69439959560027,-33.52103012459303],[-70.69431023719666,-33.52102633703652],[-70.69430901658784,-33.52102367803324],[-70.6943076487096,-33.52102139569911],[-70.69430647819466,-33.52101903762413],[-70.69430267446991,-33.521013096072416],[-70.69429906332944,-33.521007070805176],[-70.69429743495279,-33.521004911761054],[-70.69429599412564,-33.52100266113764],[-70.694290233027,-33.52099463453184],[-70.69426297939015,-33.52095443403007],[-70.69428405373849,-33.52094389311731],[-70.69443562255583,-33.52087748210498],[-70.6944416400955,-33.52087551066899],[-70.69446123066326,-33.52086717378759],[-70.69462400729296,-33.520789344982845],[-70.69462487580148,-33.520788882646315],[-70.69462575081009,-33.520788502707354],[-70.6948361453875,-33.520685814782766],[-70.69493830357763,-33.52063756759709],[-70.69494063595148,-33.520636450713226],[-70.69519818136462,-33.52051141509435],[-70.69521680644851,-33.52050131889294],[-70.69523416036175,-33.520489742213535],[-70.69525007597642,-33.52047679654644],[-70.69526440001646,-33.52046260656608],[-70.6952769945338,-33.520447308930294],[-70.69528773823693,-33.520431050964184],[-70.69529652765885,-33.52041398924133],[-70.69530327815366,-33.5203962880758],[-70.69530792471157,-33.52037811793986],[-70.69531042258492,-33.52035965382202],[-70.69531074771926,-33.52034107354188],[-70.69530889698473,-33.5203225560377],[-70.69530488820628,-33.520304279643014],[-70.69529875999191,-33.52028642036927],[-70.69529057136084,-33.52026915021068],[-70.69528040117503,-33.5202526354879],[-70.69526834737972,-33.52023703524621],[-70.69525452606004,-33.520222499723964],[-70.69523907032311,-33.52020916890559],[-70.69522212901614,-33.52019717117359],[-70.69520386529288,-33.52018662207212],[-70.69518445504245,-33.52017762319427],[-70.69516408519534,-33.520170261203724],[-70.69514295192337,-33.52016460700002],[-70.6951212587503,-33.52016071503598],[-70.69509921459199,-33.52015862279315],[-70.69507703174435,-33.52015835042087],[-70.69505492383891,-33.52015990054225],[-70.69503310378558,-33.52016325822895],[-70.69501178172206,-33.520168391144814],[-70.69499116299038,-33.52017524985742],[-70.69497144615917,-33.52018376831407],[-70.6947150635717,-33.52030823920325],[-70.6946278178676,-33.52034944347815],[-70.69462781786758,-33.520349443478146],[-70.69462252174839,-33.5203513835885],[-70.6946031646884,-33.52036046255677],[-70.69459529915427,-33.52036505378668],[-70.69440364511232,-33.52045859480582],[-70.69440181812168,-33.5204593588108],[-70.69439859989849,-33.52046105341499],[-70.69425568036112,-33.52052938781059],[-70.69425276862466,-33.52053039342986],[-70.69424860141585,-33.52053225190015],[-70.69424430863418,-33.52053391347555],[-70.69413471943028,-33.52058193079377],[-70.69411791002736,-33.52058481908204],[-70.69409671889979,-33.52059031957213],[-70.69407627349078,-33.5205975333308],[-70.69405677069986,-33.520606390886044],[-70.69405548939481,-33.5206071173113],[-70.69403181174201,-33.520611704633836],[-70.69398272199034,-33.52054236431193],[-70.69398150789432,-33.520540826718054],[-70.69395453693312,-33.520503098350304],[-70.69395686689137,-33.52050161085054],[-70.69442803857959,-33.52027187381504],[-70.69444664101884,-33.520261748423046],[-70.69446396898383,-33.52025014454845],[-70.69447985559655,-33.52023717394345],[-70.69449414786025,-33.520222961522634],[-70.69450670813289,-33.52020764415999],[-70.69451741545274,-33.520191369370565],[-70.69452616670324,-33.52017429388996],[-70.69453287760605,-33.52015658216477],[-70.6945374835327,-33.5201384047689],[-70.69453994012687,-33.52011993676078],[-70.6945402237316,-33.52010135599755],[-70.69453833161698,-33.520082841422024],[-70.69453428200652,-33.52006457133959],[-70.6945281139014,-33.520046721700865],[-70.69451988670505,-33.52002946440731],[-70.6945190515012,-33.52002811437844],[-70.69451779012671,-33.520025474952156],[-70.6945075665757,-33.52000898336814],[-70.69449546238536,-33.519993410537396],[-70.69448159412616,-33.519978906434275],[-70.69446609535734,-33.51996561074062],[-70.69444911534046,-33.51995365150071],[-70.69443081760208,-33.51994314388798],[-70.69441137835886,-33.51993418909592],[-70.69439098482057,-33.51992687336369],[-70.69436983338713,-33.519921267145314],[-70.69434812775722,-33.51991742443151],[-70.69432607696665,-33.51991538222951],[-70.6943038933752,-33.519915160206736],[-70.69428179062162,-33.519916760501424],[-70.6942599815661,-33.51992016770201],[-70.69423867624054,-33.519925348995535],[-70.6942180798257,-33.51993225448364],[-70.69419839067533,-33.51994081766315],[-70.69372133025861,-33.520173873977576],[-70.69372011073203,-33.52017453897978],[-70.69371882798984,-33.52017511452486],[-70.69371220378322,-33.52017882914976],[-70.69370545953349,-33.52018238900592],[-70.69370413913708,-33.52018324821444],[-70.69370273788171,-33.52018401231216],[-70.69370186300134,-33.52018459918472],[-70.69353195318999,-33.520258146424815],[-70.69352808869401,-33.52026002664151],[-70.69352272846216,-33.52026232338089],[-70.69328763882639,-33.52037584899929],[-70.69328708687041,-33.52037614668344],[-70.69303540441426,-33.52049626630779],[-70.69303369967496,-33.52049673412111],[-70.69301339556245,-33.52050422260443],[-70.69299406553557,-33.520513341963095],[-70.69297589575237,-33.52052400437322],[-70.69295906119739,-33.52053610715053],[-70.69294372399642,-33.520549533739235],[-70.69293003185518,-33.520564154834524],[-70.69291811663692,-33.52057982962781],[-70.6929080930923,-33.520596407162735],[-70.69290005775439,-33.52061372778905],[-70.69289408800897,-33.52063162470001],[-70.69289024134916,-33.520649925538784],[-70.69288855482172,-33.52066845405853],[-70.69288904467022,-33.52068703181947],[-70.69289170617853,-33.52070547990753],[-70.6928965137162,-33.52072362065741],[-70.69290342098529,-33.52074127936341],[-70.69291236146609,-33.52075828596225],[-70.69292324905777,-33.52077447667056],[-70.69293597890758,-33.5207896955625],[-70.6929504284205,-33.520803796071256],[-70.69296645843998,-33.520816642400646],[-70.69297355388235,-33.52082130400246],[-70.69297621261227,-33.520823420088654],[-70.69299371567173,-33.52083483825077],[-70.69301247063864,-33.52084476445878],[-70.69303229689173,-33.520853103117396],[-70.69305300349252,-33.520859773920286],[-70.69307439102403,-33.52086471262366],[-70.69309625351141,-33.520867871664834],[-70.69311838040565,-33.520869220620376],[-70.69314055861125,-33.52086874649905],[-70.69316257453862,-33.52086645386698],[-70.69318421616097,-33.52086236480364],[-70.69320527505643,-33.520856518689264],[-70.69322554841523,-33.52084897182547],[-70.69324484099296,-33.52083979689316],[-70.6932564641879,-33.52083292619025],[-70.69351570081058,-33.520708969224685],[-70.69351638584061,-33.520708640338654],[-70.69355345758154,-33.52069076990454],[-70.69358870495789,-33.52073996415204],[-70.69359230990948,-33.52074447770747],[-70.6935964113757,-33.520750045582844],[-70.69359740879331,-33.5207511422635],[-70.69364676656332,-33.52082164964309],[-70.69345495318956,-33.52091515644117],[-70.69345444555994,-33.520915432690735],[-70.69345390954464,-33.520915668339825],[-70.69326591101459,-33.521008446260716],[-70.69324942634714,-33.52101617970227],[-70.69324669327702,-33.521017775354125],[-70.693246693277,-33.521017775354146],[-70.69305415770296,-33.52110960281546],[-70.69305350055876,-33.521109953069505],[-70.69305280802895,-33.52111025168671],[-70.69259878196752,-33.5213302721142],[-70.69211850275781,-33.52155557316589],[-70.69211282688468,-33.52155793720397],[-70.692106240019,-33.52156102719771],[-70.69208743887079,-33.521570892144815],[-70.69206988268418,-33.52158225311418],[-70.69205374053456,-33.521595000694],[-70.69203916787959,-33.52160901211872],[-70.6920263050622,-33.52162415245118],[-70.69201527595882,-33.521640275882255],[-70.6920061867865,-33.521657227134966],[-70.69199912507993,-33.52167484295988],[-70.69199415884829,-33.52169295370728],[-70.69199133592042,-33.521711384960966],[-70.69199068348401,-33.52172995921806],[-70.69199220782377,-33.52174849759821],[-70.69199589426086,-33.52176682156661],[-70.69200170729414,-33.521784754653204],[-70.69200959094212,-33.52180212415222],[-70.69201946928196,-33.52181876278544],[-70.69203124718065,-33.52183451031332],[-70.69204481121115,-33.52184921507798],[-70.69206003074471,-33.521862735463934],[-70.69207675920896,-33.52187494126189],[-70.69209483549939,-33.52188571492279],[-70.69211408553093,-33.52189495268988],[-70.6921343239145,-33.521902565597884],[-70.69215535574249,-33.521908480329955],[-70.6921769784657,-33.52191263992374],[-70.69219898384422,-33.52191500431978],[-70.6922211599529,-33.52191555074761],[-70.69224329322223,-33.52191427394479],[-70.69226517049545,-33.52191118620776],[-70.69228658108109,-33.52190631727338],[-70.69230731878235,-33.52189971403245],[-70.69232718388287,-33.52189144007821],[-70.6923281318895,-33.521890995354],[-70.6923338049822,-33.521888632541845],[-70.6928210995386,-33.52166004023692],[-70.69282243846497,-33.52165933771206],[-70.69282384319446,-33.52165873200288],[-70.69327856319055,-33.52143837496287],[-70.69348122955991,-33.52134171558307],[-70.69348259219025,-33.52134098555551],[-70.69348412586395,-33.521340310337564],[-70.69368291139968,-33.52124220885368],[-70.69386783212305,-33.52115206201035],[-70.69387012688651,-33.521160327535966],[-70.69387724567773,-33.52117792721128],[-70.69388638976473,-33.521194857701],[-70.69389029569457,-33.52120053199361],[-70.69389319986522,-33.52120724671803],[-70.69390276445034,-33.521224013424316],[-70.69391424507906,-33.52123991416153],[-70.69392753118724,-33.52125479579637],[-70.69394219429908,-33.52126823947875],[-70.69375942737281,-33.52135732360555],[-70.69375907448608,-33.521357515618845],[-70.69375870155083,-33.521357678899086],[-70.6932724627263,-33.52159671067693],[-70.69327239671435,-33.52159674688808],[-70.69327232680831,-33.521596777546236],[-70.69260006565949,-33.52192777949188],[-70.69258151448402,-33.521937971128644],[-70.69256424530198,-33.521949636685946],[-70.6925484244248,-33.521962663818705],[-70.69253420421617,-33.52197692706907],[-70.69252172162484,-33.521992289074696],[-70.6925110968655,-33.522008601891606],[-70.6925024322612,-33.52202570841891],[-70.69249581125781,-33.52204344391176],[-70.69249129762039,-33.52206163756801],[-70.69248893481905,-33.52208011417293],[-70.69248874561023,-33.52209869578683],[-70.69249073181747,-33.52211720345858],[-70.6924948743139,-33.522135458949016],[-70.69250113320626,-33.522153286447555],[-70.69250944821918,-33.522170514265284],[-70.69251973927547,-33.52218697648847],[-70.69253190726741,-33.5222025145764],[-70.69254583501106,-33.52221697888825],[-70.69256138837491,-33.52223023012424],[-70.69257841757153,-33.52224214066713],[-70.6925967586001,-33.52225259581134],[-70.692616234826,-33.522261494867536],[-70.6926366586817,-33.52226875213257],[-70.69265783347329,-33.52227429771457],[-70.6926795552748,-33.52227807820629],[-70.6927016148921,-33.52228005719931],[-70.69272379987764,-33.52228021563479],[-70.6927458965765,-33.522278551986936],[-70.69276769218402,-33.52227508227773],[-70.69278897679531,-33.52226983992262],[-70.6928095454268,-33.52226287540869],[-70.69282919999036,-33.52225425580847],[-70.69350139472952,-33.52192328604173],[-70.69398720418948,-33.52168446496344],[-70.69417627176526,-33.52159230962683],[-70.69422569433648,-33.52166271283385],[-70.69404140159777,-33.5217518169004],[-70.69403919111508,-33.521753010451796],[-70.69403688016756,-33.52175406206625],[-70.69382238350556,-33.52186341485007],[-70.69352713641807,-33.52201302399852],[-70.6931673076234,-33.522186387419936],[-70.69315947002619,-33.52219016335062],[-70.69314080462043,-33.52220020767051],[-70.6931234045221,-33.522211735993615],[-70.69310743730344,-33.52222463729642],[-70.69309305673747,-33.52223878733289],[-70.69308040131718,-33.52225404983103],[-70.6930695929217,-33.52227027780514],[-70.69306073564259,-33.52228731497145],[-70.69305391478127,-33.52230499725311],[-70.69304919602752,-33.52232315436037],[-70.6930466248268,-33.52234161143059],[-70.69304622594255,-33.522360190712156],[-70.69304800321764,-33.52237871327644],[-70.69305193953727,-33.522397000740845],[-70.69305799699386,-33.52241487698689],[-70.69306611725195,-33.522432169856195],[-70.69307622210997,-33.52244871280853],[-70.69308821425338,-33.52246434652579],[-70.69310197819183,-33.522478920446126],[-70.69311738137137,-33.522492294214196],[-70.6931342754509,-33.5225043390327],[-70.69315249773096,-33.522514938902894],[-70.69317187272048,-33.52252399174173],[-70.69319221382699,-33.52253141036493],[-70.69321332515348,-33.52253712332671],[-70.69323500338518,-33.52254107560785],[-70.69325703974758,-33.52254322914547],[-70.69327922201713,-33.52254356319977],[-70.69330133656503,-33.52254207455366],[-70.69332317041473,-33.52253877754374],[-70.69334451329304,-33.522533703922235],[-70.69336515965522,-33.522526902551284],[-70.69338491066453,-33.52251843893216],[-70.69339274996433,-33.52251466217543],[-70.69339275169736,-33.52251466124286],[-70.6933927535311,-33.522514660457034],[-70.69375474799297,-33.522340253358344],[-70.69375684866372,-33.52233912287706],[-70.69375904586956,-33.52233812943586],[-70.69405668867535,-33.52218730607445],[-70.69405694105512,-33.52218716356621],[-70.69405720850663,-33.52218704186083],[-70.69426972020248,-33.52207870086048],[-70.69450030796641,-33.52196721327042],[-70.69450075680221,-33.52196697091947],[-70.69450123656713,-33.52196676213154],[-70.69484050672605,-33.52180092181438]]]}},{"type":"Feature","properties":{"numpos":"104613","TIPO":"DESCARGO","TENSION":"MT","INCIDENCIA":"DF202671817849","CLITOTAL":"25","CANTAVISOS":"","FECHA_INICIO":"","FECHA_FIN":"","DESCARGO":"DF202671817849(TP20267213817576)","ESTADODESC":"789","ESTADOINC":" ","CLI_PLAN":"1","FECHA_INIDESC":"11-10-2026 10:30","FECHA_FINDESC":"11-10-2026 16:00","FECHA_REPOSICION":"11-10-2026 16:00","id_alim":"5811"},"geometry":{"type":"Polygon","coordinates":[[[-70.851220004976,-33.44892943311037],[-70.85121915835506,-33.44894800093802],[-70.85122048685074,-33.44896654892073],[-70.85122397767023,-33.448984898431185],[-70.85122959719635,-33.44900287275333],[-70.85123729131114,-33.449020298784326],[-70.85124698591713,-33.449037008701545],[-70.85125858765075,-33.44905284157886],[-70.85127198478153,-33.449067644936484],[-70.85128704828813,-33.44908127620942],[-70.85130363310077,-33.44909360412049],[-70.85132157949842,-33.44910450994458],[-70.85134071464697,-33.44911388865216],[-70.85136085426376,-33.449121649920635],[-70.85138180439232,-33.449127719004366],[-70.85140336327032,-33.449132037454426],[-70.85142532327275,-33.44913456368156],[-70.8514474729114,-33.44913527335674],[-70.85146959887177,-33.44913415964538],[-70.85149148806741,-33.449131233273235],[-70.85151292969208,-33.44912652242314],[-70.85153371725004,-33.44912007246344],[-70.8515536505447,-33.44911194551121],[-70.85157253760678,-33.44910221983388],[-70.85159019654292,-33.44909098909562],[-70.85160645728763,-33.449078361455115],[-70.85162116324098,-33.449064458524006],[-70.85163417277684,-33.44904941419576],[-70.85164536060672,-33.4490333733559],[-70.85165461898647,-33.44901649048707],[-70.85166185875374,-33.44899892818085],[-70.85166701018676,-33.44898085557219],[-70.85166921949082,-33.44897098423804],[-70.85166921950982,-33.44897098417153],[-70.85168218910353,-33.44891320230794],[-70.85168247289555,-33.44891147539821],[-70.85168291892448,-33.44890977703381],[-70.85168398306429,-33.44890228583243],[-70.85168521410841,-33.44889479477368],[-70.85168529461033,-33.448893052969524],[-70.85168553992813,-33.448891326010795],[-70.85168572304995,-33.448883782904744],[-70.85168607225046,-33.448876227321016],[-70.85168594871384,-33.448874487417264],[-70.85168599092967,-33.44887274847436],[-70.85168529113686,-33.448865226025596],[-70.85168475526665,-33.44885767876463],[-70.8516844289147,-33.44885595753405],[-70.85168426758709,-33.44885422333628],[-70.85168269145947,-33.44884679392623],[-70.85168127584167,-33.44883932773714],[-70.85168074985629,-33.44883764176797],[-70.85168038649847,-33.44883592900361],[-70.85167794903377,-33.44882866414013],[-70.85167566748557,-33.448821350968785],[-70.85167494697563,-33.44881971650403],[-70.8516743850421,-33.448818041660594],[-70.85167110951714,-33.4488110112924],[-70.85166798421105,-33.44880392158532],[-70.8516670761618,-33.44880235436584],[-70.85166632101647,-33.44880073357174],[-70.85165554965386,-33.448780591710396],[-70.85164550072541,-33.448764029560564],[-70.8516335636674,-33.44874837285272],[-70.85161985344082,-33.448733772368996],[-70.85160450208286,-33.44872036871942],[-70.85158765743552,-33.448708290987945],[-70.85156948172165,-33.44869765548911],[-70.85155014998281,-33.44868856464811],[-70.85152984839345,-33.44868110601423],[-70.851508772468,-33.44867535141779],[-70.85148712517794,-33.44867135627842],[-70.85146511499727,-33.448669159071294],[-70.85144295389466,-33.4486687809566],[-70.85142085529232,-33.44867022557586],[-70.85139903201045,-33.448673479016705],[-70.8513776942179,-33.44867850994699],[-70.85135704740819,-33.44868526991642],[-70.85133729042035,-33.44869369382323],[-70.85131861352419,-33.44870370054108],[-70.85130119658794,-33.44871519370035],[-70.85128520734592,-33.44872806261619],[-70.85127079978328,-33.44874218335452],[-70.851258112653,-33.44875741992539],[-70.8512472681396,-33.448773625592914],[-70.85123837068244,-33.44879064428806],[-70.85123150596992,-33.448808312111886],[-70.85122674011407,-33.44882645891389],[-70.85122411901402,-33.44884490993064],[-70.85122366791369,-33.448863487468884],[-70.85122539115889,-33.448882012616714],[-70.85122739933472,-33.44889147881386],[-70.85122527169683,-33.44890095760012],[-70.85122526365399,-33.44890100654028],[-70.85122524979025,-33.44890105517711],[-70.85122301855871,-33.44891102425614],[-70.851220004976,-33.44892943311037]]]}},{"type":"Feature","properties":{"numpos":"105633","TIPO":"DESCARGO","TENSION":"MT","INCIDENCIA":"DF202671817849","CLITOTAL":"25","CANTAVISOS":"","FECHA_INICIO":"","FECHA_FIN":"","DESCARGO":"DF202671817849(TP20267213817576)","ESTADODESC":"789","ESTADOINC":" ","CLI_PLAN":"1","FECHA_INIDESC":"11-10-2026 10:30","FECHA_FINDESC":"11-10-2026 16:00","FECHA_REPOSICION":"11-10-2026 16:00","id_alim":"5811"},"geometry":{"type":"Polygon","coordinates":[[[-70.8505440868391,-33.447298376085264],[-70.85054306409403,-33.44730116865206],[-70.85053461158572,-33.44732489881008],[-70.85040779667973,-33.44766854067792],[-70.8504022927463,-33.44768654010943],[-70.8503989198632,-33.447704905117014],[-70.8503977105145,-33.44772345883574],[-70.85039867634829,-33.44774202258316],[-70.8504018080644,-33.447760417580106],[-70.85040707550405,-33.44777846667254],[-70.8504144279401,-33.44779599603754],[-70.85042379456563,-33.447812836857295],[-70.85043508517572,-33.447828826945056],[-70.85044819103629,-33.447843812307035],[-70.85046298593107,-33.44785764862538],[-70.85047932737726,-33.447870202648296],[-70.8504970579976,-33.44788135347304],[-70.85051600703609,-33.44789099371057],[-70.85053599200243,-33.44789903051962],[-70.85055682042957,-33.447905386500935],[-70.85056278417211,-33.44790666804291],[-70.85056342233237,-33.44790686260189],[-70.85058489527653,-33.44791147115678],[-70.85060680367191,-33.44791429312771],[-70.85062893652733,-33.4479153013374],[-70.85065108068991,-33.44791448607622],[-70.85067302289794,-33.4479118551957],[-70.8506945518346,-33.44790743403284],[-70.85071546016324,-33.4479012651662],[-70.85073554652423,-33.44789340800567],[-70.85075461747404,-33.447883938220514],[-70.85077248934843,-33.447872947010495],[-70.85078899003108,-33.447860540227474],[-70.85080396061132,-33.447846837356174],[-70.85081725691444,-33.44783197036324],[-70.85082875089022,-33.44781608242657],[-70.8508383318461,-33.4477993265561],[-70.85084590751313,-33.44778186412047],[-70.85093230258583,-33.44754750026623],[-70.85093452684919,-33.44754647075552],[-70.85095191402655,-33.44753654951229],[-70.85096812493623,-33.44752531544785],[-70.85098301900553,-33.44751286597861],[-70.85099646708092,-33.44749930906036],[-70.85100835254796,-33.44748476225208],[-70.8510185723426,-33.44746935169652],[-70.85102703784476,-33.447453211026385],[-70.85103367564687,-33.44743648020543],[-70.85119229657352,-33.44696429590346],[-70.85128844804593,-33.44687828127625],[-70.8513020836061,-33.446864885647486],[-70.85131417565472,-33.44685048598283],[-70.85132461959833,-33.44683520683707],[-70.85133332509942,-33.44681918037235],[-70.85133654780397,-33.44681140148801],[-70.85133695376632,-33.44681085955021],[-70.85134684480754,-33.4467942308296],[-70.85135474395616,-33.446776869442886],[-70.85136057514013,-33.44675894259005],[-70.85136428220324,-33.446740622916764],[-70.85136582944571,-33.44672208685161],[-70.85136520196818,-33.4467035129071],[-70.85136240581494,-33.446685079960375],[-70.85135965871125,-33.44667500235236],[-70.85136265552627,-33.446650378879234],[-70.85136332106022,-33.44664376399193],[-70.85136356428758,-33.44664070759505],[-70.851363939153,-33.44662177826688],[-70.85136205724702,-33.44660291217804],[-70.85135793738506,-33.44658429793913],[-70.85135162075618,-33.44656612164278],[-70.85134317051106,-33.44654856500328],[-70.8513326711307,-33.446531803539884],[-70.85132022758181,-33.446516004822165],[-70.85130596426727,-33.446501326794696],[-70.85129002378257,-33.446487916198166],[-70.85127256549013,-33.446475907102226],[-70.85125376392612,-33.44646541956538],[-70.85123380705556,-33.44645655843455],[-70.85121289439327,-33.44644941229703],[-70.85119123500915,-33.44644405259479],[-70.85118121122167,-33.4464424626336],[-70.85117921887638,-33.4464420443994],[-70.8511762416306,-33.44644167436265],[-70.8511690454382,-33.44644053291034],[-70.85116601537264,-33.446440182750706],[-70.85116163917684,-33.44643985944784],[-70.85115729340927,-33.44643931931921],[-70.8511506054998,-33.44643904430546],[-70.85114393581688,-33.44643855156433],[-70.85113954305355,-33.446438589405446],[-70.85113515489962,-33.446438408959416],[-70.85112846679549,-33.446438684820265],[-70.8511217718596,-33.446438742492354],[-70.85111740483113,-33.44643914108672],[-70.85111301655198,-33.44643932208726],[-70.85110639266925,-33.446440146205596],[-70.8510997369504,-33.44644075369605],[-70.85109543770695,-33.44644150917957],[-70.85109109156937,-33.44644204990892],[-70.851084595712,-33.44644341438584],[-70.85107804329618,-33.44644456580662],[-70.85107385323094,-33.4464456708797],[-70.85106959110007,-33.446446566154165],[-70.85106328584556,-33.44644845788401],[-70.85105689981745,-33.446450142111615],[-70.85105285926807,-33.446451586110186],[-70.85104872220413,-33.44645282732944],[-70.85104266829973,-33.44645522812496],[-70.85103651013637,-33.44645742890858],[-70.85103265799776,-33.446459197907245],[-70.85102868585938,-33.446460773136586],[-70.85102294163609,-33.44646365990337],[-70.85101707061575,-33.44646635602208],[-70.85101344396561,-33.44646843296889],[-70.85100967502598,-33.44647032705359],[-70.85100429583571,-33.44647367201187],[-70.85099876846816,-33.44647683747966],[-70.85099540221113,-33.446479202360464],[-70.85099187278801,-33.44648139707159],[-70.85098691046923,-33.446485168023216],[-70.8509817799528,-33.44648877233969],[-70.85097870648478,-33.44649140237134],[-70.85097545059043,-33.44649387658079],[-70.85097095296771,-33.44649803721908],[-70.85096626867819,-33.44650204566351],[-70.85096351757565,-33.44650491551316],[-70.85096056658787,-33.44650764539727],[-70.85095657700963,-33.44651215565693],[-70.85095238402646,-33.44651652962236],[-70.85094998176234,-33.44651961165126],[-70.85094736412162,-33.446522570920344],[-70.85094392104145,-33.446527387363396],[-70.85094025971475,-33.44653208472832],[-70.85093822940432,-33.44653534925799],[-70.85093597033912,-33.446538509409635],[-70.85093310694428,-33.446543585644086],[-70.85093001250742,-33.446548561177735],[-70.85092837368656,-33.446551976775254],[-70.85092649496941,-33.446555307369245],[-70.85092423885992,-33.44656059449669],[-70.85092174109151,-33.44656580029384],[-70.85092050952916,-33.44656933407415],[-70.85091902926641,-33.44657280302609],[-70.85091740218837,-33.44657825011332],[-70.85091552512634,-33.44658363605486],[-70.85091471267327,-33.44658725399676],[-70.85091364513003,-33.44659082788769],[-70.85091266276537,-33.44659638245837],[-70.85091142447624,-33.44660189669297],[-70.85091103895128,-33.44660556396622],[-70.85091039441369,-33.44660920836506],[-70.85091002988786,-33.446612313353775],[-70.85090726524022,-33.446635415674734],[-70.85079034884731,-33.446729043120676],[-70.85077504526848,-33.446742567318125],[-70.8507614021963,-33.44675728748708],[-70.8507495518678,-33.44677306095161],[-70.8507396091439,-33.44678973482668],[-70.85073167039612,-33.44680714749984],[-70.8506532544924,-33.44700832455206],[-70.85065294978155,-33.44700925938612],[-70.8506525483002,-33.44701016817036],[-70.8505440868391,-33.447298376085264]]]}},{"type":"Feature","properties":{"numpos":"79537","TIPO":"DESCARGO","TENSION":"MT","INCIDENCIA":"DF202671817849","CLITOTAL":"25","CANTAVISOS":"","FECHA_INICIO":"","FECHA_FIN":"","DESCARGO":"DF202671817849(TP20267213817576)","ESTADODESC":"789","ESTADOINC":" ","CLI_PLAN":"1","FECHA_INIDESC":"11-10-2026 10:30","FECHA_FINDESC":"11-10-2026 16:00","FECHA_REPOSICION":"11-10-2026 16:00","id_alim":"5811"},"geometry":{"type":"Polygon","coordinates":[[[-70.8504737773452,-33.448765952645964],[-70.8504958661366,-33.44876749944925],[-70.8505180294236,-33.448767223826835],[-70.85054005376026,-33.44876512843314],[-70.85056172703885,-33.4487612334482],[-70.85058284053261,-33.44875557638309],[-70.85060319090593,-33.4487482117188],[-70.85062258217269,-33.44873921038156],[-70.85064082758373,-33.448728659059626],[-70.8506577514253,-33.44871665936861],[-70.85067319071142,-33.44870332687264],[-70.85068699675335,-33.448688789971484],[-70.85069903659179,-33.44867318866404],[-70.85070919427712,-33.448656673199906],[-70.85071737198611,-33.44863940263249],[-70.850723490964,-33.44862154328714],[-70.8507274922829,-33.44860326715938],[-70.85072933740926,-33.44858475025847],[-70.85072900857487,-33.44856617091232],[-70.85072650894793,-33.44854770805016],[-70.85072186260261,-33.448529539479246],[-70.85071511428697,-33.44851184017258],[-70.85070632899205,-33.448494780583786],[-70.85069559132599,-33.44847852500559],[-70.85068300469908,-33.44846322998756],[-70.85066869032781,-33.44844904282853],[-70.8506527860676,-33.44843610015808],[-70.85063544508508,-33.448424526620556],[-70.85061683438302,-33.448414433674934],[-70.85059713319203,-33.4484059185213],[-70.85057653124451,-33.4483990631648],[-70.85056841169525,-33.448396741029676],[-70.85017807473369,-33.44828509834693],[-70.85017686333175,-33.448284806642526],[-70.8501756867582,-33.44828442777837],[-70.84982114664867,-33.44818670800999],[-70.84942889329523,-33.448076299529475],[-70.84942175244841,-33.44806963079966],[-70.84940540043982,-33.448057086400325],[-70.84938766043885,-33.44804594601233],[-70.84936870329098,-33.44803631692318],[-70.84934871156317,-33.44802829186576],[-70.84932787778583,-33.448021948125366],[-70.84930640259846,-33.44801734679534],[-70.84928449281765,-33.448014532188765],[-70.84926235944523,-33.44801353141173],[-70.84924021563629,-33.44801435410226],[-70.84921827464643,-33.44801699233746],[-70.84919674777805,-33.44802142070992],[-70.84917584234549,-33.44802759657228],[-70.84915575967841,-33.44803546044805],[-70.84913669318307,-33.448044936604184],[-70.84911882647958,-33.44805593378074],[-70.84910233163374,-33.44806834606943],[-70.84908736749982,-33.44808205393368],[-70.8490740781908,-33.44809692535983],[-70.84906259169043,-33.44811281712846],[-70.84905301862068,-33.44812957619368],[-70.84904545117634,-33.448147041156886],[-70.84903678577017,-33.44817058070036],[-70.8490347326785,-33.44817731444295],[-70.84903247445571,-33.448184027602075],[-70.84903198458255,-33.44818632766335],[-70.84903129682795,-33.44818858336443],[-70.84903004091618,-33.448195453599624],[-70.84902857854735,-33.448202319738165],[-70.84902835997264,-33.448204648891696],[-70.84902793925413,-33.448206950354596],[-70.84902749266168,-33.448213891042094],[-70.84902684018368,-33.44822084391051],[-70.84902689499205,-33.44822317968488],[-70.84902674538537,-33.44822550478677],[-70.84902711249899,-33.44823244920148],[-70.8490272761075,-33.44823942172116],[-70.84902760373708,-33.44824174158453],[-70.84902772672065,-33.44824406797167],[-70.84902890412984,-33.448250949339624],[-70.84902988212201,-33.44825787425562],[-70.84903047937101,-33.44826015583465],[-70.84903087381055,-33.44826246113559],[-70.84903285033668,-33.448269213270876],[-70.84903463313118,-33.44827602380571],[-70.84903549419012,-33.44827824510309],[-70.84903615634816,-33.44828050714207],[-70.84903891314704,-33.44828706507896],[-70.84904148338144,-33.44829369558105],[-70.849042599891,-33.44829583518901],[-70.84904352346099,-33.44829803219794],[-70.84904703419794,-33.44830433281184],[-70.84905036690225,-33.44831071939241],[-70.84905172803607,-33.4483127567002],[-70.84905290420078,-33.448314867526875],[-70.84905713529706,-33.44832085013896],[-70.84906119814127,-33.44832693129071],[-70.84906279071282,-33.44832884668409],[-70.84906420822668,-33.44833085099503],[-70.84906911917496,-33.44833645795441],[-70.84907387278851,-33.44834217514604],[-70.84907568138067,-33.448343950196524],[-70.84907732667538,-33.44834582867234],[-70.84908287042182,-33.448351005910695],[-70.84908826878056,-33.448356304151126],[-70.84909027589686,-33.448357921793686],[-70.8490921332094,-33.448359656315],[-70.84909825659845,-33.44836435386769],[-70.84910424747635,-33.448369182235396],[-70.84910643371217,-33.44837062693217],[-70.84910848523381,-33.44837220075471],[-70.84911512951211,-33.44837637324375],[-70.84912165499213,-33.44838068537528],[-70.84912399922437,-33.448381943264664],[-70.84912622526952,-33.44838334118106],[-70.84913332664422,-33.448386948255326],[-70.8491403236837,-33.4483907027887],[-70.84914280327632,-33.448391761817376],[-70.84914518246983,-33.448392970305136],[-70.84915267271712,-33.44839597703357],[-70.84916007376067,-33.44839913800198],[-70.84916266478459,-33.448399988039405],[-70.84916517426583,-33.44840099539269],[-70.84917298138211,-33.448403372605654],[-70.84918071501818,-33.44840590977898],[-70.84967798042048,-33.44854587648738],[-70.84967866017183,-33.448546037172626],[-70.84967932624825,-33.4485462516558],[-70.85003339553602,-33.44864384164033],[-70.85042254440104,-33.448755144491756],[-70.85042254684575,-33.44875514508041],[-70.85042254920977,-33.44875514586707],[-70.85043067139716,-33.44875746875638],[-70.85045197577796,-33.44876259831363],[-70.8504737773452,-33.448765952645964]]]}},{"type":"Feature","properties":{"numpos":"89708","TIPO":"DESCARGO","TENSION":"MT","INCIDENCIA":"DF202671817849","CLITOTAL":"25","CANTAVISOS":"","FECHA_INICIO":"","FECHA_FIN":"","DESCARGO":"DF202671817849(TP20267213817576)","ESTADODESC":"789","ESTADOINC":" ","CLI_PLAN":"1","FECHA_INIDESC":"11-10-2026 10:30","FECHA_FINDESC":"11-10-2026 16:00","FECHA_REPOSICION":"11-10-2026 16:00","id_alim":"5811"},"geometry":{"type":"Polygon","coordinates":[[[-70.84613861121383,-33.44755183403893],[-70.84616047891782,-33.44755486945849],[-70.84618259623356,-33.447556093425],[-70.84620475015787,-33.44755549415099],[-70.84622672733491,-33.44755307740786],[-70.84624831611114,-33.44754886647038],[-70.84626930857367,-33.447542901892476],[-70.8462895025525,-33.44753524111667],[-70.8463087035677,-33.44752595792089],[-70.84632672670237,-33.44751514170789],[-70.84634339838348,-33.44750289664428],[-70.84635855805351,-33.4474893406573],[-70.84637205971664,-33.44747460429909],[-70.84638377334495,-33.447458829489356],[-70.84639358613045,-33.447442168148655],[-70.8464014035715,-33.4474247807352],[-70.846407150383,-33.447406834699656],[-70.84641077122119,-33.44738850287239],[-70.84641223121679,-33.4473699617991],[-70.84641151631058,-33.4473513900404],[-70.84640863338895,-33.447332966452485],[-70.84640361021728,-33.44731486846432],[-70.84639649517268,-33.44729727036916],[-70.84638735677801,-33.44728034164589],[-70.84637628304186,-33.447264245326906],[-70.84636338061101,-33.44724913642803],[-70.84634877374332,-33.44723516045568],[-70.84633260311104,-33.44722245200552],[-70.84631502444604,-33.447211133466304],[-70.84629620704007,-33.447201313841205],[-70.84627633211439,-33.447193087698096],[-70.84625559107447,-33.44718653425881],[-70.84601481099797,-33.44712157487425],[-70.84601186859496,-33.44711914796184],[-70.84599462094941,-33.447107477036596],[-70.84597609176889,-33.44709727952468],[-70.84595645949885,-33.447088653633195],[-70.845935913208,-33.447081682433755],[-70.8459146507673,-33.44707643306243],[-70.84589287694448,-33.44707295607331],[-70.84587080143204,-33.447071284951505],[-70.84584863682787,-33.44707143579078],[-70.84582659658784,-33.447073407138525],[-70.84580489297015,-33.44707718000974],[-70.84578373499127,-33.44708271806992],[-70.84576332641299,-33.44708996798486],[-70.84574386378016,-33.447098859934364],[-70.84572553452787,-33.44710930828459],[-70.84570851517636,-33.4471212124128],[-70.8456929696311,-33.44713445767627],[-70.84567904760429,-33.447148916516454],[-70.845666883173,-33.44716444968737],[-70.84565659348794,-33.447180907596604],[-70.84564827764527,-33.447198131745914],[-70.84564201573208,-33.44721595625776],[-70.84563786805528,-33.44723420947251],[-70.84563587456051,-33.447252715602],[-70.84563497371565,-33.44727113721396],[-70.84563499585113,-33.44727342362259],[-70.8456348161753,-33.44727570513989],[-70.84563508575448,-33.44728270988006],[-70.84563515360281,-33.44728971803397],[-70.84563544296446,-33.44729199161409],[-70.84563553091466,-33.44729427690897],[-70.84563661820809,-33.447301225768406],[-70.84563750514128,-33.44730819460109],[-70.84563805894257,-33.44731043345683],[-70.84563841367194,-33.447312700520634],[-70.8456403082089,-33.44731952657798],[-70.84564200568583,-33.44732638897571],[-70.84564281859348,-33.44732857154565],[-70.84564343668595,-33.447330798545266],[-70.84564612022149,-33.447337436061744],[-70.84564861189499,-33.44734412593575],[-70.84564967608038,-33.44734623120049],[-70.84565055158353,-33.447348396688696],[-70.84565399827416,-33.44735478174129],[-70.84565726014841,-33.44736123466426],[-70.84565856536304,-33.44736324234892],[-70.8456596898454,-33.447365325470784],[-70.84566386649792,-33.44737139656772],[-70.84566786715969,-33.447377550394364],[-70.84566940083367,-33.44737944116376],[-70.84567076346598,-33.447381421857656],[-70.84567562985724,-33.44738712053085],[-70.84568033077815,-33.44739291599617],[-70.84568207814141,-33.44739467164107],[-70.8456836658009,-33.4473965308318],[-70.8456891750651,-33.447401802199686],[-70.84569453097284,-33.447407183489965],[-70.84569647519736,-33.44740878710252],[-70.845698272594,-33.44741050688492],[-70.84570437167393,-33.44741530018113],[-70.84571033098828,-33.44742021547142],[-70.84571245335013,-33.447421651607904],[-70.84571444317399,-33.447423215419484],[-70.84572107333197,-33.44742748448156],[-70.8457275786616,-33.447431886434856],[-70.84572985872133,-33.44743314126447],[-70.84573202180924,-33.44743453404474],[-70.84573911919308,-33.447438237759144],[-70.84574610788796,-33.44744208398198],[-70.84574852368718,-33.447443145419896],[-70.84575083920744,-33.44744435375559],[-70.84575833546549,-33.44744745645349],[-70.84576574022016,-33.44745070990431],[-70.84576826849323,-33.447451567728216],[-70.8457707141461,-33.44745257998241],[-70.84577853708487,-33.44745505178289],[-70.84578628658726,-33.447457681129066],[-70.84578890298559,-33.447458327077676],[-70.84579145521782,-33.447459133501674],[-70.84611720372088,-33.447547016399234],[-70.84613861121383,-33.44755183403893]]]}},{"type":"Feature","properties":{"numpos":"95468","TIPO":"DESCARGO","TENSION":"MT","INCIDENCIA":"DF202671817849","CLITOTAL":"25","CANTAVISOS":"","FECHA_INICIO":"","FECHA_FIN":"","DESCARGO":"DF202671817849(TP20267213817576)","ESTADODESC":"789","ESTADOINC":" ","CLI_PLAN":"1","FECHA_INIDESC":"11-10-2026 10:30","FECHA_FINDESC":"11-10-2026 16:00","FECHA_REPOSICION":"11-10-2026 16:00","id_alim":"5811"},"geometry":{"type":"Polygon","coordinates":[[[-70.85029375642911,-33.44798430959471],[-70.85029217942913,-33.44799021794375],[-70.85029036220513,-33.44799607760117],[-70.85028976080636,-33.44799927949432],[-70.85028891653444,-33.448002442621636],[-70.85028803795252,-33.448008452099124],[-70.8502869146102,-33.44801443285814],[-70.85028669048377,-33.44801766874898],[-70.85028622012103,-33.448020886017],[-70.85028604841887,-33.44802693874844],[-70.85028562977705,-33.44803298301112],[-70.85028578508167,-33.448036221736245],[-70.85028569315821,-33.44803946216093],[-70.85028622998982,-33.44804549985521],[-70.8502865200807,-33.44805154941201],[-70.85028705332095,-33.44805475978071],[-70.85028734072229,-33.448057992155015],[-70.85028858091813,-33.44806395666576],[-70.85028957694846,-33.448069953256095],[-70.85029048298918,-33.448073104350755],[-70.85029114694771,-33.4480762975451],[-70.85029307856445,-33.44808213143077],[-70.8502947709423,-33.448088017304144],[-70.85029604105803,-33.448091078777914],[-70.85029707517968,-33.44809420204007],[-70.8502996796152,-33.4480998491171],[-70.85030205204244,-33.44810556758914],[-70.85030367400144,-33.448108509958324],[-70.85030506832729,-33.44811153320949],[-70.85030832049976,-33.44811693909325],[-70.85031135012896,-33.448122435091896],[-70.85031330831107,-33.448125230019805],[-70.85031504941313,-33.448128124144326],[-70.8503189180026,-33.44813323677303],[-70.85032257565705,-33.44813845736865],[-70.85032485120404,-33.4481410779385],[-70.85032692231465,-33.44814381506429],[-70.85033137006474,-33.44814858520043],[-70.85033562051939,-33.44815348011562],[-70.85033819151651,-33.44815590108974],[-70.85034057268989,-33.44815845485674],[-70.85034555676638,-33.448162836561046],[-70.85035035908716,-33.44816735865495],[-70.85035320077438,-33.448169556718014],[-70.85035586907853,-33.44817190253189],[-70.85036134148211,-33.448175853606],[-70.85036664942002,-33.44817995932815],[-70.85036973443029,-33.448181913311466],[-70.85037266416799,-33.448184028580656],[-70.85037857219636,-33.44818751097344],[-70.850384334633,-33.448191160783296],[-70.85038763325588,-33.44819285186883],[-70.85039079621212,-33.44819471622208],[-70.85039708296755,-33.44819769639592],[-70.85040324440739,-33.44820085514371],[-70.85040672487533,-33.44820226704536],[-70.85041009058892,-33.44820386252774],[-70.85041669552619,-33.44820631178181],[-70.85042319663103,-33.44820894904689],[-70.85042682542503,-33.44821006816718],[-70.85043036148222,-33.448211379413294],[-70.85045143414301,-33.44821817802884],[-70.85047248633495,-33.448223993098466],[-70.85049411707699,-33.44822805035313],[-70.85051611805201,-33.44823031071906],[-70.85053827737718,-33.44823075242762],[-70.85056038164478,-33.44822937122489],[-70.85058221797719,-33.448226180412796],[-70.85060357607735,-33.44822121072079],[-70.8506242502539,-33.4482145100101],[-70.85064404140225,-33.448206142812644],[-70.85066275892203,-33.448196189709556],[-70.85068022255275,-33.44818474655524],[-70.85069626410983,-33.44817192355408],[-70.85071072910429,-33.44815784419919],[-70.85072347823059,-33.448142644082985],[-70.85073438870819,-33.44812646959142],[-70.85074335546402,-33.448109476494146],[-70.85075029214424,-33.448091828444426],[-70.85075513194604,-33.44807369540287],[-70.85075782826071,-33.44805525200077],[-70.85075835512264,-33.44803667585834],[-70.85075670745925,-33.448018145873895],[-70.85075586033443,-33.4480140718772],[-70.85079674674843,-33.44790460107329],[-70.85079863882945,-33.44789976185226],[-70.85080447970888,-33.44788192131556],[-70.85080821581671,-33.44786368809429],[-70.850809811487,-33.44784523625445],[-70.8508092514878,-33.44782674194902],[-70.85080654116663,-33.447808381736266],[-70.85080170639921,-33.44779033089421],[-70.85079479334253,-33.447772761747316],[-70.85078586799403,-33.4477558420214],[-70.85077501556165,-33.447739733242436],[-70.8507623396502,-33.447724589194486],[-70.8507479612724,-33.447710554451696],[-70.85073201769346,-33.44769776299799],[-70.85071466112076,-33.44768633694815],[-70.85069605725077,-33.44767638538192],[-70.85067638368714,-33.447668003302745],[-70.85065582824531,-33.447661270730855],[-70.8506345871595,-33.447656251939264],[-70.85061286320936,-33.4476529948403],[-70.85059086378412,-33.44765153052811],[-70.85056879890291,-33.44765187298193],[-70.85054687920963,-33.447654018932525],[-70.85052531396225,-33.447657947893475],[-70.85050430903502,-33.44766362235672],[-70.85048406495319,-33.447670988150605],[-70.85046477497869,-33.44767997495705],[-70.85044662326514,-33.4476904969828],[-70.85042978309984,-33.44770245377853],[-70.85041441524949,-33.44771573119763],[-70.85040066642544,-33.44773020248604],[-70.850388667883,-33.447745729492254],[-70.85037853416844,-33.44776216398608],[-70.85037036202547,-33.447779349073926],[-70.85036791444463,-33.447785330281846],[-70.85036726829497,-33.447787204274654],[-70.85036701606415,-33.44778784937654],[-70.85036661840778,-33.44778906499153],[-70.85036609925791,-33.447790247972115],[-70.85029593935829,-33.447978094011205],[-70.85029496647921,-33.447981231070756],[-70.85029375642911,-33.44798430959471]]]}},{"type":"Feature","properties":{"numpos":"104613","TIPO":"DESCARGO","TENSION":"MT","INCIDENCIA":"DF202671817849","CLITOTAL":"25","CANTAVISOS":"","FECHA_INICIO":"","FECHA_FIN":"","DESCARGO":"DF202671817849(TP20267213817576)","ESTADODESC":"789","ESTADOINC":" ","CLI_PLAN":"1","FECHA_INIDESC":"11-10-2026 10:30","FECHA_FINDESC":"11-10-2026 16:00","FECHA_REPOSICION":"11-10-2026 16:00","id_alim":"5811"},"geometry":{"type":"Polygon","coordinates":[[[-70.851220004976,-33.44892943311037],[-70.85121915835506,-33.44894800093802],[-70.85122048685074,-33.44896654892073],[-70.85122397767023,-33.448984898431185],[-70.85122959719635,-33.44900287275333],[-70.85123729131114,-33.449020298784326],[-70.85124698591713,-33.449037008701545],[-70.85125858765075,-33.44905284157886],[-70.85127198478153,-33.449067644936484],[-70.85128704828813,-33.44908127620942],[-70.85130363310077,-33.44909360412049],[-70.85132157949842,-33.44910450994458],[-70.85134071464697,-33.44911388865216],[-70.85136085426376,-33.449121649920635],[-70.85138180439232,-33.449127719004366],[-70.85140336327032,-33.449132037454426],[-70.85142532327275,-33.44913456368156],[-70.8514474729114,-33.44913527335674],[-70.85146959887177,-33.44913415964538],[-70.85149148806741,-33.449131233273235],[-70.85151292969208,-33.44912652242314],[-70.85153371725004,-33.44912007246344],[-70.8515536505447,-33.44911194551121],[-70.85157253760678,-33.44910221983388],[-70.85159019654292,-33.44909098909562],[-70.85160645728763,-33.449078361455115],[-70.85162116324098,-33.449064458524006],[-70.85163417277684,-33.44904941419576],[-70.85164536060672,-33.4490333733559],[-70.85165461898647,-33.44901649048707],[-70.85166185875374,-33.44899892818085],[-70.85166701018676,-33.44898085557219],[-70.85166921949082,-33.44897098423804],[-70.85166921950982,-33.44897098417153],[-70.85168218910353,-33.44891320230794],[-70.85168247289555,-33.44891147539821],[-70.85168291892448,-33.44890977703381],[-70.85168398306429,-33.44890228583243],[-70.85168521410841,-33.44889479477368],[-70.85168529461033,-33.448893052969524],[-70.85168553992813,-33.448891326010795],[-70.85168572304995,-33.448883782904744],[-70.85168607225046,-33.448876227321016],[-70.85168594871384,-33.448874487417264],[-70.85168599092967,-33.44887274847436],[-70.85168529113686,-33.448865226025596],[-70.85168475526665,-33.44885767876463],[-70.8516844289147,-33.44885595753405],[-70.85168426758709,-33.44885422333628],[-70.85168269145947,-33.44884679392623],[-70.85168127584167,-33.44883932773714],[-70.85168074985629,-33.44883764176797],[-70.85168038649847,-33.44883592900361],[-70.85167794903377,-33.44882866414013],[-70.85167566748557,-33.448821350968785],[-70.85167494697563,-33.44881971650403],[-70.8516743850421,-33.448818041660594],[-70.85167110951714,-33.4488110112924],[-70.85166798421105,-33.44880392158532],[-70.8516670761618,-33.44880235436584],[-70.85166632101647,-33.44880073357174],[-70.85165554965386,-33.448780591710396],[-70.85164550072541,-33.448764029560564],[-70.8516335636674,-33.44874837285272],[-70.85161985344082,-33.448733772368996],[-70.85160450208286,-33.44872036871942],[-70.85158765743552,-33.448708290987945],[-70.85156948172165,-33.44869765548911],[-70.85155014998281,-33.44868856464811],[-70.85152984839345,-33.44868110601423],[-70.851508772468,-33.44867535141779],[-70.85148712517794,-33.44867135627842],[-70.85146511499727,-33.448669159071294],[-70.85144295389466,-33.4486687809566],[-70.85142085529232,-33.44867022557586],[-70.85139903201045,-33.448673479016705],[-70.8513776942179,-33.44867850994699],[-70.85135704740819,-33.44868526991642],[-70.85133729042035,-33.44869369382323],[-70.85131861352419,-33.44870370054108],[-70.85130119658794,-33.44871519370035],[-70.85128520734592,-33.44872806261619],[-70.85127079978328,-33.44874218335452],[-70.851258112653,-33.44875741992539],[-70.8512472681396,-33.448773625592914],[-70.85123837068244,-33.44879064428806],[-70.85123150596992,-33.448808312111886],[-70.85122674011407,-33.44882645891389],[-70.85122411901402,-33.44884490993064],[-70.85122366791369,-33.448863487468884],[-70.85122539115889,-33.448882012616714],[-70.85122739933472,-33.44889147881386],[-70.85122527169683,-33.44890095760012],[-70.85122526365399,-33.44890100654028],[-70.85122524979025,-33.44890105517711],[-70.85122301855871,-33.44891102425614],[-70.851220004976,-33.44892943311037]]]}},{"type":"Feature","properties":{"numpos":"105633","TIPO":"DESCARGO","TENSION":"MT","INCIDENCIA":"DF202671817849","CLITOTAL":"25","CANTAVISOS":"","FECHA_INICIO":"","FECHA_FIN":"","DESCARGO":"DF202671817849(TP20267213817576)","ESTADODESC":"789","ESTADOINC":" ","CLI_PLAN":"1","FECHA_INIDESC":"11-10-2026 10:30","FECHA_FINDESC":"11-10-2026 16:00","FECHA_REPOSICION":"11-10-2026 16:00","id_alim":"5811"},"geometry":{"type":"Polygon","coordinates":[[[-70.8505440868391,-33.447298376085264],[-70.85054306409403,-33.44730116865206],[-70.85053461158572,-33.44732489881008],[-70.85040779667973,-33.44766854067792],[-70.8504022927463,-33.44768654010943],[-70.8503989198632,-33.447704905117014],[-70.8503977105145,-33.44772345883574],[-70.85039867634829,-33.44774202258316],[-70.8504018080644,-33.447760417580106],[-70.85040707550405,-33.44777846667254],[-70.8504144279401,-33.44779599603754],[-70.85042379456563,-33.447812836857295],[-70.85043508517572,-33.447828826945056],[-70.85044819103629,-33.447843812307035],[-70.85046298593107,-33.44785764862538],[-70.85047932737726,-33.447870202648296],[-70.8504970579976,-33.44788135347304],[-70.85051600703609,-33.44789099371057],[-70.85053599200243,-33.44789903051962],[-70.85055682042957,-33.447905386500935],[-70.85056278417211,-33.44790666804291],[-70.85056342233237,-33.44790686260189],[-70.85058489527653,-33.44791147115678],[-70.85060680367191,-33.44791429312771],[-70.85062893652733,-33.4479153013374],[-70.85065108068991,-33.44791448607622],[-70.85067302289794,-33.4479118551957],[-70.8506945518346,-33.44790743403284],[-70.85071546016324,-33.4479012651662],[-70.85073554652423,-33.44789340800567],[-70.85075461747404,-33.447883938220514],[-70.85077248934843,-33.447872947010495],[-70.85078899003108,-33.447860540227474],[-70.85080396061132,-33.447846837356174],[-70.85081725691444,-33.44783197036324],[-70.85082875089022,-33.44781608242657],[-70.8508383318461,-33.4477993265561],[-70.85084590751313,-33.44778186412047],[-70.85093230258583,-33.44754750026623],[-70.85093452684919,-33.44754647075552],[-70.85095191402655,-33.44753654951229],[-70.85096812493623,-33.44752531544785],[-70.85098301900553,-33.44751286597861],[-70.85099646708092,-33.44749930906036],[-70.85100835254796,-33.44748476225208],[-70.8510185723426,-33.44746935169652],[-70.85102703784476,-33.447453211026385],[-70.85103367564687,-33.44743648020543],[-70.85119229657352,-33.44696429590346],[-70.85128844804593,-33.44687828127625],[-70.8513020836061,-33.446864885647486],[-70.85131417565472,-33.44685048598283],[-70.85132461959833,-33.44683520683707],[-70.85133332509942,-33.44681918037235],[-70.85133654780397,-33.44681140148801],[-70.85133695376632,-33.44681085955021],[-70.85134684480754,-33.4467942308296],[-70.85135474395616,-33.446776869442886],[-70.85136057514013,-33.44675894259005],[-70.85136428220324,-33.446740622916764],[-70.85136582944571,-33.44672208685161],[-70.85136520196818,-33.4467035129071],[-70.85136240581494,-33.446685079960375],[-70.85135965871125,-33.44667500235236],[-70.85136265552627,-33.446650378879234],[-70.85136332106022,-33.44664376399193],[-70.85136356428758,-33.44664070759505],[-70.851363939153,-33.44662177826688],[-70.85136205724702,-33.44660291217804],[-70.85135793738506,-33.44658429793913],[-70.85135162075618,-33.44656612164278],[-70.85134317051106,-33.44654856500328],[-70.8513326711307,-33.446531803539884],[-70.85132022758181,-33.446516004822165],[-70.85130596426727,-33.446501326794696],[-70.85129002378257,-33.446487916198166],[-70.85127256549013,-33.446475907102226],[-70.85125376392612,-33.44646541956538],[-70.85123380705556,-33.44645655843455],[-70.85121289439327,-33.44644941229703],[-70.85119123500915,-33.44644405259479],[-70.85118121122167,-33.4464424626336],[-70.85117921887638,-33.4464420443994],[-70.8511762416306,-33.44644167436265],[-70.8511690454382,-33.44644053291034],[-70.85116601537264,-33.446440182750706],[-70.85116163917684,-33.44643985944784],[-70.85115729340927,-33.44643931931921],[-70.8511506054998,-33.44643904430546],[-70.85114393581688,-33.44643855156433],[-70.85113954305355,-33.446438589405446],[-70.85113515489962,-33.446438408959416],[-70.85112846679549,-33.446438684820265],[-70.8511217718596,-33.446438742492354],[-70.85111740483113,-33.44643914108672],[-70.85111301655198,-33.44643932208726],[-70.85110639266925,-33.446440146205596],[-70.8510997369504,-33.44644075369605],[-70.85109543770695,-33.44644150917957],[-70.85109109156937,-33.44644204990892],[-70.851084595712,-33.44644341438584],[-70.85107804329618,-33.44644456580662],[-70.85107385323094,-33.4464456708797],[-70.85106959110007,-33.446446566154165],[-70.85106328584556,-33.44644845788401],[-70.85105689981745,-33.446450142111615],[-70.85105285926807,-33.446451586110186],[-70.85104872220413,-33.44645282732944],[-70.85104266829973,-33.44645522812496],[-70.85103651013637,-33.44645742890858],[-70.85103265799776,-33.446459197907245],[-70.85102868585938,-33.446460773136586],[-70.85102294163609,-33.44646365990337],[-70.85101707061575,-33.44646635602208],[-70.85101344396561,-33.44646843296889],[-70.85100967502598,-33.44647032705359],[-70.85100429583571,-33.44647367201187],[-70.85099876846816,-33.44647683747966],[-70.85099540221113,-33.446479202360464],[-70.85099187278801,-33.44648139707159],[-70.85098691046923,-33.446485168023216],[-70.8509817799528,-33.44648877233969],[-70.85097870648478,-33.44649140237134],[-70.85097545059043,-33.44649387658079],[-70.85097095296771,-33.44649803721908],[-70.85096626867819,-33.44650204566351],[-70.85096351757565,-33.44650491551316],[-70.85096056658787,-33.44650764539727],[-70.85095657700963,-33.44651215565693],[-70.85095238402646,-33.44651652962236],[-70.85094998176234,-33.44651961165126],[-70.85094736412162,-33.446522570920344],[-70.85094392104145,-33.446527387363396],[-70.85094025971475,-33.44653208472832],[-70.85093822940432,-33.44653534925799],[-70.85093597033912,-33.446538509409635],[-70.85093310694428,-33.446543585644086],[-70.85093001250742,-33.446548561177735],[-70.85092837368656,-33.446551976775254],[-70.85092649496941,-33.446555307369245],[-70.85092423885992,-33.44656059449669],[-70.85092174109151,-33.44656580029384],[-70.85092050952916,-33.44656933407415],[-70.85091902926641,-33.44657280302609],[-70.85091740218837,-33.44657825011332],[-70.85091552512634,-33.44658363605486],[-70.85091471267327,-33.44658725399676],[-70.85091364513003,-33.44659082788769],[-70.85091266276537,-33.44659638245837],[-70.85091142447624,-33.44660189669297],[-70.85091103895128,-33.44660556396622],[-70.85091039441369,-33.44660920836506],[-70.85091002988786,-33.446612313353775],[-70.85090726524022,-33.446635415674734],[-70.85079034884731,-33.446729043120676],[-70.85077504526848,-33.446742567318125],[-70.8507614021963,-33.44675728748708],[-70.8507495518678,-33.44677306095161],[-70.8507396091439,-33.44678973482668],[-70.85073167039612,-33.44680714749984],[-70.8506532544924,-33.44700832455206],[-70.85065294978155,-33.44700925938612],[-70.8506525483002,-33.44701016817036],[-70.8505440868391,-33.447298376085264]]]}},{"type":"Feature","properties":{"numpos":"79537","TIPO":"DESCARGO","TENSION":"MT","INCIDENCIA":"DF202671817849","CLITOTAL":"25","CANTAVISOS":"","FECHA_INICIO":"","FECHA_FIN":"","DESCARGO":"DF202671817849(TP20267213817576)","ESTADODESC":"789","ESTADOINC":" ","CLI_PLAN":"1","FECHA_INIDESC":"11-10-2026 10:30","FECHA_FINDESC":"11-10-2026 16:00","FECHA_REPOSICION":"11-10-2026 16:00","id_alim":"5811"},"geometry":{"type":"Polygon","coordinates":[[[-70.8504737773452,-33.448765952645964],[-70.8504958661366,-33.44876749944925],[-70.8505180294236,-33.448767223826835],[-70.85054005376026,-33.44876512843314],[-70.85056172703885,-33.4487612334482],[-70.85058284053261,-33.44875557638309],[-70.85060319090593,-33.4487482117188],[-70.85062258217269,-33.44873921038156],[-70.85064082758373,-33.448728659059626],[-70.8506577514253,-33.44871665936861],[-70.85067319071142,-33.44870332687264],[-70.85068699675335,-33.448688789971484],[-70.85069903659179,-33.44867318866404],[-70.85070919427712,-33.448656673199906],[-70.85071737198611,-33.44863940263249],[-70.850723490964,-33.44862154328714],[-70.8507274922829,-33.44860326715938],[-70.85072933740926,-33.44858475025847],[-70.85072900857487,-33.44856617091232],[-70.85072650894793,-33.44854770805016],[-70.85072186260261,-33.448529539479246],[-70.85071511428697,-33.44851184017258],[-70.85070632899205,-33.448494780583786],[-70.85069559132599,-33.44847852500559],[-70.85068300469908,-33.44846322998756],[-70.85066869032781,-33.44844904282853],[-70.8506527860676,-33.44843610015808],[-70.85063544508508,-33.448424526620556],[-70.85061683438302,-33.448414433674934],[-70.85059713319203,-33.4484059185213],[-70.85057653124451,-33.4483990631648],[-70.85056841169525,-33.448396741029676],[-70.85017807473369,-33.44828509834693],[-70.85017686333175,-33.448284806642526],[-70.8501756867582,-33.44828442777837],[-70.84982114664867,-33.44818670800999],[-70.84942889329523,-33.448076299529475],[-70.84942175244841,-33.44806963079966],[-70.84940540043982,-33.448057086400325],[-70.84938766043885,-33.44804594601233],[-70.84936870329098,-33.44803631692318],[-70.84934871156317,-33.44802829186576],[-70.84932787778583,-33.448021948125366],[-70.84930640259846,-33.44801734679534],[-70.84928449281765,-33.448014532188765],[-70.84926235944523,-33.44801353141173],[-70.84924021563629,-33.44801435410226],[-70.84921827464643,-33.44801699233746],[-70.84919674777805,-33.44802142070992],[-70.84917584234549,-33.44802759657228],[-70.84915575967841,-33.44803546044805],[-70.84913669318307,-33.448044936604184],[-70.84911882647958,-33.44805593378074],[-70.84910233163374,-33.44806834606943],[-70.84908736749982,-33.44808205393368],[-70.8490740781908,-33.44809692535983],[-70.84906259169043,-33.44811281712846],[-70.84905301862068,-33.44812957619368],[-70.84904545117634,-33.448147041156886],[-70.84903678577017,-33.44817058070036],[-70.8490347326785,-33.44817731444295],[-70.84903247445571,-33.448184027602075],[-70.84903198458255,-33.44818632766335],[-70.84903129682795,-33.44818858336443],[-70.84903004091618,-33.448195453599624],[-70.84902857854735,-33.448202319738165],[-70.84902835997264,-33.448204648891696],[-70.84902793925413,-33.448206950354596],[-70.84902749266168,-33.448213891042094],[-70.84902684018368,-33.44822084391051],[-70.84902689499205,-33.44822317968488],[-70.84902674538537,-33.44822550478677],[-70.84902711249899,-33.44823244920148],[-70.8490272761075,-33.44823942172116],[-70.84902760373708,-33.44824174158453],[-70.84902772672065,-33.44824406797167],[-70.84902890412984,-33.448250949339624],[-70.84902988212201,-33.44825787425562],[-70.84903047937101,-33.44826015583465],[-70.84903087381055,-33.44826246113559],[-70.84903285033668,-33.448269213270876],[-70.84903463313118,-33.44827602380571],[-70.84903549419012,-33.44827824510309],[-70.84903615634816,-33.44828050714207],[-70.84903891314704,-33.44828706507896],[-70.84904148338144,-33.44829369558105],[-70.849042599891,-33.44829583518901],[-70.84904352346099,-33.44829803219794],[-70.84904703419794,-33.44830433281184],[-70.84905036690225,-33.44831071939241],[-70.84905172803607,-33.4483127567002],[-70.84905290420078,-33.448314867526875],[-70.84905713529706,-33.44832085013896],[-70.84906119814127,-33.44832693129071],[-70.84906279071282,-33.44832884668409],[-70.84906420822668,-33.44833085099503],[-70.84906911917496,-33.44833645795441],[-70.84907387278851,-33.44834217514604],[-70.84907568138067,-33.448343950196524],[-70.84907732667538,-33.44834582867234],[-70.84908287042182,-33.448351005910695],[-70.84908826878056,-33.448356304151126],[-70.84909027589686,-33.448357921793686],[-70.8490921332094,-33.448359656315],[-70.84909825659845,-33.44836435386769],[-70.84910424747635,-33.448369182235396],[-70.84910643371217,-33.44837062693217],[-70.84910848523381,-33.44837220075471],[-70.84911512951211,-33.44837637324375],[-70.84912165499213,-33.44838068537528],[-70.84912399922437,-33.448381943264664],[-70.84912622526952,-33.44838334118106],[-70.84913332664422,-33.448386948255326],[-70.8491403236837,-33.4483907027887],[-70.84914280327632,-33.448391761817376],[-70.84914518246983,-33.448392970305136],[-70.84915267271712,-33.44839597703357],[-70.84916007376067,-33.44839913800198],[-70.84916266478459,-33.448399988039405],[-70.84916517426583,-33.44840099539269],[-70.84917298138211,-33.448403372605654],[-70.84918071501818,-33.44840590977898],[-70.84967798042048,-33.44854587648738],[-70.84967866017183,-33.448546037172626],[-70.84967932624825,-33.4485462516558],[-70.85003339553602,-33.44864384164033],[-70.85042254440104,-33.448755144491756],[-70.85042254684575,-33.44875514508041],[-70.85042254920977,-33.44875514586707],[-70.85043067139716,-33.44875746875638],[-70.85045197577796,-33.44876259831363],[-70.8504737773452,-33.448765952645964]]]}},{"type":"Feature","properties":{"numpos":"89708","TIPO":"DESCARGO","TENSION":"MT","INCIDENCIA":"DF202671817849","CLITOTAL":"25","CANTAVISOS":"","FECHA_INICIO":"","FECHA_FIN":"","DESCARGO":"DF202671817849(TP20267213817576)","ESTADODESC":"789","ESTADOINC":" ","CLI_PLAN":"1","FECHA_INIDESC":"11-10-2026 10:30","FECHA_FINDESC":"11-10-2026 16:00","FECHA_REPOSICION":"11-10-2026 16:00","id_alim":"5811"},"geometry":{"type":"Polygon","coordinates":[[[-70.84613861121383,-33.44755183403893],[-70.84616047891782,-33.44755486945849],[-70.84618259623356,-33.447556093425],[-70.84620475015787,-33.44755549415099],[-70.84622672733491,-33.44755307740786],[-70.84624831611114,-33.44754886647038],[-70.84626930857367,-33.447542901892476],[-70.8462895025525,-33.44753524111667],[-70.8463087035677,-33.44752595792089],[-70.84632672670237,-33.44751514170789],[-70.84634339838348,-33.44750289664428],[-70.84635855805351,-33.4474893406573],[-70.84637205971664,-33.44747460429909],[-70.84638377334495,-33.447458829489356],[-70.84639358613045,-33.447442168148655],[-70.8464014035715,-33.4474247807352],[-70.846407150383,-33.447406834699656],[-70.84641077122119,-33.44738850287239],[-70.84641223121679,-33.4473699617991],[-70.84641151631058,-33.4473513900404],[-70.84640863338895,-33.447332966452485],[-70.84640361021728,-33.44731486846432],[-70.84639649517268,-33.44729727036916],[-70.84638735677801,-33.44728034164589],[-70.84637628304186,-33.447264245326906],[-70.84636338061101,-33.44724913642803],[-70.84634877374332,-33.44723516045568],[-70.84633260311104,-33.44722245200552],[-70.84631502444604,-33.447211133466304],[-70.84629620704007,-33.447201313841205],[-70.84627633211439,-33.447193087698096],[-70.84625559107447,-33.44718653425881],[-70.84601481099797,-33.44712157487425],[-70.84601186859496,-33.44711914796184],[-70.84599462094941,-33.447107477036596],[-70.84597609176889,-33.44709727952468],[-70.84595645949885,-33.447088653633195],[-70.845935913208,-33.447081682433755],[-70.8459146507673,-33.44707643306243],[-70.84589287694448,-33.44707295607331],[-70.84587080143204,-33.447071284951505],[-70.84584863682787,-33.44707143579078],[-70.84582659658784,-33.447073407138525],[-70.84580489297015,-33.44707718000974],[-70.84578373499127,-33.44708271806992],[-70.84576332641299,-33.44708996798486],[-70.84574386378016,-33.447098859934364],[-70.84572553452787,-33.44710930828459],[-70.84570851517636,-33.4471212124128],[-70.8456929696311,-33.44713445767627],[-70.84567904760429,-33.447148916516454],[-70.845666883173,-33.44716444968737],[-70.84565659348794,-33.447180907596604],[-70.84564827764527,-33.447198131745914],[-70.84564201573208,-33.44721595625776],[-70.84563786805528,-33.44723420947251],[-70.84563587456051,-33.447252715602],[-70.84563497371565,-33.44727113721396],[-70.84563499585113,-33.44727342362259],[-70.8456348161753,-33.44727570513989],[-70.84563508575448,-33.44728270988006],[-70.84563515360281,-33.44728971803397],[-70.84563544296446,-33.44729199161409],[-70.84563553091466,-33.44729427690897],[-70.84563661820809,-33.447301225768406],[-70.84563750514128,-33.44730819460109],[-70.84563805894257,-33.44731043345683],[-70.84563841367194,-33.447312700520634],[-70.8456403082089,-33.44731952657798],[-70.84564200568583,-33.44732638897571],[-70.84564281859348,-33.44732857154565],[-70.84564343668595,-33.447330798545266],[-70.84564612022149,-33.447337436061744],[-70.84564861189499,-33.44734412593575],[-70.84564967608038,-33.44734623120049],[-70.84565055158353,-33.447348396688696],[-70.84565399827416,-33.44735478174129],[-70.84565726014841,-33.44736123466426],[-70.84565856536304,-33.44736324234892],[-70.8456596898454,-33.447365325470784],[-70.84566386649792,-33.44737139656772],[-70.84566786715969,-33.447377550394364],[-70.84566940083367,-33.44737944116376],[-70.84567076346598,-33.447381421857656],[-70.84567562985724,-33.44738712053085],[-70.84568033077815,-33.44739291599617],[-70.84568207814141,-33.44739467164107],[-70.8456836658009,-33.4473965308318],[-70.8456891750651,-33.447401802199686],[-70.84569453097284,-33.447407183489965],[-70.84569647519736,-33.44740878710252],[-70.845698272594,-33.44741050688492],[-70.84570437167393,-33.44741530018113],[-70.84571033098828,-33.44742021547142],[-70.84571245335013,-33.447421651607904],[-70.84571444317399,-33.447423215419484],[-70.84572107333197,-33.44742748448156],[-70.8457275786616,-33.447431886434856],[-70.84572985872133,-33.44743314126447],[-70.84573202180924,-33.44743453404474],[-70.84573911919308,-33.447438237759144],[-70.84574610788796,-33.44744208398198],[-70.84574852368718,-33.447443145419896],[-70.84575083920744,-33.44744435375559],[-70.84575833546549,-33.44744745645349],[-70.84576574022016,-33.44745070990431],[-70.84576826849323,-33.447451567728216],[-70.8457707141461,-33.44745257998241],[-70.84577853708487,-33.44745505178289],[-70.84578628658726,-33.447457681129066],[-70.84578890298559,-33.447458327077676],[-70.84579145521782,-33.447459133501674],[-70.84611720372088,-33.447547016399234],[-70.84613861121383,-33.44755183403893]]]}},{"type":"Feature","properties":{"numpos":"95468","TIPO":"DESCARGO","TENSION":"MT","INCIDENCIA":"DF202671817849","CLITOTAL":"25","CANTAVISOS":"","FECHA_INICIO":"","FECHA_FIN":"","DESCARGO":"DF202671817849(TP20267213817576)","ESTADODESC":"789","ESTADOINC":" ","CLI_PLAN":"1","FECHA_INIDESC":"11-10-2026 10:30","FECHA_FINDESC":"11-10-2026 16:00","FECHA_REPOSICION":"11-10-2026 16:00","id_alim":"5811"},"geometry":{"type":"Polygon","coordinates":[[[-70.85029375642911,-33.44798430959471],[-70.85029217942913,-33.44799021794375],[-70.85029036220513,-33.44799607760117],[-70.85028976080636,-33.44799927949432],[-70.85028891653444,-33.448002442621636],[-70.85028803795252,-33.448008452099124],[-70.8502869146102,-33.44801443285814],[-70.85028669048377,-33.44801766874898],[-70.85028622012103,-33.448020886017],[-70.85028604841887,-33.44802693874844],[-70.85028562977705,-33.44803298301112],[-70.85028578508167,-33.448036221736245],[-70.85028569315821,-33.44803946216093],[-70.85028622998982,-33.44804549985521],[-70.8502865200807,-33.44805154941201],[-70.85028705332095,-33.44805475978071],[-70.85028734072229,-33.448057992155015],[-70.85028858091813,-33.44806395666576],[-70.85028957694846,-33.448069953256095],[-70.85029048298918,-33.448073104350755],[-70.85029114694771,-33.4480762975451],[-70.85029307856445,-33.44808213143077],[-70.8502947709423,-33.448088017304144],[-70.85029604105803,-33.448091078777914],[-70.85029707517968,-33.44809420204007],[-70.8502996796152,-33.4480998491171],[-70.85030205204244,-33.44810556758914],[-70.85030367400144,-33.448108509958324],[-70.85030506832729,-33.44811153320949],[-70.85030832049976,-33.44811693909325],[-70.85031135012896,-33.448122435091896],[-70.85031330831107,-33.448125230019805],[-70.85031504941313,-33.448128124144326],[-70.8503189180026,-33.44813323677303],[-70.85032257565705,-33.44813845736865],[-70.85032485120404,-33.4481410779385],[-70.85032692231465,-33.44814381506429],[-70.85033137006474,-33.44814858520043],[-70.85033562051939,-33.44815348011562],[-70.85033819151651,-33.44815590108974],[-70.85034057268989,-33.44815845485674],[-70.85034555676638,-33.448162836561046],[-70.85035035908716,-33.44816735865495],[-70.85035320077438,-33.448169556718014],[-70.85035586907853,-33.44817190253189],[-70.85036134148211,-33.448175853606],[-70.85036664942002,-33.44817995932815],[-70.85036973443029,-33.448181913311466],[-70.85037266416799,-33.448184028580656],[-70.85037857219636,-33.44818751097344],[-70.850384334633,-33.448191160783296],[-70.85038763325588,-33.44819285186883],[-70.85039079621212,-33.44819471622208],[-70.85039708296755,-33.44819769639592],[-70.85040324440739,-33.44820085514371],[-70.85040672487533,-33.44820226704536],[-70.85041009058892,-33.44820386252774],[-70.85041669552619,-33.44820631178181],[-70.85042319663103,-33.44820894904689],[-70.85042682542503,-33.44821006816718],[-70.85043036148222,-33.448211379413294],[-70.85045143414301,-33.44821817802884],[-70.85047248633495,-33.448223993098466],[-70.85049411707699,-33.44822805035313],[-70.85051611805201,-33.44823031071906],[-70.85053827737718,-33.44823075242762],[-70.85056038164478,-33.44822937122489],[-70.85058221797719,-33.448226180412796],[-70.85060357607735,-33.44822121072079],[-70.8506242502539,-33.4482145100101],[-70.85064404140225,-33.448206142812644],[-70.85066275892203,-33.448196189709556],[-70.85068022255275,-33.44818474655524],[-70.85069626410983,-33.44817192355408],[-70.85071072910429,-33.44815784419919],[-70.85072347823059,-33.448142644082985],[-70.85073438870819,-33.44812646959142],[-70.85074335546402,-33.448109476494146],[-70.85075029214424,-33.448091828444426],[-70.85075513194604,-33.44807369540287],[-70.85075782826071,-33.44805525200077],[-70.85075835512264,-33.44803667585834],[-70.85075670745925,-33.448018145873895],[-70.85075586033443,-33.4480140718772],[-70.85079674674843,-33.44790460107329],[-70.85079863882945,-33.44789976185226],[-70.85080447970888,-33.44788192131556],[-70.85080821581671,-33.44786368809429],[-70.850809811487,-33.44784523625445],[-70.8508092514878,-33.44782674194902],[-70.85080654116663,-33.447808381736266],[-70.85080170639921,-33.44779033089421],[-70.85079479334253,-33.447772761747316],[-70.85078586799403,-33.4477558420214],[-70.85077501556165,-33.447739733242436],[-70.8507623396502,-33.447724589194486],[-70.8507479612724,-33.447710554451696],[-70.85073201769346,-33.44769776299799],[-70.85071466112076,-33.44768633694815],[-70.85069605725077,-33.44767638538192],[-70.85067638368714,-33.447668003302745],[-70.85065582824531,-33.447661270730855],[-70.8506345871595,-33.447656251939264],[-70.85061286320936,-33.4476529948403],[-70.85059086378412,-33.44765153052811],[-70.85056879890291,-33.44765187298193],[-70.85054687920963,-33.447654018932525],[-70.85052531396225,-33.447657947893475],[-70.85050430903502,-33.44766362235672],[-70.85048406495319,-33.447670988150605],[-70.85046477497869,-33.44767997495705],[-70.85044662326514,-33.4476904969828],[-70.85042978309984,-33.44770245377853],[-70.85041441524949,-33.44771573119763],[-70.85040066642544,-33.44773020248604],[-70.850388667883,-33.447745729492254],[-70.85037853416844,-33.44776216398608],[-70.85037036202547,-33.447779349073926],[-70.85036791444463,-33.447785330281846],[-70.85036726829497,-33.447787204274654],[-70.85036701606415,-33.44778784937654],[-70.85036661840778,-33.44778906499153],[-70.85036609925791,-33.447790247972115],[-70.85029593935829,-33.447978094011205],[-70.85029496647921,-33.447981231070756],[-70.85029375642911,-33.44798430959471]]]}},{"type":"Feature","properties":{"numpos":"6727","TIPO":"DESCARGO","TENSION":"MT","INCIDENCIA":"DF202671818792","CLITOTAL":"161","CANTAVISOS":"","FECHA_INICIO":"","FECHA_FIN":"","DESCARGO":"DF202671818792(TP20267213818088)","ESTADODESC":"789","ESTADOINC":" ","CLI_PLAN":"1","FECHA_INIDESC":"11-10-2026 11:00","FECHA_FINDESC":"11-10-2026 17:00","FECHA_REPOSICION":"11-10-2026 17:00","id_alim":"923"},"geometry":{"type":"Polygon","coordinates":[[[-70.57943127701519,-33.47100611362129],[-70.57945333586133,-33.47100800165445],[-70.5794755093028,-33.47100806854854],[-70.57949758379584,-33.471006313659394],[-70.57951934674969,-33.471002753887674],[-70.57954058857392,-33.470997423516216],[-70.57956110469699,-33.47099037387972],[-70.57958069753654,-33.470981672870515],[-70.57959917840202,-33.47097140428454],[-70.57961636931209,-33.470959667014455],[-70.57963210470871,-33.47094657409715],[-70.57964623305139,-33.470932251625136],[-70.57965861827678,-33.47091683753224],[-70.57966914110898,-33.470900480265065],[-70.57967770020818,-33.47088333735357],[-70.57968421314655,-33.470865573893676],[-70.57968861720212,-33.47084736095753],[-70.57969086996275,-33.470828873945806],[-70.57969094973444,-33.470810290898676],[-70.57968885575038,-33.47079179078098],[-70.5796846081781,-33.47077355175879],[-70.57967824792534,-33.47075574948365],[-70.57966983624593,-33.470738555400835],[-70.5796594541499,-33.47072213509833],[-70.57964720162326,-33.47070664671209],[-70.57963319666501,-33.47069223940324],[-70.5796175741508,-33.470679051921465],[-70.57960048453396,-33.47066721126885],[-70.5795820923965,-33.470656831476795],[-70.57957101777434,-33.47065122290628],[-70.5795710177743,-33.470651222906234],[-70.57957101777428,-33.47065122290624],[-70.57919318584253,-33.47045987474175],[-70.5788768189775,-33.47029607017039],[-70.57891079148423,-33.47014398959885],[-70.57891391746166,-33.47012437950448],[-70.57891467315443,-33.47011653357656],[-70.57891492963645,-33.47010970310803],[-70.57891539777833,-33.470102881922976],[-70.57891527816261,-33.47010042137835],[-70.57891537060172,-33.47009795959737],[-70.5789148270202,-33.47009114119246],[-70.57891449513393,-33.470084314152885],[-70.57891408831023,-33.47008187519531],[-70.57891389239727,-33.47007941776386],[-70.57891255404526,-33.47007267708892],[-70.57891142526988,-33.47006590994087],[-70.5789106840435,-33.4700626443234],[-70.5789106840435,-33.4700626443234],[-70.57884725360972,-33.46978318811683],[-70.5788083824647,-33.46958241034061],[-70.5788083824647,-33.46958241034061],[-70.57880715123481,-33.4695760507577],[-70.57880697028186,-33.469575339035174],[-70.57880686681615,-33.469574616519466],[-70.57874647461728,-33.469277141184975],[-70.57874545452982,-33.469273274840944],[-70.57874469595866,-33.4692693664734],[-70.57874306228894,-33.4692642077481],[-70.57874168731402,-33.46925899630489],[-70.57874100614576,-33.46925724903066],[-70.57874078435171,-33.469255795752595],[-70.57873961173752,-33.46925150958775],[-70.57873952718009,-33.469250975422696],[-70.57873873886645,-33.46924736491486],[-70.57873868069616,-33.46924708778934],[-70.57873866864506,-33.469247043298026],[-70.57870667177481,-33.46910049607114],[-70.57870161523005,-33.46908240256393],[-70.57869446696084,-33.469064811565126],[-70.57868529580998,-33.46904789248521],[-70.57867419010155,-33.46903180826375],[-70.57866125679023,-33.46901671380009],[-70.57864662043126,-33.46900275446159],[-70.57863042198095,-33.46899006468373],[-70.57861281743907,-33.468978766675455],[-70.57859397634655,-33.468968969242205],[-70.57857408015279,-33.46896076673813],[-70.5785533204681,-33.468954238157394],[-70.57853189721853,-33.46894944637342],[-70.57851001672044,-33.468946437533546],[-70.57848788969368,-33.468945240614325],[-70.57846572923224,-33.46894586714272],[-70.57844374875204,-33.468948311085],[-70.57842215993583,-33.46895254890486],[-70.5784011706945,-33.46895853979009],[-70.57838098316485,-33.468966226045524],[-70.57836179176293,-33.46897553364882],[-70.57834378131176,-33.46898637296319],[-70.57833295586556,-33.46899434555166],[-70.57831070439838,-33.46899558800784],[-70.57828858174517,-33.468998691338676],[-70.57787612489449,-33.46907435844302],[-70.57787333474468,-33.46907463157055],[-70.57786999788561,-33.469074979328035],[-70.577794610036,-33.469083313872815],[-70.57779312684436,-33.46908020215729],[-70.57778292260376,-33.46906370379974],[-70.57777083798447,-33.469048123140425],[-70.57775698936847,-33.46903361022907],[-70.57774151012582,-33.46902030483237],[-70.57772454933001,-33.46900833508801],[-70.57770627032254,-33.4689978162706],[-70.57768684913965,-33.46898884968159],[-70.57766647281721,-33.46898152167369],[-70.57764533758936,-33.468975902819174],[-70.57762364699869,-33.468972047230444],[-70.57760160993618,-33.468969992038716],[-70.57757943862944,-33.468969757036504],[-70.57755734659887,-33.46897134448705],[-70.57753554660142,-33.468974739102485],[-70.57751424858175,-33.468979908191024],[-70.57749365765027,-33.46898680197189],[-70.5774739721079,-33.4689953540546],[-70.57745538153645,-33.46900548207843],[-70.57743806497275,-33.469017088505524],[-70.57742218918455,-33.4690300615602],[-70.57740790706433,-33.46904427630541],[-70.57739535615703,-33.46905959584597],[-70.57738465733529,-33.469075872646854],[-70.5773759136354,-33.469092949954],[-70.57736920926493,-33.469110663304036],[-70.57736460879183,-33.469128842107985],[-70.57736215652245,-33.469147311294236],[-70.57736187607483,-33.46916589299451],[-70.57736788611854,-33.46930406225813],[-70.5773680665942,-33.469305846154576],[-70.57736808372096,-33.469307663254725],[-70.57736900917446,-33.46931516300723],[-70.57736972362407,-33.46932222492072],[-70.57737008489933,-33.469323880536706],[-70.57737029453894,-33.46932557942772],[-70.57737146912162,-33.46933206523794],[-70.5774373748916,-33.46969598194115],[-70.57743763541554,-33.4697018772867],[-70.57744062399127,-33.469720290902885],[-70.57744575170717,-33.46973837034925],[-70.57745296918182,-33.46975594151055],[-70.57746220690798,-33.469772835166545],[-70.57747337592224,-33.46978888862159],[-70.57748636866145,-33.46980394727162],[-70.5775010599989,-33.46981786609309],[-70.57751730844903,-33.469830511039525],[-70.57753495753026,-33.46984176033264],[-70.57755383727189,-33.46985150563502],[-70.577573765851,-33.46985965309357],[-70.57759455134358,-33.469866124243445],[-70.57761599357292,-33.46987085676354],[-70.57763788603735,-33.46987380507688],[-70.57766001789918,-33.4698749407894],[-70.5776821760151,-33.469874252963635],[-70.57770414698892,-33.4698717482237],[-70.57772571922686,-33.46986745069188],[-70.57774668497527,-33.46986140175601],[-70.57776684232142,-33.46985365967103],[-70.57778599713822,-33.46984429899796],[-70.57780396495366,-33.46983340988567],[-70.57782057272746,-33.46982109720283],[-70.57783566051758,-33.4698074795279],[-70.57784908302045,-33.46979268800709],[-70.57786071097051,-33.46977686509136],[-70.5778704323849,-33.469760163164565],[-70.57787815364195,-33.46974274307578],[-70.57788380038282,-33.46972477259035],[-70.57788731822755,-33.46970642477412],[-70.57788867329872,-33.46968787632672],[-70.57788876774327,-33.4696813153144],[-70.57788849793297,-33.46967521054357],[-70.57788847335176,-33.46966910162099],[-70.57788808778035,-33.46966593036262],[-70.57788794699229,-33.469662744867556],[-70.57788696451011,-33.469656691656986],[-70.57788622559067,-33.469650614169744],[-70.5778515279864,-33.46945902776248],[-70.57792742932017,-33.46945063644053],[-70.57793969146876,-33.46944943609765],[-70.57793980791219,-33.469449419811205],[-70.57793992634318,-33.46944941302822],[-70.57795078772479,-33.469447884113414],[-70.57796156219993,-33.46944637713426],[-70.57796167587182,-33.46944635142994],[-70.57796179324731,-33.46944633490743],[-70.57828848280779,-33.46938640230974],[-70.5782946470672,-33.469390041158164],[-70.57829497701701,-33.46939052422496],[-70.57829667027735,-33.469393419216665],[-70.57830048186037,-33.46939858365311],[-70.57830408154074,-33.469403853804884],[-70.57830631075963,-33.469406481414765],[-70.57830833444409,-33.46940922336905],[-70.57831273166921,-33.46941404982506],[-70.57831687705779,-33.46941893604798],[-70.57836123267431,-33.469637424849665],[-70.57836232495207,-33.46964306686163],[-70.5783623249522,-33.46964306686213],[-70.57836232495228,-33.46964306686266],[-70.57840168594561,-33.46984638015295],[-70.57840274949336,-33.469851438756265],[-70.5784541572448,-33.470077931712126],[-70.57837003520595,-33.47003455722548],[-70.57820785344836,-33.46994346722292],[-70.57818885039893,-33.46993389171995],[-70.57816881897065,-33.46992592336431],[-70.57814795207621,-33.469919638895234],[-70.57812645067409,-33.46991509883524],[-70.57810452183334,-33.469912346907364],[-70.5780823767393,-33.469911409614035],[-70.57806022866,-33.46991229598186],[-70.57803829089212,-33.46991499747477],[-70.57801677470705,-33.469919488076115],[-70.57799588731626,-33.469925724539216],[-70.57797582987563,-33.46993364680395],[-70.57795679554849,-33.46994317857502],[-70.57793896764515,-33.46995422805681],[-70.57792251785773,-33.46996668883734],[-70.57790760460661,-33.469980440913],[-70.57789437151466,-33.46999535184442],[-70.5778829460243,-33.47001127803167],[-70.57787343816993,-33.47002806609737],[-70.57786593951828,-33.47004555436367],[-70.57786052228657,-33.47006357440936],[-70.57785723864697,-33.47008195269177],[-70.57785612022403,-33.470100512218146],[-70.57785717779018,-33.47011907425008],[-70.57786040116187,-33.47013746002499],[-70.57786575929757,-33.470155492477616],[-70.57787320059668,-33.47017299794528],[-70.57788265339653,-33.47018980784032],[-70.57789402666228,-33.47020576027385],[-70.5779072108638,-33.47022070161464],[-70.57792207903037,-33.470234487968874],[-70.57793848797355,-33.47024698656584],[-70.577956279666,-33.47025807703668],[-70.57812211091263,-33.470351216905215],[-70.57812587638173,-33.47035311429183],[-70.57812950085248,-33.47035519524728],[-70.57850149049607,-33.47054699770168],[-70.57850252569044,-33.47054747442795],[-70.57850350706451,-33.470548025335226],[-70.5785086370678,-33.47055060890092],[-70.57895662098402,-33.47078256121234],[-70.57895759517635,-33.47078301182989],[-70.57895851813622,-33.47078353271787],[-70.57933730244811,-33.47097536340057],[-70.57933730244815,-33.47097536340061],[-70.57934837709824,-33.47098097199098],[-70.5793678946863,-33.470989790991666],[-70.57938834971978,-33.47099696423286],[-70.5794095452045,-33.47100242263197],[-70.57943127701519,-33.47100611362129]]]}}]}