{"type":"FeatureCollection","features":[{"type":"Feature","properties":{"numpos":"10163","TIPO":"TRAFO","TENSION":"MT","INCIDENCIA":"DF202671832096","CLITOTAL":"34","CANTAVISOS":"6","FECHA_INICIO":"10-10-2026 18:45","FECHA_FIN":"","DESCARGO":"","ESTADODESC":" ","ESTADOINC":"Asignado","CLI_PLAN":"0","FECHA_INIDESC":"","FECHA_FINDESC":"","FECHA_REPOSICION":"10-10-2026 20:13","id_alim":"1023"},"geometry":{"type":"Polygon","coordinates":[[[-70.5259726624553,-33.38118587174001],[-70.52598692792883,-33.38120008869067],[-70.52600278572054,-33.38121306410621],[-70.52602008311113,-33.38122467302574],[-70.52603865351695,-33.38123480364846],[-70.52605831809423,-33.38124335841041],[-70.5260788874615,-33.38125025492412],[-70.52610016352348,-33.38125542677202],[-70.52612194137885,-33.38125882414616],[-70.52614401129368,-33.38126041432776],[-70.52616616072123,-33.38126018200244],[-70.52618817634905,-33.38125812940768],[-70.52620984615326,-33.381254276311246],[-70.52623096144056,-33.38124865982086],[-70.52625131885807,-33.38124133402675],[-70.52627072235184,-33.38123236948073],[-70.5262889850549,-33.3812218525168],[-70.52630593108698,-33.38120988441961],[-70.52632139724835,-33.381196580449085],[-70.5263352345915,-33.38118206873026],[-70.5263473098556,-33.3811664890195],[-70.52635750674985,-33.38114999135841],[-70.52636572707343,-33.381132734628956],[-70.52637189166117,-33.38111488502323],[-70.52637594114589,-33.381096614442995],[-70.52637783653016,-33.38107809884405],[-70.52637755956174,-33.381059516541804],[-70.52637511290942,-33.38104104649396],[-70.52637052013709,-33.381022866576984],[-70.52630627216142,-33.380818554158836],[-70.52630379154091,-33.3808119901719],[-70.52630151073419,-33.38080537537309],[-70.52630044577529,-33.3808031369168],[-70.52629957753147,-33.38080083945017],[-70.52629634197167,-33.38079451105697],[-70.52629329932712,-33.38078811566551],[-70.5262919779729,-33.3807859755617],[-70.52629084549224,-33.3807837605554],[-70.52628688615371,-33.38077772870171],[-70.52628311097399,-33.380771614308514],[-70.52628154594996,-33.3807695931675],[-70.52628016013892,-33.38076748195322],[-70.52627551515255,-33.380761804728905],[-70.52627104379495,-33.38075603021873],[-70.52626925017316,-33.380754147505115],[-70.52626762437802,-33.380752160414914],[-70.52626233847775,-33.38074689249455],[-70.52625721400408,-33.38074151347889],[-70.52625520905815,-33.380739787324146],[-70.52625335893622,-33.38073794349475],[-70.52624748302824,-33.38073313561108],[-70.52624175479005,-33.38072820389259],[-70.52623955782873,-33.38072665092049],[-70.5262375011977,-33.38072496810888],[-70.52623109187014,-33.38072066656416],[-70.52622481503356,-33.38071622963783],[-70.52622244721479,-33.380714864804304],[-70.52622020388108,-33.380713359216756],[-70.52621332285919,-33.380709605437055],[-70.52620655787342,-33.38070570603268],[-70.52586839226286,-33.380530630091236],[-70.52565316663564,-33.38041762967712],[-70.52565062709333,-33.38041631584682],[-70.52531727139687,-33.38024639466702],[-70.5253169993131,-33.38024624483839],[-70.52531356243061,-33.38024454859598],[-70.52531024618317,-33.3802426673936],[-70.5253087452637,-33.38024190321461],[-70.52530859786967,-33.38024182758708],[-70.52530858997667,-33.38024182397114],[-70.52489880295599,-33.380032012692524],[-70.52489588163874,-33.380030542235694],[-70.52463167633995,-33.379899817641636],[-70.52462758035543,-33.379897620476626],[-70.52461999817876,-33.37989397308466],[-70.52413861888887,-33.3796460916447],[-70.52413842901625,-33.37964600432962],[-70.52413825002523,-33.37964590210878],[-70.52371112125105,-33.379426897944775],[-70.52371105448144,-33.37942686737908],[-70.52371098619696,-33.37942682844033],[-70.52370089786766,-33.37942221789937],[-70.52369167678735,-33.37941799668561],[-70.52369160729012,-33.379417971943575],[-70.52369153431705,-33.379417938593626],[-70.52368088761712,-33.37941415558139],[-70.52367128602016,-33.37941073726974],[-70.52367121447544,-33.37941071849526],[-70.52367113750273,-33.37941069114511],[-70.52366003449188,-33.37940778468736],[-70.52365014532272,-33.379405189608946],[-70.52365007241247,-33.37940517689253],[-70.52364999218541,-33.37940515589131],[-70.52363854175759,-33.37940316580827],[-70.52362845829036,-33.3794014071299],[-70.52362838469267,-33.37940140051057],[-70.52362830200491,-33.379401386139456],[-70.52362614235408,-33.37940110268881],[-70.52360211313326,-33.379399046326824],[-70.52357795958176,-33.37939915594801],[-70.52355395828467,-33.37940143029711],[-70.52353038408357,-33.379405843330346],[-70.523233489095,-33.379475601408075],[-70.52321247784694,-33.37948148510073],[-70.52319225516469,-33.37948906828417],[-70.52317301580288,-33.379498277928576],[-70.52315494504641,-33.37950902534054],[-70.52313821692613,-33.37952120701721],[-70.52312299254284,-33.37953470564291],[-70.52310941851577,-33.37954939121911],[-70.52309762557066,-33.37956512231618],[-70.52308772728061,-33.37958174743558],[-70.52307981897246,-33.37959910646875],[-70.52307397680859,-33.379617032239075],[-70.52307025705343,-33.379635352111805],[-70.52306869553162,-33.37965388965675],[-70.5230693072828,-33.37967246634722],[-70.52307208641686,-33.37969090327951],[-70.52307700617055,-33.37970902289566],[-70.52308401916518,-33.379726650693584],[-70.52309305786285,-33.37974361690761],[-70.52310403521686,-33.379759758143315],[-70.52311684550992,-33.37977491895132],[-70.52313136537235,-33.37978895332416],[-70.5231474549701,-33.37980172610259],[-70.52316495935136,-33.37981311427724],[-70.52318370993905,-33.37982300817316],[-70.52320352615408,-33.37983131250628],[-70.5232242171546,-33.379837947300864],[-70.52324558367393,-33.37984284865987],[-70.52326741993959,-33.37984596938028],[-70.52328951565505,-33.37984727940769],[-70.52331165802515,-33.379846766125766],[-70.5233336338054,-33.379844434477796],[-70.52335523135565,-33.379840306918986],[-70.52355854768527,-33.37979253601581],[-70.52390265482816,-33.379968972008186],[-70.5243039812935,-33.38017563149831],[-70.52431701773213,-33.38023418457181],[-70.52426911938893,-33.380290124915625],[-70.52409137095049,-33.38045544031035],[-70.52408575210309,-33.380461212036025],[-70.524080000497,-33.380466890973686],[-70.52407874879268,-33.38046840589191],[-70.52407735896294,-33.38046983353585],[-70.52407244149101,-33.38047603951995],[-70.52406738105901,-33.38048216408008],[-70.52388757491742,-33.38072435479471],[-70.5238875739006,-33.380724355233305],[-70.52388702670456,-33.38072465147639],[-70.52388644981089,-33.38072490384807],[-70.52387772302104,-33.380729688339976],[-70.52386896168001,-33.38073443158696],[-70.52386845211072,-33.38073477114655],[-70.52386790707185,-33.380735069965844],[-70.52385977519593,-33.380740553146026],[-70.52385161631969,-33.38074598994106],[-70.52385114922552,-33.380746369484065],[-70.5238506413458,-33.38074671193826],[-70.52384318370234,-33.380752841965226],[-70.52383570486467,-33.38075891898292],[-70.52383528467482,-33.380759334799244],[-70.52383481891093,-33.3807597176473],[-70.52382810847133,-33.38076643630858],[-70.52382138055094,-33.38077309419942],[-70.52382101123487,-33.38077354223915],[-70.5238205921459,-33.380773961841456],[-70.52381469479795,-33.380781205091154],[-70.52380878132975,-33.38078837907598],[-70.52380846636116,-33.38078885498976],[-70.52380809806253,-33.38078930734193],[-70.5238030719349,-33.38079700590269],[-70.52379802853903,-33.3808046264114],[-70.52379777086516,-33.3808051255929],[-70.52379745698623,-33.380805606363644],[-70.52379335184496,-33.38081368638652],[-70.5237892257348,-33.38082167973543],[-70.52378902775074,-33.38082219736598],[-70.52378877139718,-33.380822701938584],[-70.5237856281226,-33.38083108571321],[-70.52378245769386,-33.380839374815665],[-70.52378232122226,-33.38083990591041],[-70.52378212494331,-33.38084042942742],[-70.5237799750934,-33.38084903613571],[-70.52377778959728,-33.38085754123906],[-70.52377771587336,-33.38085808069464],[-70.5237775816348,-33.38085861810503],[-70.52377644709973,-33.380867364613344],[-70.52377526640267,-33.38087600405326],[-70.52377525606488,-33.3808765466956],[-70.52377518522745,-33.38087709280468],[-70.5237750779815,-33.38088589448416],[-70.52377491241111,-33.38089458545135],[-70.5237749654971,-33.38089512608434],[-70.52377495880134,-33.380895675605025],[-70.5237758807556,-33.38090444717178],[-70.52377673103318,-33.3809131064843],[-70.52377684698116,-33.3809136399379],[-70.52377690453845,-33.3809141875435],[-70.52377884749694,-33.38092284391021],[-70.52377941497376,-33.38092545475692],[-70.52365462320753,-33.381269417066896],[-70.52348942156084,-33.38154844755761],[-70.52333408651188,-33.38159530625507],[-70.52314405520859,-33.38148186070269],[-70.52312539856392,-33.38147184212381],[-70.52310566125786,-33.38146340594697],[-70.52308503337056,-33.381456633416775],[-70.52306371355884,-33.38145158975599],[-70.52304190714295,-33.381448323537576],[-70.52301982412924,-33.381446866216855],[-70.52299767718787,-33.38144723182857],[-70.5229756796046,-33.381449416851744],[-70.52295404322683,-33.38145340024355],[-70.5229329764235,-33.38145914364206],[-70.52291268207834,-33.38146659173554],[-70.52289335563609,-33.38147567279527],[-70.52287518322025,-33.38148629936613],[-70.5228583398407,-33.38149836910904],[-70.52284298770823,-33.381511765786314],[-70.52282927467236,-33.381526360381216],[-70.52281733279749,-33.38154201234035],[-70.52280727709103,-33.381558570927304],[-70.5227992043958,-33.381575876674255],[-70.52279319245724,-33.38159376291783],[-70.52278929917489,-33.381612057403885],[-70.52278756204447,-33.38163058394674],[-70.52278799779685,-33.381649164125704],[-70.5227906022369,-33.381667619003416],[-70.52279535028376,-33.38168577084918],[-70.52280219621238,-33.381703444850515],[-70.52281107409384,-33.38172047079673],[-70.52282189843014,-33.38173668471823],[-70.52283456497771,-33.38175193046557],[-70.52284895175123,-33.38176606121333],[-70.52286492019836,-33.38177894087412],[-70.52288231653411,-33.38179044540916],[-70.52316445033733,-33.38195887466958],[-70.52317147227384,-33.38196258578342],[-70.52354014270134,-33.38220196999442],[-70.52354115288003,-33.38220256178244],[-70.52354209773378,-33.38220322518288],[-70.52382770497614,-33.38238452942551],[-70.52384621272354,-33.38239510928817],[-70.52386587907274,-33.382404098421304],[-70.52388651042338,-33.38241140833359],[-70.52390790367512,-33.382416967064344],[-70.52392984822724,-33.38242071989198],[-70.52395212805168,-33.38242262987268],[-70.5239745238199,-33.38242267820413],[-70.52399681506192,-33.3824208644106],[-70.52401878233678,-33.38241720634759],[-70.52404020939281,-33.382411740026086],[-70.52406088529654,-33.382404519258024],[-70.5240806065091,-33.382395615126605],[-70.52409917889011,-33.382385115286425],[-70.52411641960876,-33.382373123100635],[-70.52413215894362,-33.382359756623366],[-70.52414624195355,-33.38234514743757],[-70.52415853000282,-33.3823294393596],[-70.52416890212598,-33.38231278702356],[-70.52417725621858,-33.38229535435893],[-70.52418351004228,-33.38227731297681],[-70.52418760203436,-33.382258840480546],[-70.52418949191379,-33.382240118717384],[-70.5241891610776,-33.38222133198821],[-70.52418661278405,-33.38220266523348],[-70.52418187212044,-33.38218430221231],[-70.52417498575613,-33.382166423693796],[-70.52416602148301,-33.38214920567737],[-70.52415506754818,-33.38213281766026],[-70.52414223178512,-33.38211742096894],[-70.52412764055217,-33.382103167171046],[-70.52411143748857,-33.3820901965833],[-70.52411088626536,-33.3820897972248],[-70.52409998011571,-33.38208264854776],[-70.5241001062969,-33.38208250864568],[-70.52381548112173,-33.38190182812975],[-70.5237603849325,-33.38186605342114],[-70.5237638489984,-33.38186457113759],[-70.52376398892066,-33.381864495924454],[-70.52376414367352,-33.38186442945871],[-70.52377351668075,-33.38185937441861],[-70.5237825002711,-33.38185454542191],[-70.52378263095973,-33.38185445891433],[-70.52378277692861,-33.381854380190504],[-70.52379149787564,-33.381848589577935],[-70.52379989038714,-33.381843034265906],[-70.52380001057385,-33.381842937238964],[-70.5238001463621,-33.38184284707702],[-70.52380813229789,-33.381836380555534],[-70.5238158518699,-33.38183014852882],[-70.52381596037411,-33.381830041857654],[-70.52381608469655,-33.38182994118892],[-70.52382326062366,-33.38182286493405],[-70.52383023100161,-33.38181601230796],[-70.52383032674152,-33.38181589696175],[-70.52383043843706,-33.38181578681759],[-70.52383673802045,-33.38180817273353],[-70.52384288930361,-33.38180076174339],[-70.5238429713073,-33.38180063877816],[-70.52384306934955,-33.381800520277906],[-70.52384843550428,-33.38179244516782],[-70.52385370487006,-33.38178454370692],[-70.5240672669964,-33.38142382829881],[-70.52407487644047,-33.381409518229994],[-70.52408104963445,-33.38139472935751],[-70.52423331873686,-33.380975025541225],[-70.5244399864587,-33.38069665205174],[-70.5246127279116,-33.38053599276637],[-70.5246136452285,-33.380535050482095],[-70.52461465493812,-33.38053417722185],[-70.52462064926239,-33.38052785581275],[-70.52462673981864,-33.38052159948277],[-70.52462754262929,-33.380520586302644],[-70.52462844545195,-33.38051963421647],[-70.52473699273713,-33.3803928614033],[-70.52507251050837,-33.38056464677304],[-70.52507284559685,-33.380564831296766],[-70.52507949980048,-33.38056835786816],[-70.52541494512941,-33.380739344383],[-70.52562950767442,-33.38085199677992],[-70.52563012705822,-33.38085228750947],[-70.52563071202931,-33.380852624695976],[-70.52589276365725,-33.38098829500947],[-70.52593401474749,-33.381119477893364],[-70.5259407093311,-33.38113719262229],[-70.525949441341,-33.381154271541696],[-70.52596012668404,-33.381170550171795],[-70.5259726624553,-33.38118587174001]]]}},{"type":"Feature","properties":{"numpos":"104666","TIPO":"TRAFO","TENSION":"MT","INCIDENCIA":"DF202671832096","CLITOTAL":"1","CANTAVISOS":"","FECHA_INICIO":"10-10-2026 18:45","FECHA_FIN":"","DESCARGO":"","ESTADODESC":" ","ESTADOINC":"Asignado","CLI_PLAN":"0","FECHA_INIDESC":"","FECHA_FINDESC":"","FECHA_REPOSICION":"10-10-2026 20:13","id_alim":"1023"},"geometry":{"type":"Polygon","coordinates":[[[-70.5272601080497,-33.37955026838549],[-70.52726818826271,-33.37954778057575],[-70.52727041503044,-33.379546878367336],[-70.5272727172725,-33.379546121148124],[-70.52728038411692,-33.37954283924151],[-70.52728813476799,-33.37953969894743],[-70.52729024540729,-33.37953861796864],[-70.52729244809666,-33.37953767507433],[-70.52729969459455,-33.37953377850001],[-70.52730704104033,-33.37953001596458],[-70.52730901522452,-33.379528766625846],[-70.52731109714803,-33.37952764713711],[-70.52731785351146,-33.37952317342142],[-70.52732472500144,-33.379518824880066],[-70.527326543718,-33.37951741921327],[-70.5273284848255,-33.379516133911466],[-70.52733468598697,-33.37951112613892],[-70.52734101634472,-33.37950623347074],[-70.52734266207842,-33.379504685013316],[-70.52734444367601,-33.379503246276634],[-70.52735002991484,-33.37949775267508],[-70.52735575817564,-33.37949236299934],[-70.52735721507715,-33.379490686663836],[-70.52735882000705,-33.379489108348174],[-70.52736373752484,-33.3794831818242],[-70.52736880852247,-33.37947734704667],[-70.5273700625611,-33.37947555897713],[-70.52737147536699,-33.37947385628257],[-70.52737567680549,-33.37946755391213],[-70.52738004170371,-33.37946133022502],[-70.52738108080243,-33.37945944764162],[-70.52738228787831,-33.379457636966144],[-70.52738573277573,-33.37945101944455],[-70.5273893495384,-33.37944446678569],[-70.52739016369021,-33.379442507818815],[-70.52739115341134,-33.37944060660022],[-70.52739380859182,-33.379433737658],[-70.52739664238791,-33.379426919133195],[-70.52739722375225,-33.37942490264881],[-70.5273979865872,-33.379422929196906],[-70.52739982648028,-33.37941587498589],[-70.52740185001923,-33.37940885626137],[-70.52740219299736,-33.3794068016793],[-70.52740272159976,-33.37940477499959],[-70.52740372848673,-33.37939760345578],[-70.52740404218115,-33.379395724294874],[-70.52740431391614,-33.37939485752072],[-70.5274078214553,-33.379376508234785],[-70.52740916835127,-33.37935795886855],[-70.52740834163409,-33.379339388062625],[-70.52740534926684,-33.379320974663905],[-70.527400220069,-33.379302896003296],[-70.52739300343873,-33.37928532618791],[-70.52738376887723,-33.379268434424276],[-70.5273726053192,-33.37925238338885],[-70.52735962027646,-33.37923732766137],[-70.52734493880246,-33.37922341223617],[-70.52732870228795,-33.37921077112582],[-70.52731106709926,-33.379199526070565],[-70.52729220307253,-33.379189785365874],[-70.52727229187795,-33.37918164281958],[-70.5272515252703,-33.37917517684845],[-70.52723010324235,-33.37917044972293],[-70.52720823209867,-33.379167506967605],[-70.52718612246899,-33.37916637692267],[-70.52716398727979,-33.379167070471055],[-70.52714203970365,-33.37916958093358],[-70.5271204911064,-33.37917388413331],[-70.52709954901164,-33.37917993862839],[-70.52707941510205,-33.37918768611108],[-70.52706028327741,-33.37919705196938],[-70.52704233778695,-33.37920794600542],[-70.52702575145521,-33.37922026330427],[-70.52701068401745,-33.37923388524417],[-70.52699728058155,-33.379248680638966],[-70.52698567023029,-33.379264507001444],[-70.52698419798625,-33.37926675387788],[-70.52698022686072,-33.37927350617001],[-70.52697818006983,-33.379275972920176],[-70.52696736750318,-33.379292192203344],[-70.52695850190015,-33.37930922254133],[-70.52695166864234,-33.37932689992302],[-70.5269469335389,-33.3793450541059],[-70.5269443421927,-33.37936351025546],[-70.52694391956123,-33.379382090628994],[-70.52694566971603,-33.37940061628731],[-70.5269495758035,-33.37941890881809],[-70.52695560020716,-33.379436792053994],[-70.52696368490986,-33.3794540937694],[-70.52697375205248,-33.37947064733887],[-70.52698570468372,-33.379486293342005],[-70.52699942769374,-33.37950088109871],[-70.52701478892271,-33.379514270120346],[-70.5270316404336,-33.37952633146274],[-70.5270498199369,-33.37953694896804],[-70.52706915235353,-33.379546020383295],[-70.52708945150097,-33.37955345834539],[-70.52711052188639,-33.379559191222285],[-70.52713216058929,-33.37956316380291],[-70.52715415921588,-33.37956533782897],[-70.52717630590597,-33.3795656923633],[-70.52719838737347,-33.37956422399156],[-70.52722019096043,-33.3795609468551],[-70.52724150668507,-33.37955589251479],[-70.52725209469499,-33.379552904017636],[-70.5272601080497,-33.37955026838549]]]}},{"type":"Feature","properties":{"numpos":"24930","TIPO":"TRAFO","TENSION":"MT","INCIDENCIA":"DF202671832096","CLITOTAL":"7","CANTAVISOS":"1","FECHA_INICIO":"10-10-2026 18:45","FECHA_FIN":"","DESCARGO":"","ESTADODESC":" ","ESTADOINC":"Asignado","CLI_PLAN":"0","FECHA_INIDESC":"","FECHA_FINDESC":"","FECHA_REPOSICION":"10-10-2026 20:13","id_alim":"1023"},"geometry":{"type":"Polygon","coordinates":[[[-70.5280714219082,-33.380403416493216],[-70.5280714342539,-33.380403395828274],[-70.52807241612186,-33.38040186945991],[-70.5280735000623,-33.38039996651409],[-70.5280755504635,-33.38039699148293],[-70.52822059634106,-33.38016046199626],[-70.5283784695393,-33.37991540707264],[-70.52849679323059,-33.37976234279792],[-70.52849742658455,-33.379761518820956],[-70.52870662075439,-33.37948780855967],[-70.52870938970182,-33.37948409167139],[-70.5289710885939,-33.379123582201935],[-70.52897258372167,-33.37912159977623],[-70.52897523505064,-33.379117669921065],[-70.52897812055099,-33.37911385577843],[-70.52898068867626,-33.379109586442034],[-70.52898349486456,-33.37910542704981],[-70.52898567393885,-33.37910129877526],[-70.52898810033724,-33.37909726504903],[-70.52899015764785,-33.37909280434957],[-70.52899246400507,-33.37908843493505],[-70.5289941500048,-33.37908414804491],[-70.5289960937711,-33.379079933533085],[-70.52899762027664,-33.37907532439207],[-70.52899940476647,-33.37907078707573],[-70.52900058162372,-33.37906638287962],[-70.52900202387245,-33.379062028142855],[-70.52900300469372,-33.37905731493452],[-70.52900425030651,-33.37905265343063],[-70.52900490685494,-33.37904817434612],[-70.52900583353241,-33.37904372131737],[-70.52900625905002,-33.379038949440854],[-70.52900695396134,-33.37903420863692],[-70.52900708403858,-33.379029697781775],[-70.52900748606318,-33.37902518936149],[-70.5290073520155,-33.37902040480247],[-70.52900748969456,-33.379015630328155],[-70.52900709219693,-33.37901113110649],[-70.52900696555136,-33.37900661074811],[-70.52900627308023,-33.37900185963396],[-70.5290058523482,-33.378997097423564],[-70.52900493123693,-33.37899265311025],[-70.52900427701113,-33.378988164399416],[-70.52900303265524,-33.37898349255213],[-70.52900205769215,-33.37897878840502],[-70.52900062195152,-33.37897444173176],[-70.52899944633594,-33.3789700279636],[-70.52899766197133,-33.378965480455165],[-70.52899614227232,-33.37896087959817],[-70.52899420582018,-33.37895667234555],[-70.52899252004907,-33.378952376104195],[-70.52899021277742,-33.378947996818596],[-70.52898816305854,-33.378943543474286],[-70.52898574461024,-33.37893951607312],[-70.52898356485551,-33.37893537881791],[-70.52898075684116,-33.37893121002409],[-70.52897819689606,-33.37892694698932],[-70.52897531978293,-33.378923138135704],[-70.5289726669996,-33.37891919979741],[-70.52879223661267,-33.3786795967471],[-70.5287777375109,-33.378662516255815],[-70.52859651822382,-33.37847227569156],[-70.52837752570774,-33.37821699612005],[-70.52837748896832,-33.3782170183045],[-70.52837530117169,-33.37821418227446],[-70.52837282638055,-33.37821129534899],[-70.52836765139809,-33.378205844205105],[-70.52836690051114,-33.37820499024208],[-70.5283666421441,-33.37820474985209],[-70.52836199603425,-33.37819964819544],[-70.52836044400554,-33.37819825219067],[-70.52835902640001,-33.378196758934536],[-70.52835289270172,-33.37819146001117],[-70.52834688748659,-33.378186058492645],[-70.52834517983837,-33.37818479684022],[-70.52834359460434,-33.37818342735056],[-70.52833687137716,-33.37817865834429],[-70.52833026402817,-33.378173776670934],[-70.52832841720596,-33.378172661521184],[-70.52832667961012,-33.37817142898683],[-70.52831943160228,-33.37816723582553],[-70.52831655063517,-33.37816549623698],[-70.52831393680206,-33.378163856095355],[-70.52831329483055,-33.378163530313486],[-70.52831228575175,-33.37816292101039],[-70.52831048430748,-33.37816194212012],[-70.52830920528332,-33.37816131963226],[-70.52830844431773,-33.37816087939365],[-70.5283053151092,-33.37815942632449],[-70.52830269197845,-33.3781581496736],[-70.52829498382991,-33.3781542380108],[-70.52829311550977,-33.378153488903514],[-70.52829132435365,-33.378152617165874],[-70.5282831264821,-33.378149483779005],[-70.52827499845739,-33.3781462248272],[-70.52827305161676,-33.378145632967346],[-70.52827116724202,-33.378144912722135],[-70.52826264277752,-33.3781424685709],[-70.52825417315367,-33.3781398937155],[-70.52822294170156,-33.37813182134152],[-70.52822588293863,-33.37812035979061],[-70.52822839606962,-33.37810209552052],[-70.52822878626807,-33.37808371286429],[-70.52822704985722,-33.37806538510113],[-70.52822320320617,-33.37804728499281],[-70.52821728257564,-33.378029583154984],[-70.52820934377598,-33.37801244644905],[-70.5281994616412,-33.37799603640928],[-70.52819152774168,-33.37798553524041],[-70.52819161403356,-33.37798548762996],[-70.52818822899401,-33.37798116907553],[-70.52818772932336,-33.377980507720125],[-70.52818760952304,-33.37798037876886],[-70.52806709248028,-33.377826625585286],[-70.52806520700271,-33.37782425906303],[-70.52806118538597,-33.3778192926081],[-70.5280592369236,-33.3778171235333],[-70.5280574763658,-33.37781485074293],[-70.52805258183677,-33.377809714930756],[-70.52804785389633,-33.377804451672866],[-70.52804566087507,-33.37780245278847],[-70.52804364374526,-33.37780033622052],[-70.52792517952834,-33.377687827304854],[-70.52792382144646,-33.37768638027242],[-70.52792370145474,-33.37768623319723],[-70.5279234110884,-33.377685943037065],[-70.52792118159728,-33.37768356752037],[-70.5279194465893,-33.377681894749855],[-70.527917865369,-33.37768011791392],[-70.52790931622893,-33.3776714348471],[-70.52790849847996,-33.37767068272307],[-70.52790776524623,-33.37766987694469],[-70.52786274363935,-33.37762513563082],[-70.52787941137944,-33.37761929343218],[-70.52789891432272,-33.37761048336527],[-70.52791729408797,-33.37760011189124],[-70.52793437366752,-33.37758827889359],[-70.52794998857543,-33.37757509833112],[-70.5279639884317,-33.377560697140424],[-70.52797623841037,-33.377545214013395],[-70.527986620538,-33.37752879806155],[-70.52799503482991,-33.377511607379866],[-70.52800140025279,-33.377493807524445],[-70.5280056555054,-33.37747556991787],[-70.52800775960858,-33.377457070198446],[-70.52800769230006,-33.377438486528646],[-70.52800545422943,-33.37741999787936],[-70.52800106695186,-33.3774017823062],[-70.5279945727205,-33.377384015234846],[-70.52798603407948,-33.377366867771585],[-70.5279755332615,-33.377350505055375],[-70.52796317139588,-33.377335084667635],[-70.52794906753468,-33.377320755114596],[-70.52793335750594,-33.3773076543971],[-70.52791619260582,-33.37729590868168],[-70.52789773814135,-33.37728563108543],[-70.52787817183852,-33.377276920586695],[-70.52785882046774,-33.377269301968106],[-70.52785723994515,-33.377268757415365],[-70.52785618515018,-33.377268302046986],[-70.52705375088776,-33.376962676905244],[-70.5270326651467,-33.376955694689514],[-70.52701085099109,-33.37695052217954],[-70.52698852845356,-33.37694721154886],[-70.52696592269456,-33.37694579619077],[-70.52694326173126,-33.37694629038162],[-70.52693703809427,-33.37694668916817],[-70.52692894856229,-33.376947544148685],[-70.52692084825091,-33.376948221467536],[-70.52691797403824,-33.3769487040424],[-70.5269150617195,-33.37694901184421],[-70.52690711252676,-33.376950527668974],[-70.52689912882451,-33.37695186811632],[-70.52689632429392,-33.376952584866956],[-70.5268934625163,-33.37695313057646],[-70.52688573019786,-33.37695529238708],[-70.52687794000758,-33.37695728331578],[-70.5268752321847,-33.376958227432944],[-70.52687244849555,-33.37695900569958],[-70.5268650074507,-33.37696179241682],[-70.52685748585891,-33.376964414914966],[-70.52685490085506,-33.37696557739825],[-70.52685222203272,-33.37696658063329],[-70.52684514380896,-33.37696996516782],[-70.52683796336217,-33.376973194233074],[-70.52683552612238,-33.37697456397477],[-70.5268329779188,-33.376975782427294],[-70.52682633052568,-33.376979731948225],[-70.52681956052896,-33.376983536720985],[-70.52681729459012,-33.37698510061056],[-70.52681490148447,-33.3769865224638],[-70.52680874874372,-33.37699099872132],[-70.52680245458815,-33.37699534277544],[-70.52680038185048,-33.376997085823454],[-70.52679816681524,-33.376998697310924],[-70.5267925677518,-33.3770036570107],[-70.52678681027905,-33.37700849869822],[-70.52678495079287,-33.37701040417879],[-70.526782935075,-33.377012189718826],[-70.52677794335548,-33.377017584944014],[-70.52677277826501,-33.377022877791205],[-70.52677115003497,-33.37702492740124],[-70.52676935295386,-33.37702686974879],[-70.526765016378,-33.377032648425256],[-70.52676049368225,-33.377038341576394],[-70.52675911249075,-33.377040515611135],[-70.52675755125541,-33.37704259602466],[-70.52675391130498,-33.37704870242439],[-70.52675007483866,-33.377054741129655],[-70.52674961847454,-33.37705566853555],[-70.5267493558943,-33.377056080730405],[-70.52674859789305,-33.37705761623014],[-70.52674764363715,-33.37705921709428],[-70.52674564472257,-33.37706359853187],[-70.52674088018598,-33.37707325015547],[-70.5267344511431,-33.37709103391025],[-70.52673013068201,-33.37710926072775],[-70.5267279604124,-33.37712775507389],[-70.52672796123655,-33.3771463388381],[-70.52673013314786,-33.37716483304857],[-70.52673445523102,-33.377183059595744],[-70.52674088586326,-33.37720084294778],[-70.52674936311519,-33.37721801184091],[-70.52675980534717,-33.377234400928906],[-70.52677211199554,-33.37724985237535],[-70.52678616454105,-33.37726421737385],[-70.5268018276502,-33.37727735758105],[-70.52708766972361,-33.377494699216996],[-70.52721844862856,-33.377595680015816],[-70.52738261579833,-33.37773765873221],[-70.52751267638871,-33.37786647636967],[-70.52751366399282,-33.37786955008318],[-70.52751411227165,-33.37787054478747],[-70.52751445623157,-33.37787156938966],[-70.5275180308812,-33.377879239950076],[-70.52752149778759,-33.37788693280846],[-70.52752205986918,-33.37788788543773],[-70.52752252207667,-33.377888877252204],[-70.52752697759198,-33.377896220110514],[-70.5275313246579,-33.377903587619045],[-70.52753199503552,-33.37790448904615],[-70.5275325711339,-33.37790543847788],[-70.527536599355,-33.37791072206322],[-70.52753697780717,-33.37791130043372],[-70.52753791338291,-33.377912447185196],[-70.5275430499664,-33.37791935411954],[-70.52754382210101,-33.377920195720705],[-70.52754450662617,-33.37792109357257],[-70.52754802213776,-33.37792483765964],[-70.52754948913669,-33.37792663578503],[-70.52755239171859,-33.37792953631858],[-70.52755656079249,-33.3779340804694],[-70.527557427178,-33.377934854205215],[-70.52755821360869,-33.37793569176863],[-70.52756089176813,-33.37793803036808],[-70.52756373182872,-33.37794086842342],[-70.52756901477774,-33.37794520264634],[-70.52757172701989,-33.377947624845284],[-70.52757267925699,-33.37794832333596],[-70.52757356007598,-33.377949092476875],[-70.52757511592321,-33.37795020813092],[-70.52757956871855,-33.37795386128018],[-70.52758756696758,-33.37795924385666],[-70.52758840258956,-33.37795985680683],[-70.5275890893582,-33.377960268378736],[-70.52759000303163,-33.37796088325285],[-70.5275903982332,-33.3779611666406],[-70.52759059676512,-33.37796128281719],[-70.52759684728821,-33.37796548922648],[-70.5276154011353,-33.377975640278294],[-70.52763480545329,-33.377984109255394],[-70.52769521234032,-33.37804147959841],[-70.52774376370905,-33.37810342084214],[-70.52770868063824,-33.37816370013111],[-70.52770724379542,-33.37816591843223],[-70.5277052730398,-33.37816902967073],[-70.52751011354202,-33.37848416732396],[-70.52750087782299,-33.37850105861151],[-70.52749365996746,-33.37851862805537],[-70.52748852948844,-33.378536706452564],[-70.52748553579646,-33.37855511969839],[-70.5274847077238,-33.37857369046339],[-70.52748605324662,-33.37859223990093],[-70.52748955940814,-33.37861058936971],[-70.52749519244347,-33.378628562154056],[-70.5275028981045,-33.37864598516595],[-70.52751260218258,-33.378662690611804],[-70.52752421122291,-33.37867851760865],[-70.5275376134247,-33.37869331373326],[-70.52755267971772,-33.378706936490325],[-70.5275692650054,-33.37871925468469],[-70.52756975045361,-33.37871954942362],[-70.52757184914748,-33.378721105226056],[-70.52758980584365,-33.37873198613916],[-70.52760894728831,-33.37874133800231],[-70.52762908913814,-33.378749070751454],[-70.52765003741519,-33.37875510991558],[-70.52767159037496,-33.37875939733392],[-70.52769354044948,-33.37876189171606],[-70.52771567624607,-33.37876256903967],[-70.52773778458364,-33.378761422781686],[-70.52775965254538,-33.37875846398135],[-70.5277810695296,-33.37875372113372],[-70.52780182927783,-33.37874723991534],[-70.52782173186137,-33.37873908274429],[-70.5278405856066,-33.378729328179055],[-70.52785820894111,-33.37871807016197],[-70.52787443214221,-33.37870541711443],[-70.52788909897154,-33.37869149089281],[-70.52790206817977,-33.37867642561477],[-70.5279132148668,-33.37866036636772],[-70.52802630876366,-33.378477326410064],[-70.52804988398714,-33.37848341349883],[-70.52823240531735,-33.37869617945267],[-70.52823487142325,-33.378698775358345],[-70.52823929834435,-33.37870392148889],[-70.52841727871318,-33.37889076268613],[-70.5285161884204,-33.37902211102038],[-70.52832519330067,-33.37928521888058],[-70.52811772390095,-33.37955667085797],[-70.5279953197911,-33.37971501266381],[-70.5279917763517,-33.37972013012727],[-70.52798802716357,-33.37972512470053],[-70.52798592121398,-33.37972826170007],[-70.52798402155028,-33.37973114996822],[-70.52782236631195,-33.37998207367545],[-70.5278202228797,-33.37998548324332],[-70.52767543865276,-33.380221584259374],[-70.5276751423341,-33.38022199527281],[-70.52767240185592,-33.380226255467775],[-70.52767142709122,-33.38022778755018],[-70.5275087461051,-33.38048632674279],[-70.52750832205484,-33.38048708907929],[-70.52750781483847,-33.38048782223184],[-70.5275036217395,-33.380495539072356],[-70.52749937870328,-33.38050316699025],[-70.5274990457132,-33.38050396063808],[-70.5274986266667,-33.38050473183715],[-70.52749535589261,-33.38051275494654],[-70.52749202388178,-33.38052069645075],[-70.52749178517618,-33.380521513803785],[-70.52749145831544,-33.380522315583],[-70.52748914112297,-33.38053056731884],[-70.5274867524726,-33.38053874630631],[-70.52748661037926,-33.3805395795286],[-70.52748637882101,-33.38054040412859],[-70.52748503717184,-33.38054880467198],[-70.52748361524354,-33.38055714272718],[-70.5274835711706,-33.380557983826456],[-70.52748343710296,-33.380558823271606],[-70.52748243055197,-33.38056883955727],[-70.52748165494175,-33.38058741191137],[-70.5274830529108,-33.38060595861465],[-70.52748661099723,-33.38062430105214],[-70.52749229493605,-33.38064226257588],[-70.527500049989,-33.3806596702063],[-70.52750980147168,-33.38067635629799],[-70.52752145547281,-33.38069216015425],[-70.52753489975852,-33.38070692957482],[-70.52755000485335,-33.380720522321546],[-70.52756662528704,-33.38073280748822],[-70.52758460099545,-33.38074366676148],[-70.52760375886226,-33.380752995560044],[-70.52762391438598,-33.38076070404193],[-70.52764487345695,-33.38076671796995],[-70.52766643422676,-33.380770979426266],[-70.52768838905213,-33.380773447370565],[-70.52771052649477,-33.38077409803508],[-70.52773263335763,-33.38077292515355],[-70.52775449673814,-33.38076994002157],[-70.52777590607872,-33.38076517138779],[-70.52779665519452,-33.38075866517712],[-70.52781654425922,-33.380750484048306],[-70.52783538172943,-33.38074070679057],[-70.52785298618947,-33.3807294275648],[-70.5278691880984,-33.38071675499663],[-70.52788383142297,-33.3807028111304],[-70.52789677514016,-33.38068773025374],[-70.52790789459537,-33.38067165760427],[-70.52791708270294,-33.38065474797085],[-70.52792413627259,-33.38063744557338],[-70.52807016722468,-33.38040536549561],[-70.528071400139,-33.38040344886179],[-70.5280714219082,-33.380403416493216]]]}},{"type":"Feature","properties":{"numpos":"28739","TIPO":"TRAFO","TENSION":"MT","INCIDENCIA":"DF202671832096","CLITOTAL":"11","CANTAVISOS":"5","FECHA_INICIO":"10-10-2026 18:45","FECHA_FIN":"","DESCARGO":"","ESTADODESC":" ","ESTADOINC":"Asignado","CLI_PLAN":"0","FECHA_INIDESC":"","FECHA_FINDESC":"","FECHA_REPOSICION":"10-10-2026 20:13","id_alim":"1023"},"geometry":{"type":"Polygon","coordinates":[[[-70.52600562961096,-33.37709579282513],[-70.52600509819108,-33.37709651984075],[-70.52577736588611,-33.37740965058612],[-70.5257667701847,-33.37742597020834],[-70.52575813208405,-33.377443082587504],[-70.52575153477478,-33.37746082292242],[-70.52574704179378,-33.37747902036429],[-70.52574469641218,-33.37749749966196],[-70.52574452121863,-33.3775160828498],[-70.52574651790177,-33.377534590961496],[-70.52575066723374,-33.37755284575371],[-70.52575692925551,-33.377570671422525],[-70.52576524366152,-33.37758789629669],[-70.52577553038049,-33.37760435449079],[-70.52578769034635,-33.37761988750298],[-70.52580160645256,-33.37763434574127],[-70.52581714467965,-33.3776475899644],[-70.52583415538592,-33.37765949262265],[-70.52585247474873,-33.377669939086395],[-70.52587192634205,-33.377678828749936],[-70.52589232283557,-33.377686076000494],[-70.52591346779894,-33.37769161104272],[-70.52593515759345,-33.37769538057082],[-70.52595718333325,-33.377697348281984],[-70.52597933289701,-33.37769749522601],[-70.526001392971,-33.37769581998779],[-70.52602315110325,-33.3776923387009],[-70.5260443977498,-33.37768708489228],[-70.5260649282927,-33.37768010915933],[-70.52608454501065,-33.3776714786826],[-70.52610305898315,-33.377661276578806],[-70.52612029191006,-33.37764960110031],[-70.52613607782861,-33.37763656468892],[-70.5261502647118,-33.377622292892966],[-70.52616271593247,-33.37760692315822],[-70.52639089445836,-33.37729318675264],[-70.52651936766172,-33.37711831059899],[-70.52652918036257,-33.377123445690096],[-70.52662731225664,-33.37717742824951],[-70.52664640937834,-33.37718684320761],[-70.5266665144702,-33.377194642364366],[-70.5266874339082,-33.377200750609326],[-70.52670896622563,-33.37720510911638],[-70.5267309040533,-33.37720767591048],[-70.52675303611652,-33.37720842627189],[-70.52677514927008,-33.377207352974224],[-70.52679703055087,-33.37720446635403],[-70.52681846922886,-33.37719979421124],[-70.52683925883672,-33.37719338154146],[-70.52685919915808,-33.3771852901026],[-70.52687809815598,-33.37717559782011],[-70.52689577382212,-33.37716439803651],[-70.52691205592984,-33.37715179861241],[-70.5269267876735,-33.37713792088769],[-70.52693982717855,-33.377122898513015],[-70.52695104886789,-33.37710687616257],[-70.52696034467122,-33.377090008140854],[-70.52696762506582,-33.377072456896556],[-70.52697281993862,-33.37705439145805],[-70.52697587926141,-33.3770359858056],[-70.52697677357258,-33.377017417195866],[-70.5269754942608,-33.37699886445469],[-70.5269720536479,-33.376980506254995],[-70.52696648487019,-33.37696251939607],[-70.52695884155919,-33.37694507710091],[-70.52694919732521,-33.376928347347956],[-70.5269376450483,-33.376912491253364],[-70.52692429598385,-33.37689766151948],[-70.5269092786909,-33.37688400096421],[-70.52689273779428,-33.37687164114558],[-70.52687483259169,-33.376860701094806],[-70.52677456216436,-33.37680554219065],[-70.52677025343465,-33.37680323008749],[-70.5265948753371,-33.37671145275153],[-70.52659206990543,-33.37670983729797],[-70.52658860881108,-33.37670804730419],[-70.5265852968536,-33.376706086024456],[-70.52657597685136,-33.37670112312354],[-70.52657423953974,-33.37670029542012],[-70.52657258716893,-33.376699353206966],[-70.52633110674707,-33.37657573662226],[-70.52617480157407,-33.37649417611337],[-70.52589559375811,-33.376348231799106],[-70.52587708793841,-33.37633954337212],[-70.52583075865248,-33.37632013081119],[-70.52582919683658,-33.376319299941045],[-70.52580818988558,-33.37630940191604],[-70.52578604511001,-33.37630143894244],[-70.5257850609293,-33.376301185221415],[-70.52578389904183,-33.37630062872452],[-70.5254805180116,-33.3761473019051],[-70.52548024549604,-33.37614717904509],[-70.52547998905008,-33.37614703544602],[-70.52547051545682,-33.37614279238629],[-70.52546100664154,-33.3761385054622],[-70.52546072057903,-33.37613840542755],[-70.52546044906886,-33.37613828382275],[-70.52545054280019,-33.376134846307835],[-70.52544056157495,-33.37613135592086],[-70.52544026468647,-33.37613127976005],[-70.52543998076499,-33.376131181238115],[-70.52542973820883,-33.376128579402355],[-70.52541937970803,-33.3761259221347],[-70.52541907483439,-33.37612587066837],[-70.52541878125838,-33.37612579609353],[-70.52540830148722,-33.37612405199702],[-70.5253976650325,-33.37612225643378],[-70.52539735510751,-33.376122230244135],[-70.52539705471075,-33.376122180250555],[-70.525386438534,-33.37612130775865],[-70.52537562667135,-33.376120394120605],[-70.52537531469265,-33.3761203935433],[-70.52537501035927,-33.376120368531566],[-70.52536435938315,-33.37612037326988],[-70.52535347686462,-33.3761203531302],[-70.52535316586399,-33.376120378248544],[-70.52535286050177,-33.37612037838437],[-70.52534227619081,-33.376121257766016],[-70.52533142892568,-33.376122133857365],[-70.52533112193838,-33.37612218449942],[-70.52533081845209,-33.376122209714076],[-70.52532040121838,-33.37612395303819],[-70.52530969518693,-33.376125719152874],[-70.52530939522008,-33.37612579489102],[-70.5253090964859,-33.37612584488416],[-70.52529894479989,-33.3761284335005],[-70.52528848495486,-33.376131074488605],[-70.52528819495647,-33.37613117464219],[-70.5252879037963,-33.37613124888616],[-70.52527811333617,-33.376134656420746],[-70.52526800249447,-33.3761381482901],[-70.52526772532154,-33.376138271930934],[-70.52526744447938,-33.37613836967699],[-70.52525810730774,-33.37614256231725],[-70.52524844506212,-33.37614687243324],[-70.52524818345091,-33.37614701839366],[-70.52524791556863,-33.37614713867993],[-70.52523911934736,-33.3761520755171],[-70.52523000100584,-33.37615716290024],[-70.525229757542,-33.37615732978437],[-70.52522950513739,-33.376157471445204],[-70.52522133240059,-33.37616310486079],[-70.52521284795148,-33.376168920588796],[-70.52521262504196,-33.37616910678644],[-70.52521239048768,-33.37616926846316],[-70.52520491795083,-33.37617554456507],[-70.52519715109209,-33.376182032266534],[-70.52519695093923,-33.376182235969445],[-70.52519673644271,-33.376182416122695],[-70.52518226169623,-33.37619582956701],[-70.5251768440728,-33.376201037959916],[-70.52508998865238,-33.37628768161755],[-70.52507658049822,-33.37630247373569],[-70.52506496500956,-33.37631829726303],[-70.52505525405054,-33.376334999810794],[-70.52504754114388,-33.37635242052477],[-70.5250419005702,-33.37637039163429],[-70.5250383866525,-33.376388740068016],[-70.52503703323306,-33.376407289120614],[-70.52503785334744,-33.37642586015459],[-70.52504083909886,-33.37644427432069],[-70.52504596173424,-33.37646235428021],[-70.52505317192096,-33.376479925912996],[-70.52506240022207,-33.376496819994216],[-70.52507355776488,-33.37651287382414],[-70.52508653709675,-33.37652793279514],[-70.52510121322003,-33.376541851880525],[-70.52511744479574,-33.37655449703133],[-70.5251350755048,-33.37656574646724],[-70.52515393555342,-33.37657549184956],[-70.52517384330835,-33.37658363932435],[-70.52519460704616,-33.376590110426626],[-70.5252160267996,-33.37659484283575],[-70.52523789628354,-33.376597790975794],[-70.52526000488156,-33.37659892645443],[-70.52528213967436,-33.376598238336356],[-70.52530408749047,-33.37659573324856],[-70.52531650841452,-33.376593255958944],[-70.52531323146407,-33.376601312725676],[-70.52530816706471,-33.37661940422996],[-70.52530524061852,-33.376637825095024],[-70.52530448031011,-33.37665639791804],[-70.52530589346306,-33.376674943832526],[-70.5253094664693,-33.37669328423108],[-70.52531507256494,-33.3767109514349],[-70.52530612213008,-33.37672421776027],[-70.5252961698939,-33.37674082005116],[-70.52528820516834,-33.37675816082891],[-70.52528230465911,-33.3767760730927],[-70.52527852519255,-33.37679438433787],[-70.52527690316832,-33.3768129182173],[-70.52527745420876,-33.37683149623961],[-70.52528017300843,-33.37684993948827],[-70.52528503338513,-33.37686807034449],[-70.525291988532,-33.37688571419796],[-70.52530097146825,-33.37690270112836],[-70.52531189568423,-33.3769188675418],[-70.52532465597437,-33.376934057746325],[-70.52533912945057,-33.37694812545149],[-70.52535517672548,-33.37696093517702],[-70.52537264325494,-33.37697236355764],[-70.52539136082638,-33.37698230053128],[-70.5254111491787,-33.376990650398945],[-70.52543181773837,-33.37699733274642],[-70.52545316745483,-33.37700228321869],[-70.52547499271742,-33.37700545413974],[-70.52549708333562,-33.37700681497169],[-70.52551922656332,-33.37700635260898],[-70.52554120914778,-33.377004071504444],[-70.52556281938331,-33.376999993626576],[-70.52558384915035,-33.37699415824782],[-70.52560409591966,-33.37698662156644],[-70.52562336470288,-33.37697745616529],[-70.52564146993043,-33.37696675031265],[-70.52565823723864,-33.376954607112296],[-70.52567350514903,-33.376941143510486],[-70.52568712662337,-33.3769264891696],[-70.52569897047982,-33.376910785219536],[-70.52580825283809,-33.376748805607065],[-70.52593617258823,-33.37681567028713],[-70.52609351974424,-33.37689777466219],[-70.52609516163429,-33.37689862326492],[-70.52613536274626,-33.37691920275306],[-70.52600634226813,-33.37709482277375],[-70.52600562961096,-33.37709579282513]]]}},{"type":"Feature","properties":{"numpos":"71399","TIPO":"TRAFO","TENSION":"MT","INCIDENCIA":"DF202671832096","CLITOTAL":"5","CANTAVISOS":"1","FECHA_INICIO":"10-10-2026 18:45","FECHA_FIN":"","DESCARGO":"","ESTADODESC":" ","ESTADOINC":"Asignado","CLI_PLAN":"0","FECHA_INIDESC":"","FECHA_FINDESC":"","FECHA_REPOSICION":"10-10-2026 20:13","id_alim":"1023"},"geometry":{"type":"Polygon","coordinates":[[[-70.52527811999701,-33.37648335238893],[-70.52529910729152,-33.37648929412823],[-70.52532068768049,-33.37649348133688],[-70.52534265333172,-33.37649587368962],[-70.52536479270265,-33.37649644814663],[-70.52538689257763,-33.37649519917561],[-70.52540874012142,-33.376492138804934],[-70.52543012492896,-33.37648729650786],[-70.52545084105166,-33.376480718918685],[-70.52547068898097,-33.37647246938361],[-70.52548947756966,-33.37646262735062],[-70.52550702587278,-33.376451287604425],[-70.52552316489029,-33.376438559353545],[-70.52553773919458,-33.37642456517854],[-70.52555060842734,-33.37640943985155],[-70.52556164865135,-33.376393329038265],[-70.52557075354395,-33.37637638789507],[-70.52557783542098,-33.3763587795749],[-70.52558282608122,-33.37634067365577],[-70.52558567746317,-33.37632224450781],[-70.5255863621078,-33.37630366961388],[-70.52558487342296,-33.37628512786039],[-70.5255812257469,-33.37626679781444],[-70.52557545421001,-33.37624885600414],[-70.52556761439652,-33.376231475218624],[-70.52555778180913,-33.37621482284398],[-70.5255460511418,-33.37619905925117],[-70.52553253536787,-33.37618433625167],[-70.52551736465193,-33.37617079563547],[-70.52550068509628,-33.376158567805525],[-70.52548265733398,-33.376147770521975],[-70.5250901090218,-33.37593625957289],[-70.5250767502774,-33.37592330450709],[-70.52506068613565,-33.375910509835705],[-70.52504320460643,-33.375899097834655],[-70.52502447404608,-33.3758891784072],[-70.52500467483947,-33.37588084708236],[-70.52498399766289,-33.3758741840949],[-70.52496264164786,-33.37586925361267],[-70.52494118231405,-33.3758661564974],[-70.5249291515251,-33.375862459651174],[-70.52490770628977,-33.3758578097628],[-70.52488582109491,-33.375854945848936],[-70.52486370670562,-33.375853895490486],[-70.52484157609415,-33.37585466880294],[-70.52481964238903,-33.375857258339],[-70.52479811682251,-33.375861639160206],[-70.52477720669637,-33.375867769077104],[-70.52475711338549,-33.37587558905567],[-70.52473803039857,-33.37588502378571],[-70.5247201415146,-33.37589598240611],[-70.52470361901293,-33.37590835937991],[-70.52468862201417,-33.3759220355107],[-70.52468737944642,-33.375923419472976],[-70.52467798221448,-33.37592934154967],[-70.52466166105818,-33.375941905173725],[-70.52464688624134,-33.375955750497496],[-70.52463380005376,-33.37597074418353],[-70.52462252852304,-33.37598674183499],[-70.52461318020084,-33.37600358938618],[-70.52460584511756,-33.376021124586416],[-70.52460059391521,-33.37603917856244],[-70.5245990292519,-33.37604841513105],[-70.52459774075437,-33.37605386294388],[-70.52459557975003,-33.37607235806753],[-70.52459558985919,-33.37609094184582],[-70.52459777098585,-33.37610943530665],[-70.52460210212595,-33.37612766034782],[-70.52460854156949,-33.37614544145192],[-70.52461702730221,-33.376162607376855],[-70.52462747760286,-33.37617899280497],[-70.52463979183,-33.3761944399351],[-70.52465385139142,-33.37620880000244],[-70.52466952088605,-33.37622193471108],[-70.52468664940807,-33.37623371756605],[-70.5247050720001,-33.376244035091446],[-70.52472461124196,-33.37625278792336],[-70.52474507895926,-33.3762598917668],[-70.52476627803567,-33.37626527820746],[-70.52478800431133,-33.376268895370686],[-70.52486860701053,-33.3762788949946],[-70.52489162472418,-33.376280746011325],[-70.52489404596611,-33.37628073192156],[-70.52523872551387,-33.37646645055466],[-70.52525792791722,-33.37647571334155],[-70.52527811999701,-33.37648335238893]]]}},{"type":"Feature","properties":{"numpos":"7591","TIPO":"TRAFO","TENSION":"MT","INCIDENCIA":"DF202671832096","CLITOTAL":"51","CANTAVISOS":"10","FECHA_INICIO":"10-10-2026 18:45","FECHA_FIN":"","DESCARGO":"","ESTADODESC":" ","ESTADOINC":"Asignado","CLI_PLAN":"0","FECHA_INIDESC":"","FECHA_FINDESC":"","FECHA_REPOSICION":"10-10-2026 20:13","id_alim":"1023"},"geometry":{"type":"Polygon","coordinates":[[[-70.52773017265825,-33.38481678333516],[-70.52775218591145,-33.38481886039479],[-70.52777433584384,-33.38481911733722],[-70.52779640913809,-33.38481755168795],[-70.52781819321496,-33.38481417852518],[-70.52783947828061,-33.38480903033457],[-70.52786005934705,-33.38480215669635],[-70.5278797382064,-33.384793623807795],[-70.52789832533975,-33.38478351384582],[-70.52791564174228,-33.38477192417539],[-70.52793152064736,-33.38475896641195],[-70.52794580913242,-33.38474476534643],[-70.52795836959181,-33.38472945774339],[-70.52796908106204,-33.38471319102396],[-70.5279778403865,-33.38469612184597],[-70.52798456320912,-33.38467841459534],[-70.5279891847866,-33.384660239802876],[-70.52799166061192,-33.38464177250195],[-70.52799196684283,-33.38462319054286],[-70.5279901005316,-33.38460467288003],[-70.52798607965316,-33.384586397848494],[-70.52797994293203,-33.38456854144659],[-70.52797174946937,-33.38455127564089],[-70.52796157817365,-33.38453476671011],[-70.52794952700076,-33.384519173643774],[-70.5279357120106,-33.38450464661113],[-70.52792026624938,-33.38449132551486],[-70.52790333846818,-33.384479338643835],[-70.52765610578125,-33.3843210223071],[-70.52765558130481,-33.38432071942874],[-70.52765509243446,-33.38432037718757],[-70.52726549492053,-33.38407379745391],[-70.52669152270613,-33.3837094312971],[-70.526582999438,-33.38363937213572],[-70.5265812132962,-33.38363823087767],[-70.5262219675613,-33.38341104852081],[-70.5259503688972,-33.3832373881085],[-70.5257329707247,-33.38309760807464],[-70.5257318330192,-33.38309674522532],[-70.52572407699074,-33.383091419158276],[-70.52572008098251,-33.383088939502535],[-70.52571625080081,-33.38308628204326],[-70.52549333459262,-33.38294648486675],[-70.52531457892859,-33.38283303640678],[-70.5254163137544,-33.382670757725556],[-70.52542573908161,-33.382653722478764],[-70.5254264985861,-33.38265189425651],[-70.52542662538305,-33.382651726154656],[-70.52542821622062,-33.38264907264033],[-70.52543001470183,-33.382646514161806],[-70.5255755802168,-33.382414072677065],[-70.52557577556074,-33.382413760040265],[-70.52575397828574,-33.382127908182646],[-70.52575445179777,-33.38212714440499],[-70.52581258376242,-33.382032854151625],[-70.52600003566975,-33.38211257930863],[-70.5260017513516,-33.38211330132697],[-70.52618181157605,-33.3821882745225],[-70.52635955312279,-33.38226447274633],[-70.52637974920525,-33.382272106812],[-70.52640073996109,-33.38227804337594],[-70.5264223232367,-33.38228222526554],[-70.52644429117208,-33.382284612206675],[-70.52646643220268,-33.38228518121169],[-70.52648853309688,-33.38228392680077],[-70.52651038100959,-33.38228086105468],[-70.52653176553223,-33.38227601349846],[-70.52655248071893,-33.38226943081703],[-70.52657232707017,-33.382261176405656],[-70.5265911134539,-33.38225132975929],[-70.52660865894643,-33.382239985707045],[-70.52662479457476,-33.38222725349891],[-70.52663936494395,-33.3822132557536],[-70.52665222973357,-33.3821981272776],[-70.5266632650492,-33.38218201376693],[-70.52667236461544,-33.38216507040399],[-70.52667944079943,-33.38214746036301],[-70.52668442545479,-33.38212935323866],[-70.52668727057784,-33.38211092341264],[-70.5266879487698,-33.382092348374364],[-70.52668645350074,-33.38207380701157],[-70.52668279917225,-33.38205547788764],[-70.52667702097881,-33.38203753752184],[-70.52666917456875,-33.38202015868932],[-70.52665933550828,-33.38200350875739],[-70.52664759855378,-33.38198774807351],[-70.52663407673904,-33.38197302842113],[-70.52661890028685,-33.38195949155798],[-70.52660221535481,-33.38194726785089],[-70.52658418262769,-33.38193647502029],[-70.52656497577001,-33.3819272170065],[-70.52638605693107,-33.38185051412194],[-70.52638369431205,-33.38184951586349],[-70.52620330951075,-33.38177440756648],[-70.5261354580808,-33.38174554974716],[-70.5261360747412,-33.38174478742823],[-70.52614665721067,-33.38172846153841],[-70.5261552813084,-33.38171134405236],[-70.52616186398059,-33.381693599821205],[-70.52616634183367,-33.381675399731904],[-70.52616867174477,-33.38165691906139],[-70.5261688312769,-33.38163833578881],[-70.52616681889512,-33.38161982888111],[-70.52616265398106,-33.38160157656983],[-70.52615637664641,-33.38158375463444],[-70.52614804734648,-33.38156653470959],[-70.52613774629793,-33.38155008263213],[-70.52612557270623,-33.38153455684409],[-70.52611584851344,-33.381524468868996],[-70.5261317426,-33.381497299805424],[-70.52631144138235,-33.38123190751202],[-70.52639632802506,-33.38120736424935],[-70.526714807198,-33.38134708730981],[-70.52706238327858,-33.38150047397349],[-70.52707633701067,-33.38150725786168],[-70.52708707261135,-33.381511356198246],[-70.52708707261137,-33.381511356198246],[-70.52766925233517,-33.38176761720906],[-70.52768367436583,-33.38177471353631],[-70.5277037881646,-33.38178249877562],[-70.5277247146901,-33.38178859254215],[-70.52774625240734,-33.38179293614929],[-70.52776819389507,-33.38179548776549],[-70.52779032784345,-33.3817962228172],[-70.52781244108904,-33.38179513422542],[-70.52783432066788,-33.38179223247403],[-70.5278557558663,-33.381787545508686],[-70.52787654025049,-33.38178111846773],[-70.52789647365442,-33.38177301324747],[-70.52791536410774,-33.3817633079061],[-70.5279330296844,-33.381752095911885],[-70.52794930025497,-33.381739485243045],[-70.52796401912485,-33.381725597347724],[-70.52797704454353,-33.381710565974586],[-70.52798825106956,-33.381694535884456],[-70.52799753077866,-33.38167766145636],[-70.52800479430314,-33.38166010520065],[-70.52800997169236,-33.38164203619402],[-70.52801301308651,-33.381623628451074],[-70.52801388919661,-33.3816050592486],[-70.52801259158666,-33.38158650741815],[-70.5280091327547,-33.381568151623874],[-70.52800354601249,-33.381550168641915],[-70.52799588516456,-33.381532731657906],[-70.52798622399013,-33.38151600859913],[-70.52797465553236,-33.38150016051726],[-70.52796129120246,-33.38148534003754],[-70.52794625970654,-33.381471689888706],[-70.52792970580617,-33.38145934152856],[-70.52791178892427,-33.38144841387801],[-70.52790741900064,-33.381446014427596],[-70.5279060568706,-33.381445180438455],[-70.52788697018686,-33.38143574928837],[-70.52728525441206,-33.38117088916318],[-70.5269247297547,-33.38101178838168],[-70.52692448182958,-33.38101169168791],[-70.52692424605972,-33.38101157555074],[-70.52651933635599,-33.38083393362138],[-70.52651762239171,-33.38083326914758],[-70.5265160247873,-33.380832510299136],[-70.5265080669565,-33.38082956467283],[-70.5264992812987,-33.38082615862632],[-70.52649731049235,-33.38082558311884],[-70.52649545353744,-33.380824895758415],[-70.52648732014336,-33.38082266577394],[-70.52647841632073,-33.38082006571161],[-70.52647619475533,-33.380819615454335],[-70.52647408136758,-33.38081903601301],[-70.52646587052577,-33.38081752298354],[-70.52645694130649,-33.38081571324671],[-70.52645448110655,-33.380815424229816],[-70.5264521203462,-33.380814989207074],[-70.5264439267383,-33.38081418433373],[-70.52643506198437,-33.38081314292785],[-70.52643238128759,-33.38081305020168],[-70.52642978838459,-33.38081279549563],[-70.52642170233446,-33.3808126808127],[-70.52641298795595,-33.38081237937842],[-70.52641011079095,-33.38081251641112],[-70.5264073070747,-33.38081247664616],[-70.52639941367397,-33.3808130258894],[-70.52639093068804,-33.38081342991322],[-70.52638788676046,-33.38081382796095],[-70.52638489949042,-33.38081403582252],[-70.52637727778992,-33.38081521527214],[-70.52636910148684,-33.38081628446825],[-70.52636592587581,-33.380816971967235],[-70.52636278797405,-33.38081745755359],[-70.52635551026097,-33.380819226879],[-70.52634770947387,-33.3808209156972],[-70.52634444224047,-33.380821917686276],[-70.52634119193029,-33.3808227078868],[-70.52609907073798,-33.38089271232204],[-70.52609806090034,-33.38089292756646],[-70.5260960391034,-33.38089344833623],[-70.52609395852281,-33.380893835933634],[-70.52608876623422,-33.380895263479175],[-70.52608350880296,-33.38089646924874],[-70.52608023081977,-33.380897520195944],[-70.52607688538887,-33.380898381903705],[-70.52607493437584,-33.380899066349684],[-70.52607290894653,-33.38089962321217],[-70.5260679086322,-33.38090147078526],[-70.52606281716513,-33.3809031031488],[-70.52605967743132,-33.38090441872375],[-70.52605644908307,-33.38090555127833],[-70.52605458755626,-33.38090639280677],[-70.52605263686772,-33.38090711356905],[-70.52604787672264,-33.38090936331914],[-70.52604300021369,-33.380911406616605],[-70.52604002903891,-33.38091297418038],[-70.5260369487948,-33.38091436664585],[-70.52603519460075,-33.38091535716972],[-70.52603333751664,-33.38091623486848],[-70.52602886340793,-33.380918865060856],[-70.52602424879593,-33.38092129968567],[-70.52602147486704,-33.38092310415824],[-70.52601857232175,-33.38092474310989],[-70.5260169422845,-33.38092587312512],[-70.52601519675594,-33.38092689926786],[-70.52601105177841,-33.38092988449585],[-70.5260067434977,-33.38093268708084],[-70.52600419359916,-33.38093471108641],[-70.52600149663895,-33.380936580739984],[-70.52600000640146,-33.38093783941508],[-70.52599838929066,-33.38093900406377],[-70.52599461335058,-33.38094231549611],[-70.52599065290431,-33.38094545913587],[-70.52598835165702,-33.38094768317093],[-70.52598588619432,-33.38094976553388],[-70.5259845500715,-33.38095114081133],[-70.52598307698565,-33.38095243268097],[-70.52597970641531,-33.3809560383431],[-70.52597613197693,-33.380959492849485],[-70.52597410159804,-33.380961895471906],[-70.52597189132506,-33.38096417051534],[-70.52597072216858,-33.380965649224535],[-70.52596940730695,-33.38096705579509],[-70.52596647451489,-33.38097092087998],[-70.52596332056027,-33.38097465306985],[-70.52596158064654,-33.38097721110724],[-70.52595964680971,-33.380979656957116],[-70.52595865588604,-33.380981224937564],[-70.52595751190138,-33.38098273257813],[-70.52573411029728,-33.38131174712094],[-70.52573089542247,-33.38131707366785],[-70.52572745421249,-33.3813223110961],[-70.52567213574363,-33.381417244923554],[-70.52565405553914,-33.38142684337003],[-70.52563686481898,-33.38143805211263],[-70.52562104125231,-33.38145059819105],[-70.52560673205652,-33.38146436488111],[-70.52559407036001,-33.38147922410244],[-70.52558317396368,-33.38149503761004],[-70.52557414424484,-33.38151165828053],[-70.52549723684716,-33.381673476198216],[-70.52548988334915,-33.38169154790769],[-70.52548473663298,-33.38171014903953],[-70.52548184903415,-33.38172909044923],[-70.5254815307942,-33.3817392302096],[-70.52534922576645,-33.38194985671249],[-70.5253490984706,-33.38195008598365],[-70.52534894569402,-33.381950304025885],[-70.52517043158748,-33.38223634034637],[-70.52517038288238,-33.38223642868295],[-70.5251703241938,-33.382236512639714],[-70.5250659811969,-33.3824041208653],[-70.52506427024232,-33.38240522601412],[-70.52505907457332,-33.38240830041646],[-70.52505549949183,-33.382410891262865],[-70.52505175621313,-33.382413309140475],[-70.52504712283704,-33.38241696178809],[-70.5250423113813,-33.382420448628466],[-70.52503905621386,-33.382423320979754],[-70.52503561345033,-33.382426035026164],[-70.52503142913878,-33.38243005108992],[-70.5250270482332,-33.382433916788344],[-70.52502414432881,-33.382437042982374],[-70.52502103523622,-33.38244002705988],[-70.52501734028651,-33.38244436786305],[-70.5250134321216,-33.38244857519091],[-70.52501090744654,-33.38245192512082],[-70.5250081619672,-33.3824551504913],[-70.52500499196391,-33.38245977422961],[-70.52500159417751,-33.38246428266825],[-70.52499947304584,-33.382467824072606],[-70.52499711762036,-33.38247125967396],[-70.52499450309253,-33.38247612181852],[-70.52499164840741,-33.382480887949335],[-70.52498995124704,-33.38248458672242],[-70.52498800855957,-33.38248819946816],[-70.52498597468674,-33.38249325319399],[-70.52498369059539,-33.3824982311166],[-70.5249824337511,-33.382502051637346],[-70.52498092251102,-33.3825058067348],[-70.52497948888082,-33.382511003371874],[-70.52497779738057,-33.38251614514627],[-70.5249769929567,-33.38252005062105],[-70.52497592771832,-33.3825239119066],[-70.52497510813775,-33.38252920140848],[-70.52497402551903,-33.38253445751666],[-70.52497368126292,-33.38253841033364],[-70.52497307228533,-33.38254234062108],[-70.5249728746478,-33.38254767204704],[-70.5249724113372,-33.382552991869815],[-70.52497243435766,-33.38255375687212],[-70.52494392497175,-33.38259923368726],[-70.5249202343357,-33.382601187313355],[-70.52482712798559,-33.38254357956534],[-70.52446116614271,-33.382304074927426],[-70.52445838874804,-33.38230243457856],[-70.52445575299429,-33.38230064091438],[-70.52410332578367,-33.38208396802398],[-70.52408483757378,-33.38207373188461],[-70.52406524246486,-33.382065065333684],[-70.52404472916773,-33.38205805183442],[-70.52402349523558,-33.382052758930264],[-70.52400174516164,-33.38204923759447],[-70.52397968840971,-33.38204752173928],[-70.52395753739698,-33.382047627889214],[-70.52393550544843,-33.38204955502208],[-70.52391380474248,-33.38205328457866],[-70.52389264426748,-33.38205878064155],[-70.52387222780928,-33.382065990281056],[-70.52385275198858,-33.38207484406477],[-70.5238344043675,-33.38208525672648],[-70.52381736164315,-33.38209712798709],[-70.52380178794613,-33.382110343520424],[-70.52378783325968,-33.382124776054255],[-70.52377563197537,-33.38214028659591],[-70.52376530159886,-33.382156725771],[-70.52375694161812,-33.38217393526162],[-70.52375063254539,-33.38219174933139],[-70.52374643514163,-33.38220999642136],[-70.52374438983146,-33.382228500802256],[-70.52374451631368,-33.38224708426683],[-70.52374681337162,-33.38226556784612],[-70.52375125888463,-33.38228377353301],[-70.52375781004132,-33.3823015259965],[-70.52376640375152,-33.3823186542703],[-70.52377695725407,-33.38233499339939],[-70.52378936891368,-33.38235038602844],[-70.52380351919975,-33.382364683917544],[-70.5238192718375,-33.38237774936959],[-70.52383647512035,-33.3823894565566],[-70.52418616805778,-33.382604448759366],[-70.52432901079541,-33.38269793299635],[-70.52432892459878,-33.38269836557605],[-70.52432743134636,-33.38271690706631],[-70.52432811157622,-33.38273548206476],[-70.5243309587387,-33.382753911683906],[-70.52433594541544,-33.38277201843626],[-70.52434302358321,-33.38278962794364],[-70.52435212507646,-33.382806570616445],[-70.52436316224372,-33.382822683287046],[-70.52437602879168,-33.382837810781076],[-70.52439060080889,-33.38285180741198],[-70.52440673795894,-33.38286453838397],[-70.52442428483218,-33.38287588109025],[-70.52444307244218,-33.38288572629381],[-70.52446291985338,-33.382893979179485],[-70.52448363592346,-33.382900560267025],[-70.52450502114426,-33.38290540617659],[-70.52452686956326,-33.3829084702392],[-70.52454897076686,-33.38290972294611],[-70.52457111190702,-33.38290915223299],[-70.52459307975111,-33.38290676359626],[-70.5246416695626,-33.38289943096736],[-70.52473222502402,-33.38295546036586],[-70.52473539594534,-33.382957223135364],[-70.52473855031745,-33.38295923518047],[-70.5250227134564,-33.383122705345244],[-70.52522148393804,-33.38324885658752],[-70.52522251747506,-33.383249508631366],[-70.52544197143555,-33.383387134768135],[-70.52544588178222,-33.38338982000949],[-70.5254459869186,-33.38338988525023],[-70.52545155167869,-33.38339384153704],[-70.52567598898095,-33.383538147768334],[-70.52567623814599,-33.38353829226371],[-70.5256764697531,-33.38353845603169],[-70.52594878573657,-33.383712575396586],[-70.52594974014582,-33.383713182294315],[-70.52630856819046,-33.3839401008941],[-70.5264169260983,-33.384010053424866],[-70.52641837890135,-33.38401098347755],[-70.52699321030428,-33.384375895679774],[-70.52699346963091,-33.384376060056994],[-70.5273826897718,-33.38462240136381],[-70.5276294172673,-33.384780394469985],[-70.52764766408228,-33.384790931712345],[-70.52766705418435,-33.38479991780739],[-70.52768740083546,-33.38480726621366],[-70.52770850808527,-33.38481290616161],[-70.52773017265825,-33.38481678333516]]]}},{"type":"Feature","properties":{"numpos":"8813","TIPO":"TRAFO","TENSION":"MT","INCIDENCIA":"DF202671832096","CLITOTAL":"81","CANTAVISOS":"11","FECHA_INICIO":"10-10-2026 18:45","FECHA_FIN":"","DESCARGO":"","ESTADODESC":" ","ESTADOINC":"Asignado","CLI_PLAN":"0","FECHA_INIDESC":"","FECHA_FINDESC":"","FECHA_REPOSICION":"10-10-2026 20:13","id_alim":"1023"},"geometry":{"type":"Polygon","coordinates":[[[-70.52795279838402,-33.380100445489354],[-70.52797453659915,-33.380104015791474],[-70.52799658726275,-33.380105781304124],[-70.52801873801353,-33.38010572502433],[-70.52804077552629,-33.38010384749417],[-70.52806248756636,-33.38010016679544],[-70.52808366503369,-33.380094718375496],[-70.52810410397657,-33.380087554706],[-70.52812360755587,-33.38007874477746],[-70.52814198794073,-33.38006837343473],[-70.52815906811753,-33.380056540560105],[-70.52817468359461,-33.3800433601112],[-70.52818868398644,-33.38002895902351],[-70.52820093446194,-33.380013475987944],[-70.52821131704289,-33.37999706011508],[-70.52821973174017,-33.37997986949924],[-70.52822609751667,-33.37996206969577],[-70.52823035306766,-33.37994383212688],[-70.52823245741116,-33.379925332430396],[-70.52823239028257,-33.379906748768654],[-70.52823015232971,-33.3798882601124],[-70.52822576510668,-33.37987004451738],[-70.52821927086607,-33.37985227740943],[-70.5282107321521,-33.3798351298952],[-70.52820023119818,-33.37981876711416],[-70.52818786913495,-33.37980334664833],[-70.52817376501635,-33.37978901700474],[-70.5281580546729,-33.37977591618506],[-70.52814088940382,-33.3797641703568],[-70.52784693181529,-33.3795824188883],[-70.52784682764575,-33.37958236087473],[-70.5278467306683,-33.37958229466436],[-70.52752483792088,-33.379383730186824],[-70.52749725184232,-33.379321693115486],[-70.52762172929911,-33.37912145862868],[-70.52778716585686,-33.378856489716355],[-70.52790839362044,-33.378667906227804],[-70.5279179388698,-33.37865113649762],[-70.5279254789568,-33.37863366257235],[-70.5279309412674,-33.37861565273582],[-70.52793427319779,-33.378597280432835],[-70.52793544266096,-33.37857872259883],[-70.52793443839575,-33.37856015795593],[-70.52793127007517,-33.3785417652917],[-70.52792596821315,-33.37852372173735],[-70.52791858387074,-33.37850620106186],[-70.52790918816426,-33.378489371998555],[-70.52789787158031,-33.378473396620016],[-70.52788474310442,-33.37845842877737],[-70.52786992917135,-33.37844461261855],[-70.52785460981853,-33.37843287596405],[-70.52785279643678,-33.378431459529224],[-70.52783518314548,-33.37842019052004],[-70.52781633812408,-33.37841042418915],[-70.52779644285974,-33.37840225459121],[-70.52777568895384,-33.378395760403464],[-70.52775427627678,-33.37839100416817],[-70.5277324110431,-33.378388031690214],[-70.52771030382567,-33.378386871596035],[-70.52768816752767,-33.37838753505794],[-70.52766621533236,-33.37839001568652],[-70.52764465865009,-33.378394289592144],[-70.52762370508228,-33.37840031561507],[-70.52760355642216,-33.378408035721755],[-70.5275844067115,-33.378417375563835],[-70.52756644037183,-33.37842824519403],[-70.5275498304284,-33.37844053993244],[-70.52753473684395,-33.37845414137455],[-70.5275213049781,-33.378468918531624],[-70.52750966418745,-33.378484729092094],[-70.52738526151397,-33.37867386198152],[-70.52738248315227,-33.37867821944867],[-70.52721783853536,-33.3789447443588],[-70.52710162768277,-33.379133073193714],[-70.52710127446144,-33.37913326162574],[-70.52710127250089,-33.37913326291432],[-70.52710126951644,-33.37913326450651],[-70.52709581533591,-33.379136849504114],[-70.52709020742078,-33.37914026399299],[-70.52708710286784,-33.37914257605734],[-70.52708383753813,-33.379144722229746],[-70.52708383614276,-33.37914472334847],[-70.5270838329236,-33.37914472546442],[-70.52707882368155,-33.37914874184316],[-70.52707364184751,-33.37915260092688],[-70.52707082185135,-33.37915515761888],[-70.5270678235158,-33.379157561548254],[-70.52706782261815,-33.3791575624246],[-70.52706781927147,-33.37915756510794],[-70.52706330323925,-33.37916197421427],[-70.52705859736112,-33.379166240701316],[-70.52705608937985,-33.379169017270165],[-70.52705559759362,-33.37916949741227],[-70.52705338661816,-33.37917165593219],[-70.52705338613724,-33.37917165650736],[-70.52705338278025,-33.37917165978487],[-70.52704940348364,-33.37917641917891],[-70.52704521884841,-33.37918105195837],[-70.52704304739721,-33.379184021305],[-70.52704140092713,-33.37918599054687],[-70.52704066588073,-33.37918686964548],[-70.52704066572552,-33.379186869876385],[-70.5270406624815,-33.379186873756346],[-70.52703725828037,-33.37919193762018],[-70.5270336351522,-33.379196892058076],[-70.52703182112057,-33.37920002557715],[-70.52702978087916,-33.379203060504],[-70.52702698459696,-33.37920838008253],[-70.52702395783042,-33.379213608452126],[-70.5270225186649,-33.37921687596043],[-70.5270208427698,-33.37922006414109],[-70.52701868137623,-33.37922558821111],[-70.52701628008194,-33.379231040152895],[-70.52701522961877,-33.37923441018007],[-70.52701393423321,-33.37923772091371],[-70.5270124285833,-33.37924339627739],[-70.52701067584873,-33.379249019283925],[-70.52701002418146,-33.37925245937528],[-70.52700912180354,-33.37925586077775],[-70.52700828643542,-33.37926163277515],[-70.52700719910383,-33.37926737269666],[-70.52700695248679,-33.379270849725714],[-70.52700645182841,-33.37927430903662],[-70.52700629482224,-33.37928012207235],[-70.52700588333153,-33.379285923637774],[-70.52700601957228,-33.37928887275157],[-70.52696327742066,-33.37935964015853],[-70.52694106114217,-33.3793928670663],[-70.52693824688136,-33.37939720788088],[-70.52677466007516,-33.379657565511685],[-70.52658899942693,-33.379952351539984],[-70.52658879245735,-33.379952680942054],[-70.52619423078221,-33.38058213936252],[-70.52619243942455,-33.38058505830212],[-70.52614359349931,-33.380666374916885],[-70.52586850401579,-33.38052596070649],[-70.52584903816424,-33.38051709206228],[-70.52582862990938,-33.38050986684268],[-70.52580747579285,-33.38050435463015],[-70.52578577953922,-33.38050060850997],[-70.52576375009399,-33.38049866455919],[-70.52574159961134,-33.38049854149898],[-70.5257195414112,-33.38050024051457],[-70.52569778792474,-33.3805037452436],[-70.52567654864865,-33.380509021933904],[-70.52565602812761,-33.38051601976839],[-70.52563642398455,-33.38052467135452],[-70.52561792501731,-33.3805348933733],[-70.52560070938057,-33.380546587381595],[-70.52558494287007,-33.38055964076033],[-70.52557077732592,-33.3805739277989],[-70.52555834917042,-33.38058931090583],[-70.52554777809401,-33.38060564193394],[-70.52553916590273,-33.380622763606944],[-70.52553259553768,-33.38064051103417],[-70.52552813027627,-33.38065871329847],[-70.52552581312268,-33.38067719510227],[-70.52552566639372,-33.38069577845582],[-70.52552769150384,-33.38071428439118],[-70.5255318689515,-33.38073253468596],[-70.52553815850683,-33.3807503535796],[-70.52554649959913,-33.38076756946606],[-70.52555681190007,-33.380784016546514],[-70.52556899609732,-33.380799536426096],[-70.52558293485087,-33.380813979639356],[-70.52559849392317,-33.380827207089666],[-70.5256155234718,-33.38083909138886],[-70.52563385949261,-33.38084951808413],[-70.52589583749966,-33.380983239953395],[-70.52592981108782,-33.38109532919383],[-70.52592993353556,-33.38109678753041],[-70.5259336483734,-33.38111510809267],[-70.52593948576533,-33.38113303495823],[-70.52594738949526,-33.38115039548128],[-70.52595728344697,-33.381167022470045],[-70.52596907233705,-33.381182755797084],[-70.52598264263263,-33.38119744394129],[-70.52599786364463,-33.38121094544729],[-70.52601458878644,-33.381223130287594],[-70.5260326569855,-33.38123388111496],[-70.52605189423475,-33.381243094392545],[-70.52607211526818,-33.38125068139095],[-70.52609312534524,-33.38125656904288],[-70.52611472212624,-33.38126070064665],[-70.52613669762115,-33.381263036412484],[-70.52615884019256,-33.381263553845585],[-70.52618093659407,-33.381262247962795],[-70.52620277402383,-33.38125913134056],[-70.52622414217419,-33.381254233993886],[-70.52624483525703,-33.38124760308728],[-70.52626465398563,-33.38123930248035],[-70.52628340749402,-33.381229412112994],[-70.5263009151751,-33.38121802723537],[-70.52631700842002,-33.381205257490635],[-70.52633153224204,-33.38119122585901],[-70.52634434676901,-33.3811760674733],[-70.52635532859057,-33.38115992831761],[-70.52658255559668,-33.38078429722618],[-70.52658589222668,-33.38078047689767],[-70.52658995803192,-33.38077619542515],[-70.52659243458581,-33.3807729861165],[-70.52659512802634,-33.38076990221727],[-70.5265984501265,-33.38076519071604],[-70.52660199613871,-33.38076059551982],[-70.52660408581595,-33.38075719801243],[-70.52660640598725,-33.38075390747543],[-70.5269970175639,-33.3801321950663],[-70.52699723048417,-33.38013185533731],[-70.52718116632907,-33.37983764846712],[-70.5272701363522,-33.37969670822267],[-70.52757921235109,-33.37988736676263],[-70.52787306993261,-33.38006905668822],[-70.52789152485703,-33.38007933444239],[-70.52791109168272,-33.38008804510323],[-70.5279315819696,-33.38009510478187],[-70.52795279838402,-33.380100445489354]]]}},{"type":"Feature","properties":{"numpos":"53361","TIPO":"TRAFO","TENSION":"MT","INCIDENCIA":"DF202671831337","CLITOTAL":"104","CANTAVISOS":"31","FECHA_INICIO":"10-10-2026 18:45","FECHA_FIN":"","DESCARGO":"","ESTADODESC":" ","ESTADOINC":"Activo","CLI_PLAN":"0","FECHA_INIDESC":"","FECHA_FINDESC":"","FECHA_REPOSICION":"10-10-2026 22:16","id_alim":"1026"},"geometry":{"type":"Polygon","coordinates":[[[-70.51616329721269,-33.40576987204048],[-70.51616403179233,-33.40577013115887],[-70.51617385626433,-33.40577267955623],[-70.51618365906602,-33.40577528599388],[-70.51618443865806,-33.40577542455197],[-70.51618519998276,-33.405775622034014],[-70.51619527496976,-33.40577735050568],[-70.51620533517313,-33.40577913851958],[-70.516206127204,-33.4057792123214],[-70.51620690794176,-33.40577934626521],[-70.51621713641536,-33.40578023816492],[-70.5162273571347,-33.40578119053546],[-70.51622815397667,-33.40578119887033],[-70.51622894660849,-33.40578126798592],[-70.51623923006224,-33.405781314724145],[-70.51624951286584,-33.405781422279475],[-70.51625030684484,-33.40578136506707],[-70.5162511037372,-33.405781368688835],[-70.51626134313479,-33.40578056981548],[-70.51627158899338,-33.4057798315198],[-70.51627237246299,-33.40577970931113],[-70.51627316594126,-33.405779647404174],[-70.5162832626708,-33.40577801061297],[-70.51629337291078,-33.405776433576435],[-70.51629413832563,-33.40577624754842],[-70.51629492074818,-33.40577612070898],[-70.51630477757256,-33.40577366176325],[-70.51631465482573,-33.40577126117369],[-70.51631539481444,-33.4057710131179],[-70.51631615864608,-33.40577082256751],[-70.5163256806384,-33.40576756514828],[-70.51633522978064,-33.405764364124956],[-70.5163359372166,-33.40576405643035],[-70.5163366751012,-33.405763804004124],[-70.51634577055891,-33.40575977948237],[-70.51635489962642,-33.40575580885305],[-70.5163555676967,-33.40575544448286],[-70.51635627252793,-33.40575513261182],[-70.51636485385608,-33.4057503797463],[-70.51637347493099,-33.405745677750346],[-70.51637409720165,-33.40574526021371],[-70.51637476219162,-33.40574489190137],[-70.51638274674754,-33.40573945646475],[-70.51639077680348,-33.405734068385485],[-70.51639134728165,-33.40573360170355],[-70.51639196602615,-33.40573318049694],[-70.51639927691444,-33.40572711483541],[-70.51640663861711,-33.40572109256354],[-70.5164071518088,-33.40572058123073],[-70.51640771834899,-33.40572011118633],[-70.51641428516112,-33.40571347371628],[-70.51642090761399,-33.405706875249365],[-70.51642135857699,-33.405706324190035],[-70.51642186745669,-33.40570580983471],[-70.51642762695069,-33.40569866447906],[-70.51643344637618,-33.40569155336399],[-70.5164338307674,-33.40569096788524],[-70.51643427708589,-33.40569041417247],[-70.51643917379526,-33.405682829744734],[-70.51644413414907,-33.40567527446609],[-70.51644444826661,-33.405674660206415],[-70.51644482772564,-33.405674072468784],[-70.51644881449266,-33.40566612201149],[-70.51645286800432,-33.405658195330815],[-70.51645310882313,-33.40565755820589],[-70.5164534177683,-33.40565694210364],[-70.51645645619867,-33.40564870218425],[-70.51645956383112,-33.40564048043997],[-70.51645972903205,-33.405639826585634],[-70.51645996448809,-33.4056391880522],[-70.51665003466981,-33.40501708177802],[-70.51700464986983,-33.40427311046445],[-70.51711976656314,-33.40411574561106],[-70.51712125460176,-33.404113467753234],[-70.51712292641365,-33.40411128989075],[-70.5171265678828,-33.404105334294684],[-70.51713041325603,-33.4040994478774],[-70.5171316280281,-33.40409705846271],[-70.51713303717506,-33.404094753812515],[-70.51713596490504,-33.40408852797462],[-70.51713910406271,-33.404082353358135],[-70.51714003381142,-33.40407987541585],[-70.51714116677734,-33.404077466155286],[-70.51728322459714,-33.4037257114183],[-70.5174102277605,-33.40379814732041],[-70.51741046229483,-33.40379826741054],[-70.51741068206731,-33.40379840575572],[-70.5174199174206,-33.403803108779144],[-70.51742913911525,-33.403807830621254],[-70.51742938655438,-33.403807930851954],[-70.51742962143618,-33.40380805046345],[-70.51743936193269,-33.403811971599495],[-70.51744909103427,-33.40381591258605],[-70.51744934899527,-33.403815991992076],[-70.51744959672428,-33.40381609171786],[-70.51745974855596,-33.40381919320315],[-70.51746989136875,-33.40382231538057],[-70.51747015736731,-33.40382237319719],[-70.51747041555778,-33.40382245207689],[-70.51748088095766,-33.40382470404266],[-70.51749133979905,-33.403826977342106],[-70.5174916112734,-33.403827013012496],[-70.51749187743883,-33.40382707028646],[-70.51750255561787,-33.4038284510447],[-70.51751322976384,-33.40382985357317],[-70.5175135040996,-33.40382986675382],[-70.51751377567655,-33.40382990187044],[-70.51752456379738,-33.40383039812369],[-70.51753535044942,-33.403830916373956],[-70.51753562500446,-33.40383090693791],[-70.51753589937759,-33.40383091955902],[-70.51754669354541,-33.40383052652807],[-70.51755748882013,-33.40383015550905],[-70.5175577609504,-33.40383012354718],[-70.51755803547726,-33.40383011355122],[-70.51756873173501,-33.40382883502138],[-70.51757943166999,-33.40382757830611],[-70.51757969875476,-33.40382752412622],[-70.51757997079146,-33.40382749160947],[-70.51759046612796,-33.40382533989403],[-70.51760096767606,-33.403823209585184],[-70.51760122714305,-33.40382313370909],[-70.51760149406977,-33.40382307898471],[-70.51761168741133,-33.40382007480541],[-70.51762188943358,-33.40381709141976],[-70.5176221387839,-33.4038169945782],[-70.51762239803006,-33.4038169181732],[-70.51763219120895,-33.40381309046182],[-70.51764199545357,-33.40380928273151],[-70.5176422322859,-33.40380916585712],[-70.51764248135473,-33.40380906850732],[-70.5176517800545,-33.40380445412784],[-70.5176610921032,-33.4037998587228],[-70.51766131413677,-33.4037997229411],[-70.51766155062953,-33.403799605584084],[-70.5176702652985,-33.40379424897581],[-70.51767899547065,-33.40378891015253],[-70.51767920056706,-33.403788756771235],[-70.51767942220626,-33.40378862053718],[-70.51768746891865,-33.40378257328652],[-70.51769553313632,-33.40377654246197],[-70.5176957193204,-33.403776372958234],[-70.51769592397153,-33.403776219159134],[-70.51770322523248,-33.40376953950494],[-70.51771054583335,-33.403762874759295],[-70.51771071131206,-33.40376269076553],[-70.5177108970042,-33.40376252088258],[-70.51771738249843,-33.40375527315395],[-70.51772388898142,-33.40374803867254],[-70.51772403216113,-33.40374784196071],[-70.51772419710595,-33.40374765763],[-70.51772980437451,-33.403739911627056],[-70.51773543407916,-33.40373217708187],[-70.51773555358095,-33.403731969546406],[-70.51773569618997,-33.403731772543146],[-70.51774037123218,-33.40372360286435],[-70.51774506994161,-33.40371544274355],[-70.51774516461465,-33.403715226383156],[-70.51774528351444,-33.40371501860461],[-70.51774898130769,-33.40370650392825],[-70.51775270377108,-33.40369799681883],[-70.51775277270359,-33.403697773717205],[-70.51775286674915,-33.40369755716437],[-70.51775555168203,-33.40368877949181],[-70.51775826205065,-33.403680007321874],[-70.51775830457883,-33.40367977962756],[-70.51775837286444,-33.40367955638598],[-70.51782877069648,-33.40339131283286],[-70.51783214664307,-33.403372946071904],[-70.51783335994057,-33.40335439021349],[-70.51783239890561,-33.40333582396065],[-70.51782927279488,-33.40331742611652],[-70.51782401171582,-33.403299373862176],[-70.51781666633673,-33.4032818410504],[-70.51780730739867,-33.40326499653135],[-70.51779602503419,-33.403249002526486],[-70.51778292789923,-33.403234013066324],[-70.51776814212674,-33.403220172506984],[-70.51775181011192,-33.403207614140065],[-70.51773408914082,-33.403196458908916],[-70.51771514987564,-33.403186814243966],[-70.51769517471118,-33.40317877302815],[-70.51767435601829,-33.403172412702325],[-70.51765289429129,-33.40316779451958],[-70.51763099621708,-33.40316496295531],[-70.51760887268476,-33.40316394527886],[-70.5175867367547,-33.40316475129102],[-70.51756480160658,-33.403167373229515],[-70.51754327848658,-33.403171785843874],[-70.51752237467292,-33.40317794663846],[-70.51750229147966,-33.40318579628187],[-70.51748322231809,-33.403195259178204],[-70.51746535083407,-33.40320624419513],[-70.51744884913934,-33.40321864554147],[-70.51743387615414,-33.403232343786065],[-70.51742057607673,-33.403247207007894],[-70.5174134871931,-33.40325699973214],[-70.5174283477334,-33.403139675001896],[-70.51742959860108,-33.40312166400128],[-70.5174288002508,-33.40310363490012],[-70.51742595993025,-33.4030857513443],[-70.51742110342161,-33.403068175658554],[-70.51741427480738,-33.40305106737305],[-70.5174055360703,-33.4030345817754],[-70.51739496653067,-33.403018868501135],[-70.51738266212641,-33.40300407017555],[-70.5173687345421,-33.40299032111912],[-70.51735331019539,-33.40297774612833],[-70.51733652908943,-33.40296645934294],[-70.5173185435421,-33.40295656320995],[-70.51729951680355,-33.40294814755386],[-70.51727962157427,-33.40294128876119],[-70.51725903843777,-33.40293604908727],[-70.51684911409497,-33.40284934907355],[-70.51684741418947,-33.402849063122716],[-70.51684575257931,-33.40284866119066],[-70.51633064640225,-33.40274672835117],[-70.51602126085956,-33.402682786371805],[-70.51601644217558,-33.4026819985575],[-70.5160116845671,-33.40268099144211],[-70.51600557778089,-33.40268022231952],[-70.51599951349165,-33.402679230858354],[-70.51599462600528,-33.40267884299126],[-70.51598977354696,-33.40267823184504],[-70.51598360620197,-33.40267796846759],[-70.5159774553401,-33.40267748033918],[-70.51597254613323,-33.402677496144854],[-70.51596764554313,-33.40267728686372],[-70.51596147701858,-33.402677531782224],[-70.51595529883558,-33.402677551672674],[-70.51595041519738,-33.40267797098612],[-70.51594551365896,-33.402678165598864],[-70.51593940334803,-33.40267891647244],[-70.51593325735598,-33.40267944417189],[-70.51592844632695,-33.40268026293959],[-70.51592359103529,-33.40268085958783],[-70.51591759777422,-33.40268210920599],[-70.51591455627383,-33.40268262682508],[-70.51590996998982,-33.40268050270828],[-70.51590263460612,-33.40267691870619],[-70.51590027767323,-33.402676013754494],[-70.51589800796019,-33.4026749625467],[-70.5158902081834,-33.40267214754188],[-70.51588248847844,-33.402669183535814],[-70.51588003688325,-33.40266847663336],[-70.51587765550502,-33.402667617173584],[-70.51586956517427,-33.40266545717947],[-70.51586153541604,-33.40266314184653],[-70.51585901275003,-33.40266263984321],[-70.51585654266098,-33.40266198036697],[-70.51584823974135,-33.40266049604463],[-70.51583997720726,-33.40265885182277],[-70.51577863995617,-33.40264928475841],[-70.51577759058277,-33.40264408149176],[-70.5157770772253,-33.40264030523498],[-70.51577242148537,-33.40262213638264],[-70.51576566492108,-33.40260443777207],[-70.51575687260289,-33.402587379850246],[-70.51574612920658,-33.40257112689381],[-70.51573353819758,-33.402555835427115],[-70.51571668525318,-33.402537375490624],[-70.5157023678961,-33.40252319277615],[-70.5156864620694,-33.40251025540254],[-70.51566912095478,-33.402498687963195],[-70.5156505115563,-33.40248860185833],[-70.51563081309203,-33.40248009422218],[-70.51561021526813,-33.40247324698742],[-70.51558891645185,-33.402468126096366],[-70.51556712176122,-33.40246478086569],[-70.51554504108975,-33.402463243511654],[-70.51552288708497,-33.40246352883973],[-70.51550087310069,-33.402465634102114],[-70.51547921114228,-33.40246953902418],[-70.51545810982498,-33.402475205999615],[-70.51543777236495,-33.40248258045274],[-70.51541839462209,-33.402491591364004],[-70.515400163214,-33.40250215195386],[-70.51538325371864,-33.40251416051864],[-70.5153678289835,-33.40252750140987],[-70.51535403755733,-33.402542046148035],[-70.51534201225945,-33.4025576546599],[-70.51533186890065,-33.40257417662748],[-70.51532370516786,-33.40259145293564],[-70.51531983869818,-33.40260276598688],[-70.51528793990394,-33.40260074885171],[-70.51528215454077,-33.40260062186603],[-70.51527640091719,-33.40260026816755],[-70.51527554042289,-33.40260028622375],[-70.51527467209571,-33.402600238449416],[-70.51527023189006,-33.40260036016927],[-70.51526579083387,-33.40260026268981],[-70.51526001871578,-33.40260061192297],[-70.51525425119449,-33.40260073294507],[-70.5152533968329,-33.40260082166908],[-70.51525252726695,-33.40260084550645],[-70.5152481226663,-33.402601331674425],[-70.51524369160325,-33.40260159976851],[-70.51523798840043,-33.40260242180771],[-70.51523226244242,-33.40260301643789],[-70.5152314224008,-33.402603175003335],[-70.51523056001223,-33.40260327019133],[-70.51508069692227,-33.40262613445956],[-70.5141503418454,-33.40268066048349],[-70.51414674184112,-33.402681021033125],[-70.51414312130994,-33.402681181430644],[-70.51413821966067,-33.4026818067578],[-70.51413328629805,-33.40268220801375],[-70.51413082922441,-33.40268261472103],[-70.51412834145164,-33.402682863877445],[-70.51412480091675,-33.40268351865099],[-70.51412121656337,-33.402683975923786],[-70.51393070871308,-33.402716371656915],[-70.51340547628273,-33.40275380632622],[-70.51340349337121,-33.40275403028952],[-70.51340149541277,-33.40275411984677],[-70.51339251803272,-33.40275526991713],[-70.51338351777808,-33.40275628646491],[-70.5133815705875,-33.402756672366834],[-70.51337959271545,-33.40275692574694],[-70.5133707929625,-33.402758808318545],[-70.51336195484163,-33.40276055989101],[-70.51336006212436,-33.40276110401514],[-70.5133581233866,-33.40276151877794],[-70.51334958600668,-33.40276411572075],[-70.513340995135,-33.40276658544938],[-70.51333917511886,-33.40276728255552],[-70.51333729418634,-33.402767854706674],[-70.51332910139877,-33.402771141010824],[-70.51332084051054,-33.402774305111],[-70.51331911072316,-33.402775148485695],[-70.51331730571026,-33.40277587251506],[-70.51330953641587,-33.40277981653181],[-70.51330168506747,-33.40278364453174],[-70.51330006216756,-33.40278462605289],[-70.5132983504575,-33.402785494987725],[-70.51329107947842,-33.40279005873426],[-70.51328371328252,-33.40279451376838],[-70.51328221289948,-33.40279562398344],[-70.51328061097685,-33.40279662945549],[-70.51327390833646,-33.402801768980694],[-70.5132670982334,-33.40280680814481],[-70.51326573481673,-33.40280803636186],[-70.51326425810893,-33.402809168687895],[-70.51325818835718,-33.40281483449564],[-70.513251999932,-33.40282040926002],[-70.51325078661216,-33.40282174365069],[-70.51324944934066,-33.40282299192591],[-70.51324407093286,-33.40282912945138],[-70.51323856378335,-33.402835186128435],[-70.51323751224524,-33.40283661384191],[-70.5132363272888,-33.4028379660447],[-70.51323169202202,-33.40284451618047],[-70.51322691918533,-33.40285099644125],[-70.51322603955596,-33.402852503727864],[-70.51322501832632,-33.402853946835876],[-70.5132211708409,-33.40286084650091],[-70.51321717828245,-33.40286768793699],[-70.51321647903319,-33.402869260280816],[-70.51321563136544,-33.40287078039617],[-70.51300910089908,-33.40329412457576],[-70.5130070430752,-33.40329901454597],[-70.51300473416332,-33.40330382500215],[-70.51300335795202,-33.403307771437206],[-70.5130017262679,-33.40331164877792],[-70.51300024980775,-33.40331668437649],[-70.5129985141764,-33.403321661486],[-70.51299760578281,-33.403325702057025],[-70.51299643507204,-33.403329694868994],[-70.51299555419506,-33.403334827600425],[-70.51299440855966,-33.40333992343103],[-70.51299397673243,-33.403344019225166],[-70.51299327826983,-33.40334808905545],[-70.5129930014597,-33.403353269488775],[-70.51299245685375,-33.403358434964915],[-70.51299250575187,-33.40336254653745],[-70.51299228626436,-33.40336665419139],[-70.5129926161873,-33.40337183243621],[-70.51299267785602,-33.403377017811515],[-70.51299320700892,-33.40338110556574],[-70.51299346861056,-33.40338521148438],[-70.51299440208963,-33.40339033767133],[-70.5129950694395,-33.40339549300782],[-70.51299607375144,-33.403399517576396],[-70.51299681392315,-33.40340358221744],[-70.51299834196881,-33.40340860697854],[-70.51299960857325,-33.403413682627395],[-70.5130010783724,-33.40341760525151],[-70.51300228998628,-33.40342158947019],[-70.51300439788294,-33.403426464414146],[-70.51300625154418,-33.40343141149402],[-70.51300817267585,-33.40343519439651],[-70.5130098440636,-33.40343905982263],[-70.5130125115114,-33.40344373800099],[-70.51301493437799,-33.40344850886867],[-70.51301728834086,-33.40345211561808],[-70.5130194034063,-33.40345582502532],[-70.51302260471645,-33.403460261384446],[-70.51302557345514,-33.40346481009383],[-70.5130283375794,-33.40346820595507],[-70.5130308759535,-33.4034717236197],[-70.51303458029582,-33.40347587543495],[-70.5130380663162,-33.40348015817927],[-70.51304121398195,-33.40348331044823],[-70.51304415121892,-33.403486602493096],[-70.51304832291873,-33.40349042978013],[-70.51305229264857,-33.40349440531401],[-70.51366708711285,-33.4040520503903],[-70.51381054024577,-33.40418379645923],[-70.51381458185656,-33.40418741205534],[-70.51413130879861,-33.40446342303472],[-70.51434574697345,-33.404662625132694],[-70.5143490473679,-33.404665403837726],[-70.51435215448606,-33.40466833511357],[-70.51481139880732,-33.40506096748831],[-70.51481804361032,-33.405066116790444],[-70.51482457671776,-33.40507136566991],[-70.51490558988971,-33.40513034044646],[-70.51490559046157,-33.405130340823106],[-70.51491250004652,-33.40513517175168],[-70.51533416906092,-33.40541823515223],[-70.51534187406918,-33.405422906295655],[-70.51534950070875,-33.4054276670508],[-70.51535085011068,-33.40542834799879],[-70.5153521264171,-33.40542912175632],[-70.51536034022169,-33.40543313698781],[-70.51536848650733,-33.40543724784203],[-70.51556745166022,-33.40552680598219],[-70.51557135793085,-33.40552836228254],[-70.51557514615027,-33.40553011186521],[-70.51614217409006,-33.405762344804344],[-70.51614290647268,-33.40576260826093],[-70.51614360723286,-33.40576292652025],[-70.51615308657476,-33.40576627030079],[-70.51616253756742,-33.405769670060536],[-70.51616329721269,-33.40576987204048]],[[-70.51540528350274,-33.40361637649477],[-70.51540499639945,-33.40362027302068],[-70.51540444529716,-33.403624149519814],[-70.51540431346135,-33.40362954176027],[-70.51540391682408,-33.40363492486459],[-70.51540408646375,-33.40363882623053],[-70.51540399103523,-33.403642729369544],[-70.51540448998888,-33.40364810648311],[-70.51540472434853,-33.40365349627399],[-70.5154053490977,-33.40365736490763],[-70.51540571026229,-33.403661257097156],[-70.5154068352006,-33.403666567299275],[-70.51540769830052,-33.40367191187002],[-70.51540877214283,-33.403675710514264],[-70.51540958642258,-33.403679554270354],[-70.51541132651215,-33.40368474642083],[-70.51541281004062,-33.40368999430023],[-70.51541432263464,-33.40369368637202],[-70.51541558218784,-33.40369744467714],[-70.51541792067101,-33.40370246877266],[-70.51542001034117,-33.40370756942068],[-70.51542194712,-33.403711119363265],[-70.51542363981673,-33.403714756022815],[-70.51542655417296,-33.40371956367846],[-70.51542922986043,-33.40372446797293],[-70.51550446095382,-33.40384619165618],[-70.5155165296387,-33.40386342666668],[-70.51552706280758,-33.403876798696444],[-70.5155328879549,-33.403883458570824],[-70.51553862610233,-33.403890171366015],[-70.51553943940327,-33.40389094882153],[-70.51554016882594,-33.40389178276812],[-70.51554674422201,-33.40389793168667],[-70.51555323922206,-33.40390414042385],[-70.51555413946328,-33.40390484727412],[-70.51555496283177,-33.403905617239],[-70.51556222515208,-33.40391119598418],[-70.51556941445433,-33.403916840869414],[-70.51557039296593,-33.403917470306965],[-70.5155713023508,-33.40391816887499],[-70.51557918165535,-33.40392312372029],[-70.51558699602265,-33.40392815038989],[-70.51558804338102,-33.40392869635289],[-70.51558903002439,-33.40392931679642],[-70.51559745043093,-33.40393360002368],[-70.5156058146065,-33.403937960067864],[-70.51560692072496,-33.40393841729838],[-70.5156079751249,-33.40393895364217],[-70.51561685554034,-33.40394252400147],[-70.51562568897198,-33.40394617543028],[-70.51599792685087,-33.4040814320197],[-70.51599966079637,-33.40408197897696],[-70.51600133567676,-33.40408264290498],[-70.51642796947193,-33.404230743151196],[-70.51644883343339,-33.40423699887089],[-70.51647032800005,-33.40424150924323],[-70.51649224616625,-33.40424423083066],[-70.51651437684673,-33.4042451374227],[-70.51653202224985,-33.40424440614602],[-70.51622530248224,-33.404887886859846],[-70.51622415277215,-33.404890690796265],[-70.51622278301232,-33.404893422393265],[-70.51622055288958,-33.404899470262016],[-70.51621809671667,-33.40490546042472],[-70.51621728019465,-33.404908345480266],[-70.51621623629364,-33.40491117643402],[-70.51609131724791,-33.40532003509994],[-70.51594685866404,-33.40526087035993],[-70.51595773913284,-33.40525422629464],[-70.51597428724698,-33.405241868164964],[-70.51598931143488,-33.40522820914136],[-70.51600266700561,-33.405213380768224],[-70.51601422533808,-33.40519752585146],[-70.51602387511996,-33.40518079708304],[-70.51615819043246,-33.40491547247133],[-70.51615880909634,-33.404914061634244],[-70.51615956396829,-33.40491269823611],[-70.51631483950986,-33.404591915002484],[-70.51631643214647,-33.40458809715908],[-70.51631827469838,-33.40458435924465],[-70.51632008866392,-33.40457933181178],[-70.51632215687985,-33.4045743739156],[-70.51632329567657,-33.40457044352643],[-70.51632469252601,-33.40456657213594],[-70.51632591022782,-33.404561419786425],[-70.51632738908211,-33.40455631573705],[-70.51632806307195,-33.40455231065394],[-70.51632900076677,-33.40454834307105],[-70.51632961047807,-33.404543115424964],[-70.51633048572891,-33.404537914377165],[-70.51633068842128,-33.404533873171296],[-70.51633115793125,-33.40452984760605],[-70.51633115378056,-33.40452459500848],[-70.51633141699918,-33.40451934705127],[-70.51633114644234,-33.40451530864167],[-70.51633114324612,-33.40451126386245],[-70.5163305252738,-33.40450603689876],[-70.51633017392568,-33.404500792572826],[-70.51632943272554,-33.404496795851564],[-70.5163289568542,-33.40449277081182],[-70.51632773101208,-33.404487619820536],[-70.51632676848124,-33.40448242963153],[-70.51632556377625,-33.404478513089195],[-70.51632461981299,-33.4044745465522],[-70.51632279790694,-33.4044695211401],[-70.51632123346346,-33.404464435072335],[-70.51631957685585,-33.40446063642729],[-70.51631817389183,-33.40445676659291],[-70.51631577346811,-33.404451915157324],[-70.51631362217879,-33.40444698219236],[-70.51631152962283,-33.40444333802759],[-70.51630968116959,-33.40443960216431],[-70.5163067253459,-33.404434971427165],[-70.51630400792905,-33.40443023907197],[-70.51630149957738,-33.40442678448262],[-70.51629922343676,-33.40442321856884],[-70.5161643479478,-33.404234765941624],[-70.51616092788412,-33.404230479060104],[-70.51615773439673,-33.404226070945185],[-70.51615477056347,-33.40422276116036],[-70.5161520259701,-33.40421932094644],[-70.51614812139393,-33.40421533586943],[-70.51614442813536,-33.404211211516184],[-70.5161410917801,-33.404208161324426],[-70.51613795836649,-33.404204963308004],[-70.51613360688124,-33.404201318413925],[-70.51612944941954,-33.4041975175418],[-70.51612577267315,-33.40419475631798],[-70.51612228061593,-33.404191831297595],[-70.51611752412869,-33.40418856168857],[-70.5161129425026,-33.40418512090199],[-70.51610896077426,-33.404182675238154],[-70.51610514370368,-33.40418005138313],[-70.51610002802191,-33.40417718854708],[-70.51609506635495,-33.40417414098256],[-70.51609081799067,-33.40417203443158],[-70.51608671266726,-33.404169737011046],[-70.51608128705769,-33.404167308518566],[-70.5160759931332,-33.40416468352562],[-70.51607151904697,-33.404162936374654],[-70.516067165007,-33.404160987513876],[-70.51606148172108,-33.404159016752565],[-70.5160559065222,-33.40415683961114],[-70.51557389328578,-33.40399223577574],[-70.51527553643677,-33.40388067279781],[-70.51526949158395,-33.40387870464766],[-70.51526354731865,-33.40387653163898],[-70.51517737702969,-33.403849167358956],[-70.5152150434442,-33.403783295730015],[-70.51522282771266,-33.40376799225223],[-70.51522898038411,-33.40375217476163],[-70.51535200272777,-33.403381391160146],[-70.51535291237636,-33.403378016234896],[-70.51535406819501,-33.403374694724356],[-70.51535535381088,-33.40336895816546],[-70.51535688834826,-33.40336326481246],[-70.51535739921296,-33.40335983135568],[-70.51535816130449,-33.40335643081861],[-70.51539315607343,-33.403143076362994],[-70.51544160290486,-33.40299053789196],[-70.51553200069661,-33.40299755708518],[-70.51552153058513,-33.40303964203483],[-70.51552086161294,-33.40304319504987],[-70.51551994011574,-33.403046703168506],[-70.51540706867188,-33.40360569648211],[-70.51540630731668,-33.40361105191919],[-70.51540528350274,-33.40361637649477]],[[-70.5149816766123,-33.404324888464735],[-70.51496797036532,-33.40438705832032],[-70.51496729031628,-33.404391297125436],[-70.51496634341497,-33.40439549975047],[-70.51496581378169,-33.404400500493225],[-70.51496501552685,-33.404405476083994],[-70.51496483411702,-33.40440975038465],[-70.51496438291174,-33.404414010617224],[-70.5149644402368,-33.40441903082093],[-70.51496422729444,-33.40442404807705],[-70.5149645462712,-33.40442831670939],[-70.51496459510761,-33.40443259352116],[-70.51496523883932,-33.40443758483852],[-70.51496561326056,-33.40444259544106],[-70.51496642955235,-33.40444681729581],[-70.51496697796043,-33.4044510694987],[-70.51496820189965,-33.40445598386057],[-70.51496916007895,-33.40446093955466],[-70.51497046582473,-33.40446507397299],[-70.51497150852333,-33.40446926061594],[-70.51497330088321,-33.40447405069428],[-70.51497483359316,-33.40447890375376],[-70.51497661621814,-33.404482910918894],[-70.51497814316579,-33.40448699168218],[-70.51498048668525,-33.40449161134583],[-70.51498257916528,-33.40449631503302],[-70.51498482150205,-33.40450015635369],[-70.51498681799366,-33.40450409193725],[-70.51498969010355,-33.40450849669615],[-70.51499232220226,-33.40451300571187],[-70.51499500265611,-33.404516644194004],[-70.51499744946456,-33.404520396695844],[-70.51511728737697,-33.404684503934796],[-70.51511871636603,-33.40468626098779],[-70.51511998276915,-33.404688103679646],[-70.5151249565978,-33.40469393383618],[-70.51512977314997,-33.404699856159],[-70.5151314005959,-33.40470148727489],[-70.51513287624702,-33.404703216983464],[-70.51513850746635,-33.404708610170616],[-70.51514399293748,-33.404714108009834],[-70.5151458031672,-33.4047155974801],[-70.51514747385497,-33.404717197547185],[-70.51515370823319,-33.404722101825335],[-70.51515980979536,-33.40472712223361],[-70.51516178537534,-33.40472845571374],[-70.51516363501017,-33.404729910729806],[-70.51545975041361,-33.404940925160346],[-70.51547731955553,-33.40495224848175],[-70.51549612740139,-33.40496207293299],[-70.51551599282071,-33.40497030389869],[-70.51553672449776,-33.40497686210974],[-70.51555812277408,-33.40498168440664],[-70.51557998157139,-33.4049847243478],[-70.51560209037613,-33.40498595265674],[-70.51562423626712,-33.40498535750413],[-70.51563270072499,-33.40498442787231],[-70.51560822356612,-33.405032779125726],[-70.51560057519137,-33.40505022061447],[-70.51559500194503,-33.405068206882305],[-70.51559155750172,-33.405086564711894],[-70.5155902796563,-33.40510505044946],[-70.51519818546718,-33.40484184083278],[-70.5151274031151,-33.40479031336316],[-70.5146948343163,-33.404420488464616],[-70.51471230067688,-33.404420202190806],[-70.51473430446191,-33.40441801967054],[-70.51475594723216,-33.40441403873467],[-70.51477702055465,-33.40440829772206],[-70.51479732148069,-33.40440085192216],[-70.51481665450035,-33.40439177304256],[-70.5148348334254,-33.40438114851835],[-70.51485168318241,-33.40436908067002],[-70.51486704149886,-33.404355685718144],[-70.51488076046586,-33.40434109266401],[-70.5148927079626,-33.40432544204721],[-70.51490950144597,-33.40430086577858],[-70.5149816766123,-33.404324888464735]],[[-70.51670638086898,-33.40395663417646],[-70.51670200622068,-33.40395051653001],[-70.5166888022384,-33.40393559308674],[-70.51667391783381,-33.403921827001525],[-70.51665749635194,-33.40390935084871],[-70.51663969594044,-33.40389828477993],[-70.51662068802658,-33.4038887353669],[-70.51660895673048,-33.403884085102774],[-70.51669704515882,-33.40367264101671],[-70.51669716262853,-33.40367230728456],[-70.51669731712121,-33.40367198433875],[-70.5166980186778,-33.403670280282135],[-70.5166993831856,-33.403666350642645],[-70.5167010030063,-33.40366248980554],[-70.51670247910613,-33.403657434714496],[-70.51670421419902,-33.403652437827226],[-70.51670511290543,-33.40364841493343],[-70.5167062737358,-33.40364443952138],[-70.51670715197302,-33.40363928742136],[-70.51670829475805,-33.403634171952966],[-70.51670871900832,-33.40363009454757],[-70.51670940966923,-33.403626042846014],[-70.51670968158628,-33.403620843354624],[-70.5167102210582,-33.40361565856987],[-70.51671016676687,-33.403611565920556],[-70.51671038060715,-33.403607476949574],[-70.51671004358575,-33.40360228014073],[-70.51670997454953,-33.40359707597199],[-70.51670944223974,-33.40359300749319],[-70.51670917720034,-33.40358892063181],[-70.51670823448652,-33.403583776553646],[-70.5167075576074,-33.403578603119854],[-70.51670655240594,-33.403574597993206],[-70.51670581103956,-33.403570552600144],[-70.5167042717126,-33.4035655107929],[-70.51670299350967,-33.403560417916964],[-70.51670152509739,-33.40355651471397],[-70.51670031454412,-33.403552549748525],[-70.51669968260097,-33.40355083493964],[-70.51669949177533,-33.40355031972727],[-70.51663877643007,-33.403387213762436],[-70.51663646018434,-33.40338191981665],[-70.5166343893654,-33.40337655480976],[-70.51663264580132,-33.40337320176911],[-70.51663114327295,-33.403369767631595],[-70.51662821951594,-33.4033646895972],[-70.51662553169953,-33.403359520667166],[-70.516623404686,-33.40335632711147],[-70.51662150807036,-33.403353033033824],[-70.51661800495974,-33.40334821981496],[-70.51661472603124,-33.40334329674127],[-70.51661223605272,-33.40334029342613],[-70.5166099636154,-33.403337171131966],[-70.51660591488817,-33.40333266908234],[-70.5166020764257,-33.40332803927679],[-70.51659924746221,-33.403325255125715],[-70.51659662108806,-33.403322334684304],[-70.51659206573584,-33.40331818716097],[-70.51658770470598,-33.403313895210914],[-70.5165845640019,-33.40331135703661],[-70.51658160898452,-33.40330866657337],[-70.51657659087792,-33.403304913519094],[-70.51657174927976,-33.40330100075814],[-70.51656832708187,-33.40329873300457],[-70.51656507187961,-33.40329629842997],[-70.51655963934562,-33.40329297598851],[-70.51655436380642,-33.403289480098564],[-70.51655069307226,-33.40328750460531],[-70.5165471690345,-33.40328534936549],[-70.5165413743912,-33.403282489533595],[-70.51653571571723,-33.40327944418188],[-70.51653183179793,-33.40327777997393],[-70.51652807286285,-33.40327592482494],[-70.5165219719157,-33.40327355514422],[-70.51651598460282,-33.4032709896589],[-70.5165119249024,-33.403269652763385],[-70.51650796727058,-33.40326811557126],[-70.51650161877481,-33.40326625886295],[-70.51649536048377,-33.40326419795092],[-70.5164911640992,-33.4032632012428],[-70.51648704588459,-33.40326199681144],[-70.51648051097926,-33.40326067095654],[-70.51647404198059,-33.403259134465415],[-70.51611998770473,-33.40319058263091],[-70.51614218617227,-33.403097844404286],[-70.51622369585372,-33.403114690252124],[-70.51622479346649,-33.40311486969962],[-70.51622586794255,-33.4031151296129],[-70.51674039137575,-33.403216947094684],[-70.51695861699525,-33.403263102524186],[-70.51694277144195,-33.4033881984733],[-70.51672161310336,-33.40393581176877],[-70.51670638086898,-33.40395663417646]],[[-70.51619120946236,-33.40373866084692],[-70.51617573366188,-33.40373328859537],[-70.51587599003507,-33.40362437371492],[-70.51586490637416,-33.40360644051686],[-70.51587978126375,-33.4035327713649],[-70.51624632325263,-33.403603741467236],[-70.51624683988237,-33.403605129361026],[-70.51619120946236,-33.40373866084692]],[[-70.51578444736163,-33.40468081631522],[-70.51578289057306,-33.40467899152369],[-70.51576829287293,-33.40466501103737],[-70.51575213164519,-33.40465229793556],[-70.51548351671083,-33.40446088106012],[-70.51542774862978,-33.404384512175824],[-70.51543456711605,-33.404353583603154],[-70.51581591876004,-33.40448381238396],[-70.51585403120254,-33.40453706472641],[-70.51578444736163,-33.40468081631522]],[[-70.51447677398691,-33.40418886399567],[-70.51447287671594,-33.40420715802168],[-70.51447215035572,-33.404214889175606],[-70.51446406133147,-33.404207374886326],[-70.51446152094512,-33.40420523604846],[-70.51445915510361,-33.404202960736534],[-70.51420518313458,-33.40398163832748],[-70.5142087506179,-33.4039804294805],[-70.51422838194345,-33.40397181280844],[-70.51424691175853,-33.40396162373454],[-70.51426416161037,-33.40394996038564],[-70.51427996537323,-33.40393693508677],[-70.51429417084823,-33.40392267327924],[-70.51430664122921,-33.403907312312604],[-70.51452182236658,-33.40361208493804],[-70.51452537834405,-33.40360662048209],[-70.51452914365166,-33.40360125558173],[-70.514530683072,-33.40359846872704],[-70.5145324374828,-33.40359577273031],[-70.5145353377424,-33.403590042248894],[-70.51453845795855,-33.40358439363462],[-70.51453966428495,-33.40358149364309],[-70.51454109518457,-33.403578666397514],[-70.5145433117955,-33.40357272507849],[-70.51454575687114,-33.40356684714965],[-70.51454661848626,-33.40356386194977],[-70.51454771209444,-33.40356093068337],[-70.51454922370992,-33.40355483574502],[-70.51455097009804,-33.403548785109315],[-70.5145514787042,-33.403545743450294],[-70.51455222448917,-33.40354273639279],[-70.51455301655193,-33.4035365465327],[-70.51455404743425,-33.40353038146125],[-70.51455419813355,-33.403527312635916],[-70.51455458891317,-33.40352425874693],[-70.5145546537957,-33.40351803357691],[-70.5145549592447,-33.40351181344271],[-70.51455319995885,-33.40332558395593],[-70.51455303497283,-33.40332315932071],[-70.51455307993061,-33.40332073484716],[-70.51455240450521,-33.40331389396458],[-70.51455193746835,-33.403307030386436],[-70.51455148995002,-33.403304631111915],[-70.51455125134727,-33.40330221448086],[-70.51454977964737,-33.40329546168613],[-70.51454851283673,-33.40328866994741],[-70.51454778712983,-33.40328631915318],[-70.51454726722925,-33.40328393362398],[-70.51454501332437,-33.4032773339185],[-70.51454295904631,-33.40327067945971],[-70.51454196217854,-33.403268399793475],[-70.51454116594707,-33.403266068330865],[-70.5145381514278,-33.40325968525682],[-70.5145353295844,-33.40325323218123],[-70.51453407119837,-33.40325104560008],[-70.51453300626055,-33.40324879065374],[-70.51452926003437,-33.40324268568381],[-70.51452569792787,-33.403236496138426],[-70.51452419018693,-33.40323442369678],[-70.51452286675291,-33.40323226698568],[-70.51451842476983,-33.403226498932014],[-70.51451415683565,-33.40322063250804],[-70.51451241430533,-33.403218694154745],[-70.51451084507396,-33.40321665645815],[-70.51450574998447,-33.40321128090629],[-70.51450081745537,-33.403205794065],[-70.51449885696145,-33.40320400845112],[-70.51449705699952,-33.40320210940851],[-70.51433710007257,-33.40304937640711],[-70.51482332825265,-33.403020879869466],[-70.5148031895811,-33.40309745859618],[-70.51470968444998,-33.40343415948778],[-70.51460254611227,-33.40364878851603],[-70.5144173098294,-33.403916489496375],[-70.51441615407799,-33.40391836625305],[-70.51441483202215,-33.403920164123036],[-70.51441107218909,-33.40392661843237],[-70.51440714174855,-33.40393300084149],[-70.51440621088658,-33.40393496357537],[-70.51440510530192,-33.403936861474264],[-70.51440211784609,-33.40394359380009],[-70.51439895220187,-33.40395026859756],[-70.5143982551941,-33.40395229840647],[-70.51439737672814,-33.40395427805656],[-70.51439519042079,-33.40396122356306],[-70.51439282006018,-33.403968126467014],[-70.51439236361934,-33.40397020380283],[-70.51439172073232,-33.40397224613902],[-70.51439035662922,-33.40397933793726],[-70.51438880438054,-33.40398640246911],[-70.51438859290256,-33.403988507325955],[-70.51438819178598,-33.403990592679456],[-70.51438766302473,-33.4039977624716],[-70.51438694383752,-33.40400492059607],[-70.51438697935917,-33.40400703270304],[-70.51438682387614,-33.40400914099078],[-70.51438713554953,-33.404016319727866],[-70.51438725635046,-33.40402350250833],[-70.51438753852985,-33.40402560152469],[-70.51438763017791,-33.40402771244267],[-70.51438877928487,-33.40403483098945],[-70.51438973891112,-33.40404196925181],[-70.51439026503084,-33.40404403496286],[-70.51439060292752,-33.40404612818181],[-70.51439257840204,-33.40405311798274],[-70.51439436761241,-33.40406014298152],[-70.51439513260577,-33.404062155493335],[-70.51439571349711,-33.40406421085435],[-70.51439849631477,-33.40407100459371],[-70.51440109787863,-33.40407784867426],[-70.51440209437848,-33.40407978860517],[-70.51440291267029,-33.40408178631401],[-70.51440647603145,-33.40408831856425],[-70.51440986489477,-33.404094915814156],[-70.51441108330437,-33.404096764481565],[-70.51441213111617,-33.40409868529909],[-70.51441644070407,-33.40410489315092],[-70.51442058423056,-33.40411118003487],[-70.51442201281606,-33.40411291963501],[-70.51442328005695,-33.40411474506271],[-70.51442829436819,-33.40412056873097],[-70.51443315265365,-33.40412648470259],[-70.514434777657,-33.40412809848205],[-70.51443625212286,-33.404129810940006],[-70.51444192286705,-33.40413519433935],[-70.51444744912371,-33.40414068242439],[-70.51444925489531,-33.40414215484164],[-70.5144509223862,-33.404143737837806],[-70.51445719495105,-33.40414862912291],[-70.51446333595808,-33.40415363646794],[-70.51446530510731,-33.40415495334264],[-70.51446714956448,-33.40415639163189],[-70.51447396354177,-33.404160743696856],[-70.5144806601578,-33.40416522207812],[-70.51448277372069,-33.40416637072802],[-70.51448444342282,-33.404167437160915],[-70.514482790402,-33.40417097845388],[-70.51447677398691,-33.40418886399567]],[[-70.51358127096536,-33.40312137966312],[-70.51370417555613,-33.403112619985016],[-70.51368342307131,-33.40325177171483],[-70.51368176687888,-33.40326993950783],[-70.5136822001223,-33.40328815670536],[-70.51368471879188,-33.40330625465173],[-70.51368929957093,-33.40332406579517],[-70.51369590005154,-33.40334142523902],[-70.51370445912723,-33.40335817226843],[-70.51371489755853,-33.40337415183822],[-70.5137271187066,-33.4033892160083],[-70.513741009428,-33.40340322531339],[-70.51390400821002,-33.403552391262444],[-70.51383625808101,-33.403647642951555],[-70.51348150963383,-33.40332587153517],[-70.51358127096536,-33.40312137966312]]]}},{"type":"Feature","properties":{"numpos":"73870","TIPO":"TRAFO","TENSION":"MT","INCIDENCIA":"DF202671831337","CLITOTAL":"128","CANTAVISOS":"21","FECHA_INICIO":"10-10-2026 18:45","FECHA_FIN":"","DESCARGO":"","ESTADODESC":" ","ESTADOINC":"Activo","CLI_PLAN":"0","FECHA_INIDESC":"","FECHA_FINDESC":"","FECHA_REPOSICION":"10-10-2026 22:16","id_alim":"1026"},"geometry":{"type":"Polygon","coordinates":[[[-70.51297805694105,-33.40257011668668],[-70.51297699119958,-33.40257018266407],[-70.51297592268003,-33.402570169182574],[-70.51297139815028,-33.40257048539543],[-70.5129668593777,-33.40257058120711],[-70.51296227873513,-33.402571057485844],[-70.51295767309009,-33.402571312952176],[-70.51295682137423,-33.4025714313257],[-70.51295596038668,-33.40257148462714],[-70.51295490748727,-33.40257163790264],[-70.51295384253737,-33.402571712330264],[-70.51294982873715,-33.40257232948958],[-70.5129428760702,-33.40252055860922],[-70.5130900107153,-33.40218693255682],[-70.51309267929847,-33.40217982803415],[-70.51309551244191,-33.402172768478906],[-70.51316920515316,-33.40195420745735],[-70.51317022316955,-33.40195050264693],[-70.51317149567316,-33.40194685360006],[-70.51317270974128,-33.40194145340349],[-70.5131741811957,-33.40193609841975],[-70.51317476136217,-33.4019323277559],[-70.513175601307,-33.40192859166522],[-70.51317617845679,-33.401923117661156],[-70.51317701703714,-33.40191766749202],[-70.51317715376666,-33.40191386728836],[-70.51317755306387,-33.40191008013447],[-70.51319306845377,-33.40157756258848],[-70.51319299250355,-33.40157117383204],[-70.51319315033477,-33.401564786129605],[-70.51319288210335,-33.40156188721967],[-70.51319284753892,-33.401558979737196],[-70.51319202536195,-33.401552627988366],[-70.5131914359639,-33.40154625806876],[-70.51314504483376,-33.40124040375917],[-70.513141173549,-33.40122210585517],[-70.51313518261577,-33.40120421432863],[-70.51312712973117,-33.40118690148434],[-70.51311709244989,-33.40117033405408],[-70.5131051674372,-33.401154671590746],[-70.51309146953805,-33.40114006493188],[-70.51307613067092,-33.401126654747074],[-70.51305929855758,-33.40111457018311],[-70.51304113530017,-33.40110392762041],[-70.51302181582028,-33.40109482955216],[-70.51300152617429,-33.40108736359724],[-70.51298046176164,-33.4010816016565],[-70.51295882544296,-33.401077599220244],[-70.51293682558659,-33.40107539483395],[-70.51291467406178,-33.40107500972695],[-70.51289258419847,-33.401076447608034],[-70.51287076873274,-33.40107969462979],[-70.51284943775818,-33.401084719521826],[-70.51282879670256,-33.40109147389202],[-70.51281034507194,-33.4010993383019],[-70.51280314522045,-33.40109549241285],[-70.51278338034817,-33.401087094310014],[-70.51276272925209,-33.40108036156696],[-70.51274139081252,-33.40107535902331],[-70.5127195705291,-33.40107213485604],[-70.51269747854174,-33.40107072011545],[-70.512675327607,-33.40107112842629],[-70.51265333104911,-33.401073355856305],[-70.51263170070561,-33.401077380954305],[-70.5126106448873,-33.40108316495672],[-70.51259036637214,-33.40109065216077],[-70.51257106045242,-33.40109977046104],[-70.51255291305398,-33.40111043204383],[-70.51253609894583,-33.40112253423285],[-70.5125207800568,-33.401135960477895],[-70.51250710391629,-33.40115058147754],[-70.5124952022334,-33.40116625642408],[-70.51248518962845,-33.40118283435971],[-70.51247716252917,-33.40120015563027],[-70.51247119824195,-33.40121805342287],[-70.51246735420735,-33.40123635537219],[-70.51246566744683,-33.40125488522063],[-70.51246615420621,-33.401273464515654],[-70.51249211683353,-33.40157940375629],[-70.51249487893809,-33.401598371986374],[-70.51249804768322,-33.401610120022745],[-70.51248979861357,-33.40182771708736],[-70.51238305213461,-33.402160639160776],[-70.51238143192757,-33.402166903314146],[-70.51237958492466,-33.40217312315514],[-70.51237908444885,-33.40217597929261],[-70.5123783547535,-33.402178800489025],[-70.51237747438432,-33.402185167678724],[-70.51237636313306,-33.40219150941468],[-70.5123761988388,-33.40219439294403],[-70.51237580234547,-33.402197260545115],[-70.51237567029308,-33.402203669451644],[-70.51237530549585,-33.40221007200825],[-70.51237575125425,-33.40249021455995],[-70.512375918885,-33.40249300064882],[-70.51237585800129,-33.40249578981564],[-70.51237647695747,-33.402502276030745],[-70.51237686796455,-33.40250877471867],[-70.51237736037525,-33.4025115336106],[-70.51237762573153,-33.402514314352146],[-70.51238189110558,-33.402541902971976],[-70.51233783638492,-33.402534097960206],[-70.5121214233011,-33.402430290258984],[-70.51203438361668,-33.402383249084124],[-70.51219459909784,-33.40220779165639],[-70.51219499386131,-33.40220731232381],[-70.5121954394731,-33.402206865447866],[-70.51220128934358,-33.402199668176905],[-70.5122071918429,-33.40219250119913],[-70.51220752868993,-33.4021919917205],[-70.51220791993335,-33.402191510361845],[-70.51221290055078,-33.402183866819925],[-70.51221793708422,-33.402176249098076],[-70.51221821277085,-33.40217571437989],[-70.51221854587799,-33.402175203174366],[-70.51235098908614,-33.40194587665203],[-70.512352051802,-33.40194378013265],[-70.51235329672404,-33.40194175538701],[-70.51235638439421,-33.401935232820016],[-70.51235965813498,-33.40192877440218],[-70.51236047073202,-33.40192660061017],[-70.51236147304542,-33.40192448326672],[-70.51236378361345,-33.401917738264295],[-70.51236628685275,-33.401911041804794],[-70.51236684150538,-33.40190881167495],[-70.5123675915574,-33.401906622124976],[-70.51236910277174,-33.4018997196453],[-70.51237081140245,-33.401892849634784],[-70.5123711027692,-33.40189058464454],[-70.51237159333661,-33.40188834397459],[-70.51237229064394,-33.40188135049235],[-70.51237318821146,-33.4018743730929],[-70.51237321348647,-33.40187209505538],[-70.512373439845,-33.40186982484435],[-70.51238728982037,-33.40153175930255],[-70.51238723424687,-33.40152859692118],[-70.51238742289112,-33.401525438156675],[-70.51238707106384,-33.401519311066785],[-70.51238696327763,-33.40151317754091],[-70.51238653841487,-33.401510034956075],[-70.51238635701651,-33.401506875893],[-70.5123852908699,-33.40150080723123],[-70.51238446683719,-33.40149471210127],[-70.51238367677703,-33.40149161957776],[-70.51238312708327,-33.40148849063959],[-70.51233104381019,-33.401267760663345],[-70.51232900615979,-33.401260909606165],[-70.5123271617316,-33.40125402014368],[-70.51232632591069,-33.40125189798014],[-70.5123256809517,-33.40124972947648],[-70.51232285249968,-33.401243078929284],[-70.51232021185155,-33.40123637427644],[-70.51231913205974,-33.40123433104664],[-70.51231823679548,-33.40123222600856],[-70.51231464478175,-33.40122584001953],[-70.51231123334499,-33.401219384745744],[-70.51230991998142,-33.40121744012705],[-70.51230878303389,-33.401215418827164],[-70.51230446205192,-33.40120935889688],[-70.51230031268074,-33.40120321516961],[-70.51225763798485,-33.401146689696375],[-70.51224488035149,-33.401131495791184],[-70.51223040859715,-33.40111742388629],[-70.5122143620929,-33.401104609501296],[-70.51219689537524,-33.401093176045165],[-70.51217817665781,-33.401083233627745],[-70.51215838621148,-33.401074877999505],[-70.5121377146282,-33.4010681896292],[-70.51211636098554,-33.40106323292922],[-70.51209453092957,-33.40106005563498],[-70.51207243469435,-33.40105868834543],[-70.5120502850773,-33.40105914422824],[-70.51202829538995,-33.40106141889313],[-70.51200667740373,-33.401065490433965],[-70.51198563931041,-33.40107131963988],[-70.51196538371721,-33.401078850372805],[-70.51194610569576,-33.40108801010811],[-70.51194111862274,-33.40109095600485],[-70.51192766970942,-33.401088251827105],[-70.51190572134766,-33.40108571179651],[-70.51188358184633,-33.40108498842769],[-70.51186146441957,-33.40108608868709],[-70.5118395820689,-33.40108900197871],[-70.51181814553206,-33.40109370024617],[-70.51179736125341,-33.40110013824291],[-70.51177742939588,-33.40110825396791],[-70.51175854191335,-33.40111796926277],[-70.51174088070202,-33.4011291905644],[-70.51172461584866,-33.401141809806106],[-70.51170990399267,-33.40115570545829],[-70.51169688681745,-33.40117074369872],[-70.51168568968598,-33.401186779701526],[-70.51167642043349,-33.40120365903167],[-70.5116691683289,-33.4012212191324],[-70.51166400321502,-33.401239290890686],[-70.51166097483599,-33.401257700265816],[-70.51166011235811,-33.401276269965564],[-70.51166142408889,-33.40129482115359],[-70.51169367473148,-33.40154355743134],[-70.51168912047373,-33.40176637345915],[-70.51162390745816,-33.40195482357539],[-70.51152991016194,-33.402114631120526],[-70.51148767885933,-33.4020909891553],[-70.51148454714846,-33.40208941656416],[-70.51148154561498,-33.40208767451832],[-70.51142095209832,-33.40205607776868],[-70.51144982854375,-33.402018892897836],[-70.51145329165826,-33.402013915228515],[-70.51145697372377,-33.40200904936774],[-70.51145887200327,-33.40200589438002],[-70.51146099557646,-33.402002842084656],[-70.51146386031846,-33.401997603674914],[-70.51146695602328,-33.40199245853493],[-70.51146847646639,-33.40198916267811],[-70.511470233119,-33.4019859504974],[-70.51147247189976,-33.40198050179615],[-70.51147495143081,-33.40197512692758],[-70.51157256550287,-33.401728148888935],[-70.51157403378349,-33.401723716563765],[-70.51157576430649,-33.40171934512996],[-70.51157654735225,-33.401716440949954],[-70.51157755813797,-33.40171359136051],[-70.5115779476745,-33.40171190162813],[-70.51157849698437,-33.401710243415906],[-70.51157944018756,-33.40170571192731],[-70.51158065157932,-33.401701219085346],[-70.51158109149175,-33.401698264368],[-70.5115817643754,-33.40169534553068],[-70.51158195457293,-33.4016936319102],[-70.51158230745793,-33.40169193652279],[-70.51158271655085,-33.401687349488775],[-70.5115833970969,-33.401682778529384],[-70.5115834896048,-33.40167980174921],[-70.51158381813921,-33.40167684175565],[-70.51158380716619,-33.40167512075017],[-70.51158396022792,-33.40167340451507],[-70.51158383131161,-33.40166880608246],[-70.51158397441974,-33.40166420105476],[-70.5115837186054,-33.401661230902796],[-70.5115836996519,-33.40165825823697],[-70.51156726076388,-33.40140521224916],[-70.51156663778032,-33.40140018277184],[-70.51156628400706,-33.40139513664124],[-70.51153765234828,-33.4011732741182],[-70.51153607040983,-33.40116488743051],[-70.51153457112011,-33.401156480874235],[-70.51153433866047,-33.401155706514224],[-70.51153419004716,-33.40115491863664],[-70.51153163565442,-33.401146702370596],[-70.51152916120274,-33.40113845957609],[-70.51152883937182,-33.4011377080579],[-70.51152859940122,-33.40113693618643],[-70.51152509713278,-33.40112896942898],[-70.51152167137255,-33.4011209698187],[-70.51152126327234,-33.40112024838341],[-70.51152093425259,-33.40111949994804],[-70.5115165178017,-33.4011118593887],[-70.51151217376179,-33.40110418003758],[-70.51151168332635,-33.40110349563591],[-70.5115112684219,-33.40110277784162],[-70.51150598027358,-33.40109553703624],[-70.51150075983844,-33.401088251927014],[-70.51150019179582,-33.40108761115225],[-70.51149969499716,-33.40108693090967],[-70.51149358602083,-33.40108015957344],[-70.51148753952545,-33.401073338882924],[-70.51148689935194,-33.40107274790723],[-70.51148632543736,-33.401072111766304],[-70.51147945439975,-33.40106587510447],[-70.511472640142,-33.40105958452547],[-70.51147193400907,-33.401059049040256],[-70.51147128849907,-33.401058463127455],[-70.51146372150066,-33.4010528212081],[-70.5114562051774,-33.40104712131613],[-70.51145543989223,-33.401046646477326],[-70.51145472899623,-33.40104611643633],[-70.51144653883726,-33.40104112361221],[-70.51143839290916,-33.40103606928179],[-70.51143757584852,-33.40103565966002],[-70.5114368064057,-33.40103519059781],[-70.5114280718891,-33.401030894983855],[-70.51141937487868,-33.401026534859085],[-70.51141851391783,-33.40102619439569],[-70.51141769333138,-33.4010257908331],[-70.51140849850577,-33.40102223384195],[-70.51139933423933,-33.40101860986922],[-70.51139843767575,-33.40101834183841],[-70.51139757384188,-33.40101800766668],[-70.51138800719554,-33.40101522360923],[-70.51137846399249,-33.401012370633765],[-70.51137754046584,-33.401012177611115],[-70.51137664169796,-33.401011916054195],[-70.51136679530904,-33.401009931808005],[-70.51135696512895,-33.40100787723965],[-70.51135602353752,-33.40100776107754],[-70.5113550984865,-33.40100757466092],[-70.5113450671383,-33.40100640940944],[-70.51133504469328,-33.40100517296046],[-70.51111192793371,-33.40098697245173],[-70.5111086334095,-33.40098684008676],[-70.51110535759494,-33.4009865175929],[-70.51109757353518,-33.400986395730584],[-70.51108979703565,-33.40098608329103],[-70.5110865029073,-33.400986222414986],[-70.5110832051802,-33.40098617078743],[-70.51087881012624,-33.40099138815022],[-70.51085672384697,-33.40099286418717],[-70.51083491640672,-33.40099614888819],[-70.51081359782181,-33.40100121061997],[-70.51079297340067,-33.401008000635656],[-70.5107732417668,-33.401016453544095],[-70.51075459294583,-33.40102648793961],[-70.51073720653558,-33.40103800718606],[-70.5107212499764,-33.401050900347364],[-70.51070687693868,-33.40106504325588],[-70.51069422584288,-33.401080299708255],[-70.51068341852651,-33.40109652277702],[-70.51067455907068,-33.40111355622563],[-70.5106677327978,-33.40113123601305],[-70.51066300544971,-33.40114939187357],[-70.51066042255468,-33.40116784895653],[-70.51066000898874,-33.40118642951022],[-70.51066176873611,-33.401204954593716],[-70.51066568485089,-33.40122324580028],[-70.51067171961996,-33.401241126975265],[-70.51067981492639,-33.40125842591289],[-70.51068989280891,-33.40127497601456],[-70.5107018562128,-33.40129061789319],[-70.51071558992449,-33.40130520090843],[-70.51073096168105,-33.401318584617286],[-70.51074782344409,-33.401330640126794],[-70.51076601282539,-33.401341251335204],[-70.51078137221161,-33.4013484496459],[-70.51076856389058,-33.40135656381767],[-70.51075227784494,-33.4013691638627],[-70.51073754265929,-33.40138304214934],[-70.5107245002417,-33.40139806502269],[-70.51071327619823,-33.401414087804774],[-70.51070397862333,-33.40143095618795],[-70.51069669705859,-33.401448507720886],[-70.5106915016306,-33.40146657337297],[-70.51068844237545,-33.40148497916243],[-70.51068754875675,-33.40150354783151],[-70.51068882938193,-33.401522100553805],[-70.51069227191924,-33.40154045865634],[-70.51069784321645,-33.40155844534033],[-70.51070548962014,-33.40157588738388],[-70.51071513749226,-33.40159261681018],[-70.51072669391935,-33.401608472505224],[-70.51074004760731,-33.40162330176948],[-70.51075506995313,-33.401636961788455],[-70.51077161628349,-33.40164932100815],[-70.51078952724798,-33.40166026040194],[-70.51080863035375,-33.40166967461695],[-70.51082874162672,-33.401677472988666],[-70.51084966738344,-33.401683580414094],[-70.51087120609628,-33.40168793807508],[-70.51099056857652,-33.40170694355265],[-70.51108626660411,-33.40175492987195],[-70.51105552660397,-33.401832705531355],[-70.51103697980258,-33.40185658853345],[-70.51093920643999,-33.40180440838705],[-70.51074657877018,-33.40170148559792],[-70.5104363121116,-33.401535171221326],[-70.51045705940345,-33.40151444090042],[-70.5104610959704,-33.401509980253806],[-70.51046533699596,-33.40150565512616],[-70.51046778981757,-33.40150258315319],[-70.51047045483219,-33.40149963815256],[-70.51047395068802,-33.401494867129266],[-70.51047766585475,-33.40149021416333],[-70.51047974787281,-33.40148695533038],[-70.5104820559001,-33.40148380541348],[-70.51048497737798,-33.401478769961244],[-70.510488130907,-33.40147383396778],[-70.51048982207067,-33.401470419659255],[-70.51049175088322,-33.40146709516157],[-70.51049406984801,-33.4014618437747],[-70.51049663136935,-33.401456672290145],[-70.51049791539201,-33.40145313538778],[-70.51049944641449,-33.40144966832614],[-70.51050114053358,-33.401444251578454],[-70.51050308537869,-33.401438894407136],[-70.5105039498947,-33.401435268973316],[-70.51050506838277,-33.40143169273748],[-70.51050612134124,-33.40142616279531],[-70.51050743078056,-33.40142067152982],[-70.51050786746443,-33.40141699247952],[-70.51050856264666,-33.4014133415106],[-70.51050896430436,-33.401407751630316],[-70.51050962572766,-33.40140217915458],[-70.51052940611748,-33.40107157369298],[-70.51052942947116,-33.401052989910795],[-70.51052728101762,-33.401034493694546],[-70.51052298144899,-33.40101626317274],[-70.5105165721737,-33.400998473915045],[-70.51050811491773,-33.400981297241366],[-70.51049769113,-33.400964898572006],[-70.51048540119804,-33.40094943583466],[-70.51047136348109,-33.40093505794337],[-70.51045571317027,-33.40092190336454],[-70.5104386009866,-33.400910098783385],[-70.51042019172941,-33.400899757883906],[-70.51040066268938,-33.40089098025409],[-70.510380201941,-33.400883850426894],[-70.5103590065315,-33.400878437066034],[-70.51033728058304,-33.40087479230488],[-70.51031523332712,-33.40087295124429],[-70.5102930770895,-33.40087293161457],[-70.51027102524546,-33.40087473360485],[-70.51024929016494,-33.400878339861094],[-70.51022808116744,-33.40088371565334],[-70.51020760250604,-33.40089080921013],[-70.5101880514005,-33.40089955221708],[-70.51016961613796,-33.400909860474734],[-70.51015247425953,-33.400921634709476],[-70.51013679085067,-33.40093476152957],[-70.51012271695122,-33.40094911451711],[-70.51011038810083,-33.40096455544553],[-70.51009992303366,-33.4009809356108],[-70.51009142253481,-33.40099809726342],[-70.51008496846976,-33.401015875127655],[-70.51008062299583,-33.401034097993254],[-70.51007842796363,-33.40105259036422],[-70.51006244765333,-33.40131965908296],[-70.50993755827722,-33.40144444540667],[-70.50978472844801,-33.4015499023866],[-70.5097683294152,-33.40156239895081],[-70.50975346969688,-33.401576183540826],[-70.50974029240048,-33.401591123404074],[-70.50972892443104,-33.40160707466206],[-70.50971947526897,-33.40162388369591],[-70.5097120359158,-33.401641388625876],[-70.50970667801768,-33.40165942087023],[-70.5097034531753,-33.40167780676885],[-70.50970239244705,-33.40169636925559],[-70.50970350604966,-33.401714929563575],[-70.5097067832599,-33.401733308946824],[-70.5097121925178,-33.40175133040159],[-70.5097196817304,-33.40176882037114],[-70.50972917877354,-33.40178561041708],[-70.50974059218635,-33.40180153884163],[-70.50975381205201,-33.40181645224485],[-70.50976871105637,-33.40183020700195],[-70.50978514571395,-33.4018426706465],[-70.50980295774981,-33.40185372314626],[-70.50982197562388,-33.40186325805904],[-70.50984201618294,-33.401871183557965],[-70.50986288642453,-33.40187742331571],[-70.5098843853557,-33.401881917239706],[-70.50990630592877,-33.40188462205073],[-70.50992843703527,-33.401885511699845],[-70.50995056553923,-33.401884577619256],[-70.5099724783296,-33.40188182880475],[-70.509993964373,-33.40187729172912],[-70.51001481674584,-33.401871010087184],[-70.51003483462735,-33.401863044374984],[-70.51005382523354,-33.40185347130718],[-70.5100716056739,-33.40184238307812],[-70.51011502232073,-33.401812424313356],[-70.51050355461828,-33.40202069243094],[-70.51050369789581,-33.40202076117078],[-70.51050383258978,-33.40202084119375],[-70.51069665006555,-33.402123865518156],[-70.51069670193077,-33.402123890317014],[-70.51069675066655,-33.402123919238825],[-70.51074528836463,-33.40214982311293],[-70.51074529698485,-33.4021510627841],[-70.51074759727254,-33.40216954614793],[-70.51075204647381,-33.40218775139851],[-70.51075860174167,-33.40220550320905],[-70.51076719994643,-33.402222630619605],[-70.51077775828358,-33.40223896868334],[-70.51079017507132,-33.40225436005534],[-70.51080433072966,-33.40226865650769],[-70.51082008893204,-33.402281720357166],[-70.51083729791834,-33.402293425791235],[-70.51085579195627,-33.40230366007954],[-70.51087539293754,-33.40231232465986],[-70.51089591209316,-33.40231933608702],[-70.51091715181146,-33.402324626836844],[-70.51093890754112,-33.40232814595619],[-70.51096096976126,-33.40232985955384],[-70.5109831259993,-33.402329751126885],[-70.51100516287717,-33.402327821719545],[-70.51102686816633,-33.40232408991323],[-70.51104803283175,-33.40231859164755],[-70.51106061971163,-33.40231414636025],[-70.51124003421816,-33.40240770309196],[-70.51149210791196,-33.402548818970104],[-70.51150286038194,-33.40255447852301],[-70.51158401094408,-33.402594570192335],[-70.51188000414552,-33.402753676441456],[-70.51188903433636,-33.40275828397331],[-70.51203873631452,-33.402830695887445],[-70.5120343751838,-33.402837711983814],[-70.51202610725306,-33.40285495342647],[-70.51201989400404,-33.40287279156182],[-70.51201579527486,-33.402891054599124],[-70.51201385053987,-33.40290956665555],[-70.5120140785293,-33.40292814944991],[-70.51201647704885,-33.402946624019734],[-70.51202102300081,-33.402964812444594],[-70.51202767260642,-33.40298253955979],[-70.51203636182747,-33.40299963464312],[-70.51204700698293,-33.40301593305921],[-70.5120595055548,-33.4030312778448],[-70.51207373717554,-33.403045521220754],[-70.51208956478699,-33.40305852601498],[-70.51210683596054,-33.40307016698363],[-70.51212538436504,-33.403080332017254],[-70.51214503136856,-33.40308892322051],[-70.51216558775893,-33.40309585785498],[-70.51218685556582,-33.40310106913597],[-70.51220862996745,-33.403104506875714],[-70.51262740618348,-33.40315291923006],[-70.51264934768173,-33.40315454598888],[-70.51267137375606,-33.403154371713356],[-70.51269327475922,-33.403152398062296],[-70.51271484223446,-33.403148643821226],[-70.51273587089969,-33.403143144723536],[-70.51275616060133,-33.40313595311045],[-70.51277551821953,-33.40312713743271],[-70.51279375950625,-33.40311678159909],[-70.51281071083912,-33.40310498417778],[-70.51282621087378,-33.403091857458094],[-70.51283700071762,-33.40308073395783],[-70.51284376558004,-33.40308506046529],[-70.5128524034111,-33.40309058671986],[-70.51285241890824,-33.40309059475095],[-70.51285243389002,-33.40309060433263],[-70.51286199335973,-33.40309555653189],[-70.5128712524947,-33.40310035490462],[-70.51287126888599,-33.403100361635445],[-70.5128712848843,-33.40310036992322],[-70.5128813574704,-33.40310450434582],[-70.5128911523529,-33.4031085264512],[-70.51289116948612,-33.403108531812784],[-70.51289118634084,-33.40310853873101],[-70.51290167177443,-33.40311181834609],[-70.5129119113383,-33.40311502266263],[-70.51291192905327,-33.40311502659823],[-70.51291194659682,-33.403115032085466],[-70.51292274111559,-33.403117428631056],[-70.51293332952943,-33.40311978097657],[-70.51293334765961,-33.403119783442364],[-70.51293336571852,-33.40311978745172],[-70.51294436310476,-33.40312128160272],[-70.51295520065622,-33.40312275556754],[-70.51295521903003,-33.403122756533236],[-70.51295523742691,-33.40312275903271],[-70.51296633017125,-33.403123340504706],[-70.51297731408638,-33.40312391778854],[-70.51297733252873,-33.403123917237714],[-70.51297735108416,-33.40312391821037],[-70.5130288333692,-33.40312449377515],[-70.51302939147223,-33.403124718302806],[-70.51305021206774,-33.40313107430128],[-70.51307167518675,-33.403135688012675],[-70.51309357412644,-33.403138515004215],[-70.51311569798678,-33.40313952805026],[-70.51313783370146,-33.40313871739465],[-70.5131597680901,-33.40313609084446],[-70.51318128991123,-33.40313167369504],[-70.51320219189675,-33.403125508486255],[-70.51322227274804,-33.40311765459281],[-70.5132413390747,-33.403108187652464],[-70.51325920725692,-33.40309719883757],[-70.51327570521401,-33.40308479397693],[-70.5132906740615,-33.40307109253675],[-70.51330396964136,-33.40305622646993],[-70.51331546391033,-33.403040338945374],[-70.513325046173,-33.403023582969105],[-70.51333262414782,-33.403006119910756],[-70.51333812485589,-33.40298811794947],[-70.51334149532359,-33.40296975045422],[-70.51334270309279,-33.40295119431418],[-70.5133417365334,-33.402932628235085],[-70.51333860495532,-33.4029142310184],[-70.51333550117943,-33.4029035925519],[-70.5133413645681,-33.40290108293782],[-70.51336028086327,-33.402890879521976],[-70.51337789299811,-33.40287914823962],[-70.51339402621124,-33.40286600549805],[-70.5134085204166,-33.402851581710244],[-70.51342123179184,-33.40283602000066],[-70.51343203420555,-33.40281947478502],[-70.51355161799692,-33.40261246394509],[-70.51355571042401,-33.40260439252885],[-70.51355985579558,-33.40259634014157],[-70.51366604503704,-33.40235864763748],[-70.51366615634088,-33.40235835562483],[-70.5136663001477,-33.402358073777194],[-70.51366952958166,-33.40234950571221],[-70.51367279203657,-33.40234094645168],[-70.51367286867938,-33.4023406466947],[-70.51367297885658,-33.40234035438164],[-70.51374566427864,-33.402108483740676],[-70.51374627418774,-33.40210606011105],[-70.51374709047184,-33.40210367958189],[-70.51374856101367,-33.40209697282275],[-70.51375024008564,-33.402090300599255],[-70.51375056382957,-33.40208783849834],[-70.51375109799149,-33.40208540232392],[-70.51378617745418,-33.40186512568819],[-70.51378655414194,-33.40186135970359],[-70.51378719169749,-33.40185761851331],[-70.51378747975852,-33.401852105731116],[-70.5137880297645,-33.40184660697404],[-70.51378796454239,-33.401842828155424],[-70.51378816182938,-33.40183905256527],[-70.51378683177786,-33.40162808347794],[-70.51378732852002,-33.40143253216804],[-70.51378736232122,-33.401429069480365],[-70.51378645637844,-33.401410501249835],[-70.51378338491199,-33.401392096909994],[-70.51377817750308,-33.401374033704535],[-70.5137708843031,-33.40135648559171],[-70.51376157555065,-33.40133962156902],[-70.5137503408949,-33.40132360404581],[-70.51373728853241,-33.401308587279026],[-70.51372254416492,-33.40129471588777],[-70.51370624978888,-33.40128212346058],[-70.51368856232784,-33.40127093126886],[-70.51366965212137,-33.40126124709897],[-70.51364970128435,-33.40125316421428],[-70.51362890195335,-33.40124676045696],[-70.51360745443625,-33.40124209749833],[-70.51358556528315,-33.401239220245024],[-70.51356344529717,-33.4012381564064],[-70.51354130750452,-33.401238916227804],[-70.51351936510288,-33.40124149239181],[-70.51349782940825,-33.40124586008876],[-70.51347690781989,-33.4012519772556],[-70.51345680182314,-33.401259784981114],[-70.51343770504884,-33.40126920807303],[-70.51341980140876,-33.40128015578241],[-70.51340326332435,-33.401292522677345],[-70.5133882500663,-33.40130618965842],[-70.51337490622062,-33.401321025105815],[-70.51336336029631,-33.40133688614647],[-70.51335372348755,-33.401353620030456],[-70.51334608860304,-33.40137106560173],[-70.51334052917193,-33.40138905485025],[-70.51333709873582,-33.40140741452997],[-70.51333583033302,-33.40142596782724],[-70.51333579091306,-33.401430003975065],[-70.51333581889627,-33.4014305775803],[-70.5133357838525,-33.40143115091255],[-70.5133352828506,-33.4016279781337],[-70.51333532219641,-33.401628680486205],[-70.51333528548732,-33.40162938293911],[-70.5133365363874,-33.40182796035284],[-70.51330538332823,-33.402023575349794],[-70.51323918364328,-33.402234752714186],[-70.51314068700998,-33.40245522376898],[-70.51307922789842,-33.40256161453671],[-70.51299450861482,-33.40257040367959],[-70.51299353713922,-33.40257039142265],[-70.51298900902552,-33.40257011363531],[-70.51298439478137,-33.40257021104081],[-70.5129797814595,-33.402570086641674],[-70.51297892001165,-33.40257013442468],[-70.51297805694105,-33.40257011668668]]]}},{"type":"Feature","properties":{"numpos":"80178","TIPO":"TRAFO","TENSION":"MT","INCIDENCIA":"DF202671832496","CLITOTAL":"19","CANTAVISOS":"","FECHA_INICIO":"10-10-2026 18:45","FECHA_FIN":"","DESCARGO":"","ESTADODESC":" ","ESTADOINC":"Activo","CLI_PLAN":"0","FECHA_INIDESC":"","FECHA_FINDESC":"","FECHA_REPOSICION":"10-10-2026 22:04","id_alim":"1026"},"geometry":{"type":"Polygon","coordinates":[[[-70.52311270159571,-33.402356661425415],[-70.5231254163365,-33.40234144222582],[-70.52313629131022,-33.40232525101162],[-70.52314522178574,-33.40230824371353],[-70.52315212175864,-33.4022905841215],[-70.52315345435362,-33.40228555068788],[-70.52315970917742,-33.40226819003228],[-70.52316400866863,-33.40224995956851],[-70.52316615701909,-33.402231463421224],[-70.52316613354037,-33.402212879718505],[-70.52316393845999,-33.40219438743149],[-70.5231635356472,-33.40219269825909],[-70.52322490798444,-33.40196544658075],[-70.52322873654862,-33.401947142413334],[-70.52323040763433,-33.40192861163186],[-70.52322990514944,-33.401910032697955],[-70.52322723393455,-33.401891584536834],[-70.52322496447887,-33.40188303334765],[-70.52324206120656,-33.40181314195982],[-70.52324245104704,-33.40181151198449],[-70.5232427385038,-33.40181028211961],[-70.52324550920834,-33.40179525411274],[-70.5232468333608,-33.40178008809326],[-70.52325515263395,-33.40156832788295],[-70.52325479487344,-33.401549746591215],[-70.52325226741951,-33.40153128418569],[-70.52324759461429,-33.40151311846924],[-70.5232408214607,-33.40149542438739],[-70.52323201318897,-33.40147837234347],[-70.52322125462852,-33.401462126557526],[-70.52320864939084,-33.40144684348482],[-70.52319431887169,-33.40143267030922],[-70.52317840108202,-33.401419743525494],[-70.52316104931872,-33.40140818762516],[-70.52314243068842,-33.40139811389723],[-70.52312272449808,-33.40138961935675],[-70.52310212052825,-33.40138278581031],[-70.5230808172054,-33.40137767906837],[-70.52305901969095,-33.40137434831138],[-70.52303693790556,-33.40137282561614],[-70.52301478450755,-33.401373125647034],[-70.52299277284486,-33.401375245514615],[-70.5229711149005,-33.40137916480361],[-70.52295001925106,-33.40138484576936],[-70.52292968905809,-33.40139223370145],[-70.52291032011156,-33.40140125745047],[-70.52289209894431,-33.40141183011332],[-70.52287520103569,-33.40142384987],[-70.52285978912164,-33.401437200964295],[-70.5228460116274,-33.40145175481839],[-70.52283400123811,-33.40146737127129],[-70.52282387362102,-33.40148389992853],[-70.52281572631145,-33.401501181610506],[-70.52280963777348,-33.40151904988558],[-70.5228056666443,-33.40153733267274],[-70.52280385116931,-33.40155585389894],[-70.5227958963148,-33.401752684389855],[-70.52276410408314,-33.40188264812819],[-70.52276389438089,-33.40188378660088],[-70.5227635128656,-33.40188510454285],[-70.52269756823094,-33.402174100213315],[-70.52269655528345,-33.40217763536708],[-70.52269516253087,-33.4021813778427],[-70.52269383538271,-33.402185675046525],[-70.52269224725083,-33.40218990951345],[-70.52261511121762,-33.40243740876367],[-70.52261433113712,-33.40244053056233],[-70.52261331271593,-33.40244360386454],[-70.52261205990693,-33.40244961978119],[-70.52261056623594,-33.402455597290796],[-70.52261015468109,-33.4024587685644],[-70.52260950039201,-33.40246191042199],[-70.52257073551151,-33.40272312181046],[-70.52257064014543,-33.402724189899274],[-70.52257043465022,-33.40272524702018],[-70.52254947676721,-33.402880789747265],[-70.5224200718723,-33.4029590269852],[-70.52206133573473,-33.402984501314435],[-70.52205905042888,-33.40298465915698],[-70.52203708429384,-33.40298709126818],[-70.5220155081519,-33.402991317520495],[-70.52199452979188,-33.402997297213126],[-70.52197435124582,-33.40300497275873],[-70.52195516684323,-33.40301427023806],[-70.52193716133976,-33.403025100111854],[-70.52192050813788,-33.40303735808299],[-70.52190536761687,-33.40305092610113],[-70.52189188558835,-33.40306567349943],[-70.52188019189204,-33.40308145825287],[-70.52187039914529,-33.403098128346166],[-70.52186260165847,-33.40311552323764],[-70.52185687452673,-33.40313347540532],[-70.5218532729067,-33.4031518119603],[-70.52185183148524,-33.40317035631162],[-70.52185256414545,-33.40318892986711],[-70.52185546383276,-33.4032073537532],[-70.52186050262294,-33.40322545053762],[-70.52186763199089,-33.40324304593812],[-70.52187678327797,-33.403259970501026],[-70.52188786835316,-33.40327606123309],[-70.52190078046179,-33.40329116317122],[-70.52191539525357,-33.40330513087495],[-70.52193157198023,-33.40331782982713],[-70.52194915485087,-33.40332913772928],[-70.52196797453246,-33.403338945679614],[-70.52198784978053,-33.4033471592217],[-70.52200858918467,-33.40335369925422],[-70.52202999301203,-33.40335850279272],[-70.52205185513081,-33.40336152357627],[-70.52207396499557,-33.403362732512896],[-70.52209610967479,-33.40336211795985],[-70.52209865360555,-33.40336194225417],[-70.5220991707852,-33.40336190603135],[-70.52252044804382,-33.403331990416376],[-70.52252605811559,-33.40333135823614],[-70.52253149935444,-33.40333097116638],[-70.52253683746225,-33.40333014354692],[-70.52254240752471,-33.40332951587444],[-70.5225479098925,-33.403328426878105],[-70.52255328703258,-33.40332759320631],[-70.52255850984359,-33.40332632899722],[-70.52256397208077,-33.403325247942504],[-70.52256931320711,-33.40332371398504],[-70.52257457503674,-33.4033224403305],[-70.52257963265579,-33.403320750265614],[-70.5225849340323,-33.40331922772335],[-70.52259006222218,-33.40331726509841],[-70.52259515835071,-33.4033155621643],[-70.52260000216918,-33.40331346095058],[-70.52260509150318,-33.40331151319541],[-70.522609957432,-33.403309142428064],[-70.52261483874491,-33.403307024948646],[-70.52261942188508,-33.40330453117674],[-70.52262425036507,-33.403302178654215],[-70.52262880757145,-33.403299424249084],[-70.52263342668567,-33.40329691090207],[-70.52288988741824,-33.40314185628025],[-70.52289472940822,-33.40313892874461],[-70.52290041049626,-33.40313512508971],[-70.52290624150719,-33.40313148453638],[-70.52290906389182,-33.403129331386715],[-70.52291204562073,-33.40312733503113],[-70.52291725484648,-33.40312308264454],[-70.52292263233365,-33.40311898024885],[-70.52292518950443,-33.403116605436395],[-70.52292792357552,-33.40311437356324],[-70.52293261077119,-33.403109713397996],[-70.52293748294653,-33.403105188668384],[-70.52293975027649,-33.403102615064014],[-70.52294221035919,-33.4031001691675],[-70.52294633038473,-33.40309514610366],[-70.5229506503265,-33.403090242616],[-70.52295260598008,-33.40308749500503],[-70.5229547683825,-33.4030848586406],[-70.52295828155992,-33.4030795210532],[-70.52296200766492,-33.4030742860309],[-70.52296363280824,-33.403071390874445],[-70.52296547670537,-33.40306858943177],[-70.52296834920107,-33.403062988724905],[-70.52297144558511,-33.403057472584244],[-70.5229727245673,-33.403054457764235],[-70.52297423220153,-33.40305151822287],[-70.52297643635214,-33.40304570833452],[-70.5229788731957,-33.40303996419906],[-70.5229797936996,-33.40303685875],[-70.5229809505518,-33.40303380941936],[-70.52298246513054,-33.40302784630198],[-70.52298421896577,-33.40302192949107],[-70.5229847721267,-33.40301876332013],[-70.52298556705591,-33.40301563356699],[-70.52298637747695,-33.403009574648756],[-70.52298743141395,-33.403003542144525],[-70.52298782387128,-33.40300013857012],[-70.52301898786395,-33.40276884066768],[-70.52305195374876,-33.402546697313916],[-70.52305779702152,-33.402531041896424],[-70.52311146332119,-33.402357871262275],[-70.52311270159571,-33.402356661425415]]]}},{"type":"Feature","properties":{"numpos":"3346","TIPO":"DESCARGO","TENSION":"MT","INCIDENCIA":"DF202671818946","CLITOTAL":"446","CANTAVISOS":"","FECHA_INICIO":"","FECHA_FIN":"","DESCARGO":"DF202671818946(TP20267213818091)","ESTADODESC":"789","ESTADOINC":" ","CLI_PLAN":"1","FECHA_INIDESC":"13-10-2026 09:30","FECHA_FINDESC":"13-10-2026 15:30","FECHA_REPOSICION":"13-10-2026 15:30","id_alim":"1212"},"geometry":{"type":"Polygon","coordinates":[[[-70.67401068130494,-33.48483323203517],[-70.67402556845137,-33.48484700502814],[-70.6740419949946,-33.484859488977236],[-70.6740598027378,-33.48487056365459],[-70.67407882018227,-33.484880122404476],[-70.6740988641789,-33.48488807317044],[-70.67411974169214,-33.484894339381846],[-70.674141251659,-33.48489886069132],[-70.67416318692548,-33.484901593555904],[-70.67418533624168,-33.484902511656564],[-70.67420748629613,-33.48490160615141],[-70.67422942377036,-33.4848988857611],[-70.67425093739315,-33.48489437668466],[-70.6742718199754,-33.484888122347265],[-70.67429187040537,-33.48488018298202],[-70.6743108955856,-33.4848706350498],[-70.67432871229258,-33.48485957050296],[-70.67434514894137,-33.4848470958997],[-70.67436004723793,-33.484833331377814],[-70.67437326370374,-33.48481840949776],[-70.67438467105745,-33.484802473965935],[-70.67439415944068,-33.48478567825072],[-70.67440163747608,-33.48476818410442],[-70.67440570538423,-33.48475696084228],[-70.67440612939492,-33.484755544445505],[-70.67440669169306,-33.4847541622693],[-70.67440882636922,-33.484746535271185],[-70.67441110105388,-33.48473893674327],[-70.67441135734173,-33.48473749234168],[-70.67441175525398,-33.48473607063794],[-70.67441298749334,-33.48472830503915],[-70.67441436239744,-33.48472055627398],[-70.67441444849435,-33.48471909777791],[-70.67441467818875,-33.48471765023841],[-70.67441499612475,-33.48470982082586],[-70.67441545800776,-33.4847019964484],[-70.67441537308468,-33.48470053790402],[-70.67441543234925,-33.484699078469404],[-70.6744148329206,-33.484691260644624],[-70.6744143773349,-33.48468343600791],[-70.6744141222098,-33.48468199146177],[-70.67441401047388,-33.48468053418715],[-70.67441249945398,-33.48467280324003],[-70.6744111307877,-33.484665053699544],[-70.67441070791769,-33.484663637063406],[-70.67441042625747,-33.484662195983134],[-70.6744080181988,-33.48465462636683],[-70.67440574963351,-33.48464702655476],[-70.67440516309114,-33.48464565147162],[-70.67440471421925,-33.48464424046405],[-70.67440143231325,-33.48463690507792],[-70.67439828569697,-33.48462952818458],[-70.67439754113106,-33.484628207897174],[-70.6743969293705,-33.484626840551044],[-70.67426143102723,-33.48436400654484],[-70.67425793876924,-33.48435566168911],[-70.67412162018468,-33.48407501170403],[-70.67408498476617,-33.48393836530559],[-70.67408666462094,-33.48390256947894],[-70.67408965720671,-33.48390169024664],[-70.67411828828685,-33.48392943071958],[-70.67432885019319,-33.48421732146328],[-70.6743293040603,-33.48421793935032],[-70.6743305831857,-33.48421967327963],[-70.67438561926421,-33.48434291028757],[-70.67438561926423,-33.48434291028759],[-70.6743880132941,-33.484348271000385],[-70.67439017000824,-33.48435246141825],[-70.6743921198903,-33.4843568241461],[-70.67439454496026,-33.484360961790955],[-70.67439679539292,-33.48436533429908],[-70.67439842544374,-33.484367803090926],[-70.67449197900297,-33.48455470413903],[-70.67450154968931,-33.48457146702361],[-70.6745130351044,-33.484587363120724],[-70.67452632463798,-33.48460223934172],[-70.67454129030497,-33.48461595241992],[-70.67455778797786,-33.484628370290295],[-70.67457565877484,-33.4846393733614],[-70.67459473058993,-33.4846488556671],[-70.67461481975037,-33.48465672588717],[-70.67463573278569,-33.484662908226596],[-70.67465726829076,-33.48466734314581],[-70.67467921886565,-33.48466998793387],[-70.67470137311301,-33.48467081711988],[-70.6747235176739,-33.48466982271833],[-70.67474543928273,-33.48466701430598],[-70.67476692682114,-33.48466241892955],[-70.67478777335116,-33.48465608084537],[-70.67480777810829,-33.48464806109304],[-70.67482674843494,-33.484638436907616],[-70.67484450163593,-33.48462730097584],[-70.67486086673784,-33.48461476054334],[-70.67487568613575,-33.48460093638194],[-70.67488881711097,-33.484585961626415],[-70.67490013320547,-33.484569980492424],[-70.67490952543976,-33.484553146887464],[-70.67491690336249,-33.484535622928775],[-70.67492219592128,-33.484517577381986],[-70.67492535214718,-33.484499184035826],[-70.67492634164536,-33.484480620028364],[-70.67492515488777,-33.484462064141155],[-70.67492180330495,-33.484443695077445],[-70.67491631917575,-33.484425689741144],[-70.67490875531657,-33.48440822153315],[-70.67482186921555,-33.484234642373096],[-70.67482139905208,-33.48423306956581],[-70.67483270684212,-33.4842293197478],[-70.67491734734062,-33.48441777974453],[-70.67492092884758,-33.48443361812027],[-70.67492717319578,-33.48445144875663],[-70.67493547318455,-33.48446868066566],[-70.67494574888141,-33.48448514789424],[-70.6749579013266,-33.48450069185348],[-70.67497181348584,-33.48451516284599],[-70.67498735137777,-33.48452842150761],[-70.6750043653639,-33.48454034014966],[-70.67502269158997,-33.48455080398849],[-70.67504215356387,-33.48455971225113],[-70.67506256385533,-33.48456697914566],[-70.6750837259011,-33.48457253468754],[-70.67510543589793,-33.48457632537357],[-70.67512748476541,-33.484578314697174],[-70.67514966015952,-33.48457848350004],[-70.67517174851767,-33.48457683015647],[-70.67519353711556,-33.48457337058926],[-70.67521481611583,-33.48456813811617],[-70.67523538058889,-33.48456118312911],[-70.6752550324867,-33.48455257260885],[-70.67527358254996,-33.484542389479884],[-70.67529085213096,-33.48453073181188],[-70.6753066749139,-33.48451771187513],[-70.67532089851674,-33.48450345505929],[-70.67533338595878,-33.48448809866586],[-70.67534401697962,-33.484471790585815],[-70.67535268919755,-33.48445468787534],[-70.67535931909535,-33.484436955243304],[-70.67536384282462,-33.48441876346489],[-70.67536621682075,-33.48440028773707],[-70.67536655340547,-33.48439544460817],[-70.67537517026787,-33.484401473133815],[-70.6753935043727,-33.48441192723707],[-70.67541297304662,-33.48442082516148],[-70.67543338879487,-33.48442808121466],[-70.67545455500162,-33.484433625516516],[-70.67547626782356,-33.484437404672086],[-70.67549831815305,-33.48443938228582],[-70.675520493632,-33.48443953931216],[-70.67554258069704,-33.48443787423891],[-70.6755643666363,-33.48443440310173],[-70.67558564163798,-33.48442915932985],[-70.67560620081106,-33.48442219342402],[-70.67562584615852,-33.484413572470125],[-70.67564438848416,-33.484403379493166],[-70.67566164921473,-33.484391712657626],[-70.67567746211975,-33.48437868432208],[-70.67569167491227,-33.484364419957124],[-70.67570415071569,-33.48434905693689],[-70.67571476938171,-33.484332743216235],[-70.67572342864761,-33.484315635905645],[-70.6757300451209,-33.484297899758246],[-70.67573455508251,-33.484279705583134],[-70.67573691510033,-33.484261228600346],[-70.67573710244747,-33.484242646753415],[-70.6757119847888,-33.483725021109215],[-70.67571196432702,-33.48372502180639],[-70.67571196963507,-33.48372313903624],[-70.67570984814189,-33.483704641753],[-70.67570557319905,-33.48368640778518],[-70.67569918597783,-33.48366861273562],[-70.6756907479918,-33.48365142797998],[-70.67568034050431,-33.483635019016454],[-70.67566806374592,-33.48361954387184],[-70.675654035949,-33.48360515157967],[-70.67563839220912,-33.48359198074502],[-70.67562128318401,-33.48358015820965],[-70.67560287364263,-33.483569797830505],[-70.67558334087835,-33.48356099938315],[-70.67556287300155,-33.48355384760102],[-70.67554166712807,-33.48354841135928],[-70.67551992748086,-33.483544743011656],[-70.67551788899742,-33.48354457069412],[-70.67551774734603,-33.483544547891036],[-70.6755163111432,-33.48354443731459],[-70.67549786342335,-33.48354287788613],[-70.67549600908244,-33.48354287421193],[-70.67549566432204,-33.48354284766801],[-70.67549220266439,-33.48354286666981],[-70.67547568744305,-33.48354283394482],[-70.67547404330348,-33.48354296634898],[-70.67547348875551,-33.48354296939293],[-70.67546797416774,-33.483543455102215],[-70.67545361310543,-33.48354461161095],[-70.67545219728099,-33.48354484468439],[-70.67545143420786,-33.483544911893595],[-70.67544391969155,-33.48354620734336],[-70.67543185299705,-33.48354819376476],[-70.67543067523954,-33.483548490592554],[-70.67542971307508,-33.483548656462794],[-70.67542033285096,-33.483551097162895],[-70.67541061667838,-33.48355354590843],[-70.6754096782763,-33.48355386944334],[-70.67540853454233,-33.483554167038555],[-70.67539750163566,-33.48355806760922],[-70.67539010866567,-33.483560616498195],[-70.67538940266301,-33.483560930916866],[-70.67538810256933,-33.48356139055141],[-70.67537570328994,-33.48356703193864],[-70.67537052646132,-33.48356933744093],[-70.67537003818354,-33.48356960943124],[-70.6753686139262,-33.48357025743539],[-70.67535519944418,-33.48357787520303],[-70.67535205865194,-33.4835796247496],[-70.67535176651661,-33.48357982468111],[-70.67535025629851,-33.483580682298076],[-70.67533623160548,-33.48359045645758],[-70.67533488309213,-33.483591379352404],[-70.67533475967139,-33.48359148228507],[-70.67533320647983,-33.48359256474286],[-70.67525655955886,-33.48365154701547],[-70.67505295467471,-33.48372785039099],[-70.6750474543148,-33.4837301895319],[-70.67504183753846,-33.483732325610085],[-70.67486857700459,-33.48380701468197],[-70.67462290874462,-33.48388839699535],[-70.67449576954202,-33.483715334401346],[-70.67449222816215,-33.483711005120945],[-70.67448891078163,-33.4837065529928],[-70.67448596291143,-33.48370334595054],[-70.67448323161085,-33.483700006978],[-70.67447920087976,-33.48369598941056],[-70.67447537869967,-33.48369183118907],[-70.67433477834619,-33.483553481226494],[-70.67433304406914,-33.48355193528092],[-70.67433145444276,-33.48355028375048],[-70.67432545283712,-33.48354516840759],[-70.67431958943511,-33.48353994173204],[-70.67431768267744,-33.48353854567332],[-70.67431590752334,-33.483537032657374],[-70.67430933646732,-33.48353243488053],[-70.67430288992682,-33.48352771495606],[-70.67430082905156,-33.483526482228925],[-70.67429888546549,-33.483525122298616],[-70.67429180824185,-33.48352108636677],[-70.67428484064645,-33.48351691864859],[-70.67428264550092,-33.483515861124765],[-70.67428055220061,-33.48351466737692],[-70.67427303696682,-33.48351123215815],[-70.67426561541795,-33.48350765678341],[-70.67426330714252,-33.4835067846474],[-70.67426108428754,-33.48350576857837],[-70.67425320341903,-33.483502967155516],[-70.67424539939002,-33.483500018556875],[-70.67424300021453,-33.48349934020777],[-70.67424066921211,-33.483498511602825],[-70.67423249860552,-33.48349637095494],[-70.67422438725312,-33.48349407752887],[-70.67422192028289,-33.483493599499525],[-70.67421950358165,-33.483492966338524],[-70.67421112192395,-33.48349150708112],[-70.67420278136447,-33.48348989091442],[-70.67420027035756,-33.4834896178085],[-70.67419779123159,-33.483489186189125],[-70.67418927924221,-33.483488422375544],[-70.67418078979931,-33.483487499032755],[-70.67417825893797,-33.48348743348036],[-70.67417574126243,-33.48348720755931],[-70.67416718091606,-33.48348714654552],[-70.6741586243471,-33.483486924918836],[-70.6741560980047,-33.48348706755131],[-70.67415356602606,-33.48348704950432],[-70.6741450397631,-33.48348769187788],[-70.67413649847187,-33.48348817410173],[-70.6741340009783,-33.483488523545425],[-70.67413147908077,-33.48348871354631],[-70.67412306901304,-33.4834900531209],[-70.67411462525651,-33.483491234551245],[-70.67411218066393,-33.48349178744087],[-70.67411205485953,-33.48349180747925],[-70.67401301995197,-33.48330075418251],[-70.67390497095997,-33.4830901570701],[-70.6737933108377,-33.482862567701865],[-70.67364139062829,-33.482544180013456],[-70.67357231393586,-33.48239867680695],[-70.6735009955756,-33.48224715241335],[-70.6735002959441,-33.482245856213936],[-70.67349972722006,-33.48224451579517],[-70.67331456561277,-33.4818677858325],[-70.67331378541944,-33.48186639630501],[-70.67331314361415,-33.481864957913544],[-70.67322449088002,-33.481692571548855],[-70.67322677792252,-33.481688788895745],[-70.67323581752606,-33.48167182037055],[-70.67324282880072,-33.481654191079],[-70.67324774422522,-33.481636070801166],[-70.67325051646263,-33.48161763404542],[-70.67325111881613,-33.48159905836786],[-70.67324954548613,-33.48158052266243],[-70.673245811626,-33.48156220543801],[-70.67323995319617,-33.48154428309922],[-70.67323202661768,-33.48152692824766],[-70.67322210822881,-33.48151030801962],[-70.6732102935499,-33.48149458247648],[-70.67319669636328,-33.48147990306332],[-70.67318144761755,-33.48146641115032],[-70.67316469416656,-33.481454236671425],[-70.67314659735493,-33.48144349687292],[-70.67312733146433,-33.48143429518446],[-70.67310708203507,-33.48142672022279],[-70.67308604407927,-33.48142084493861],[-70.67306442020279,-33.481416725913775],[-70.6730424186541,-33.481414402816526],[-70.6730202513188,-33.481413898019476],[-70.67299813167907,-33.4814152163841],[-70.67297627275772,-33.48141834521394],[-70.67295488506686,-33.48142325437692],[-70.67293417458045,-33.48142989659542],[-70.67291434075082,-33.48143820790167],[-70.67289557458778,-33.481448108253694],[-70.67287805681919,-33.48145950230628],[-70.67286195615044,-33.48147228032903],[-70.67284742763977,-33.48148631926315],[-70.67283461120489,-33.4815014839066],[-70.67282363027562,-33.48151762821611],[-70.67277483055275,-33.48159833979085],[-70.67277428199802,-33.48159913198816],[-70.67277049582985,-33.48160609400569],[-70.67276656789535,-33.48161299641947],[-70.67276590049852,-33.481614543913366],[-70.67276508609658,-33.48161604143768],[-70.67276213353786,-33.4816232783687],[-70.67275903079654,-33.48163047269667],[-70.67275854745263,-33.48163206811658],[-70.6727579123591,-33.48163362477545],[-70.6727558212489,-33.48164106675921],[-70.6727535741765,-33.48164848388575],[-70.67275327967198,-33.48165011189274],[-70.67275282987372,-33.481651712664615],[-70.67275161973562,-33.48165928794108],[-70.67275025058666,-33.48166685652934],[-70.67275014789166,-33.48166850145415],[-70.6727498875888,-33.481670130909144],[-70.67274956946076,-33.481677766511815],[-70.67274909203643,-33.48168541368898],[-70.67274918227214,-33.48168705968276],[-70.6727491138415,-33.4816887021314],[-70.67274969018756,-33.481696324588924],[-70.67275010968457,-33.48170397664908],[-70.67275039210877,-33.481705607836716],[-70.67275051608488,-33.48170724748032],[-70.6727519807888,-33.48171478351975],[-70.67275329373204,-33.48172236663809],[-70.67275376574246,-33.48172396727229],[-70.67275408081586,-33.481725588353974],[-70.6727564192561,-33.481732965599406],[-70.67275861351601,-33.48174040655018],[-70.67275927067223,-33.481741961164865],[-70.67275977370548,-33.48174354811947],[-70.67276296291014,-33.4817506957798],[-70.67276601780524,-33.481757922650786],[-70.67276685386861,-33.48175941621227],[-70.67276753992928,-33.48176095381415],[-70.67289737715787,-33.48201342651942],[-70.6730811940143,-33.48238742403282],[-70.67315201159434,-33.48253788597163],[-70.6731522568666,-33.48253840484445],[-70.67322152880159,-33.48268432076585],[-70.67322167456142,-33.48268462702038],[-70.67337407296493,-33.48300402005128],[-70.67337452919026,-33.4830048548433],[-70.6733748955937,-33.4830057201534],[-70.67348765741602,-33.48323555724782],[-70.6734884254776,-33.48323692740066],[-70.67348905669222,-33.483238345771426],[-70.67359798482326,-33.48345065834052],[-70.67359817088655,-33.48345097693177],[-70.67359832027081,-33.48345130880494],[-70.67368247595945,-33.48361365936431],[-70.67368148881279,-33.48361657636091],[-70.67362719630938,-33.48363615262523],[-70.67348816698927,-33.48335327402914],[-70.6734787262328,-33.48333645953172],[-70.67346736412082,-33.48332050140755],[-70.67345419007735,-33.48330555334148],[-70.67343933097594,-33.483291759291106],[-70.67342292991798,-33.483279252100026],[-70.6734051448544,-33.483268152218805],[-70.67338614706468,-33.48325856654477],[-70.67336611950721,-33.48325058739278],[-70.6733452550574,-33.483244291605985],[-70.67332375465018,-33.48323973981589],[-70.67330182534504,-33.48323697585854],[-70.67327967833178,-33.483236026352216],[-70.67325752689686,-33.48323690044113],[-70.67323558436938,-33.48323958970747],[-70.6732140620665,-33.48324406825231],[-70.6731931672586,-33.48325029294513],[-70.673173101173,-33.48325820383913],[-70.67315405705631,-33.483267724748536],[-70.6731362183131,-33.48327876398232],[-70.67311975673991,-33.4832912152272],[-70.67310483087056,-33.48330495857143],[-70.67309158444952,-33.4833198616597],[-70.67308014504754,-33.48333578096761],[-70.67307062283297,-33.48335256318405],[-70.67306310951089,-33.4833700466875],[-70.67305767743979,-33.48338806310261],[-70.67305437893471,-33.48340643892166],[-70.67305324576344,-33.48342499717564],[-70.67305428884039,-33.4834435591384],[-70.67305749812157,-33.483461946048],[-70.67306284270113,-33.48347998082825],[-70.67307027110908,-33.48349748979406],[-70.67320106706461,-33.48376361882967],[-70.67318950431768,-33.483765301154016],[-70.6731681321678,-33.48377025935482],[-70.67316344271369,-33.48377177564959],[-70.6730204276115,-33.483487202717974],[-70.67301795842017,-33.48348107915706],[-70.67301751819024,-33.48348026193831],[-70.67301716609656,-33.48347941525029],[-70.67301295724877,-33.48347179525574],[-70.67300883462231,-33.483464142235555],[-70.6730083009208,-33.483463365109735],[-70.67300785148407,-33.48346255141753],[-70.67300277158029,-33.483455313804356],[-70.67299777361951,-33.483448036242606],[-70.6729971515863,-33.48344730669378],[-70.67299660913491,-33.48344653383376],[-70.67299070709767,-33.48343974830379],[-70.67298488193597,-33.48343291628721],[-70.67298417756164,-33.4834322413414],[-70.6729835473197,-33.48343151675648],[-70.67297687998895,-33.48342524865781],[-70.67297028372609,-33.483418927982264],[-70.6729695037941,-33.48341831413948],[-70.67296879183121,-33.48341764480786],[-70.67296142341705,-33.48341195450539],[-70.67295411957866,-33.48340620604223],[-70.67295327160025,-33.4834056592141],[-70.67295248477295,-33.483405051581755],[-70.67294448623709,-33.48339999387593],[-70.67293654516317,-33.48339487298574],[-70.67293563730478,-33.48339439843848],[-70.67293478319071,-33.4833938583572],[-70.67292623156335,-33.483389481956344],[-70.67291772973043,-33.483385037955806],[-70.67291677073521,-33.48338464025953],[-70.67291585755989,-33.48338417293061],[-70.67290683519751,-33.483380519981566],[-70.67289785448268,-33.48337679566861],[-70.67289685358625,-33.48337647865337],[-70.67289589014403,-33.48337608857739],[-70.67288648393686,-33.48337319426],[-70.67287711082858,-33.483370225501496],[-70.67287607766998,-33.483369992220254],[-70.67287507323934,-33.48336968315387],[-70.67286537377382,-33.48336757534178],[-70.67285569853972,-33.48336539072841],[-70.67285464306887,-33.483365243427805],[-70.67285360732292,-33.483365018347435],[-70.67284370800908,-33.483363717339806],[-70.67283382382695,-33.48336233791057],[-70.67283275620858,-33.48336227800921],[-70.67283169912203,-33.48336213908249],[-70.67282169529494,-33.483361657408715],[-70.6728116973544,-33.48336109644818],[-70.67281062787018,-33.48336112452289],[-70.67280955962326,-33.483361073087785],[-70.67279954762495,-33.483361415386696],[-70.67278953221067,-33.483361678297136],[-70.67278847116023,-33.48336179407758],[-70.67278740204073,-33.48336183062942],[-70.67277747829182,-33.48336299360452],[-70.67276754185687,-33.48336407785401],[-70.67276675796656,-33.483364196419195],[-70.67276609197515,-33.48336432797855],[-70.67276543976267,-33.48336440441196],[-70.67275490169534,-33.483366538495666],[-70.67274348381034,-33.483368793972566],[-70.67272091972785,-33.4833754266318],[-70.67269931837836,-33.48338402012842],[-70.67267892164134,-33.48339447823763],[-70.67265995790783,-33.48340668385567],[-70.6726519850988,-33.48341240207202],[-70.6726358653882,-33.48342516354491],[-70.67262131602551,-33.48343918754274],[-70.67260847712929,-33.48345433900736],[-70.67259747234561,-33.48347047202236],[-70.67258840765733,-33.483487431218485],[-70.6725813703633,-33.483505053269795],[-70.67257642823763,-33.48352316846663],[-70.67257362887699,-33.483541602349916],[-70.67257299924212,-33.483560177391425],[-70.67257454539812,-33.483578714703334],[-70.67257825245603,-33.48359703576104],[-70.67258408471615,-33.483614964122545],[-70.67259198601182,-33.483632327127566],[-70.67260188025021,-33.483648957560504],[-70.67261367214522,-33.48366469526069],[-70.67262587807275,-33.483677905835734],[-70.67275278324108,-33.48393042522614],[-70.67275224098337,-33.48393231167564],[-70.67273978757589,-33.483936628690344],[-70.67273617785895,-33.48393764938297],[-70.67272550004805,-33.48394124372331],[-70.67261875820284,-33.483717382682435],[-70.67261682370747,-33.483713840742546],[-70.6726166247476,-33.4837133880432],[-70.67261574789912,-33.48371187100461],[-70.67260952959151,-33.48370048566982],[-70.67260737732165,-33.4836973890369],[-70.6726069581697,-33.483696663860364],[-70.67260520430159,-33.48369426254883],[-70.67259836894281,-33.48368442800024],[-70.67259609283913,-33.48368178757177],[-70.67259538187977,-33.48368081416016],[-70.67259251187768,-33.4836776334229],[-70.6725853837405,-33.483669364317294],[-70.67258307665402,-33.48366717664532],[-70.67258200736444,-33.48366599158328],[-70.67257780486621,-33.483662177723986],[-70.67257069903957,-33.483655439691944],[-70.67256844956417,-33.48365368758049],[-70.67256696342791,-33.48365233887872],[-70.67256124458112,-33.48364807563419],[-70.67255445626182,-33.48364278822536],[-70.67255234578307,-33.483641441821206],[-70.67255039495156,-33.48363998752891],[-70.67254301710099,-33.48363549048039],[-70.67253681183394,-33.48363153175752],[-70.67253491190306,-33.48363055008808],[-70.67253246149866,-33.4836290564835],[-70.67252333045587,-33.48362456610463],[-70.67251793568099,-33.48362177869381],[-70.67251630580947,-33.483621111588896],[-70.67251333577772,-33.483619651013925],[-70.67250241137529,-33.483615424608594],[-70.67249800959,-33.483613622961066],[-70.67249669554559,-33.483613213282254],[-70.67249320197918,-33.48361186169952],[-70.6724805016763,-33.48360816452792],[-70.67247722545918,-33.483607143103036],[-70.67247625812243,-33.48360692919112],[-70.67247225400152,-33.48360576355524],[-70.67245785438472,-33.48360285948034],[-70.67245578345,-33.48360240152397],[-70.67245517826895,-33.483602319768515],[-70.67245069358414,-33.483601415309195],[-70.67243472968514,-33.48359955731494],[-70.67243389005954,-33.483599443887606],[-70.67243364711757,-33.483599431317806],[-70.67242872836437,-33.48359885883718],[-70.67240656987795,-33.48359811875928],[-70.6723844315218,-33.48359920220287],[-70.67236252649906,-33.48360209873387],[-70.67234106576574,-33.48360678045736],[-70.67232025599924,-33.483613202286094],[-70.67230029760798,-33.48362130237473],[-70.67228138280134,-33.48363100271547],[-70.6722636937387,-33.48364220988928],[-70.67225723266021,-33.48364673755521],[-70.67224093969476,-33.48365934363064],[-70.67222619973836,-33.48367322720571],[-70.6722131547451,-33.48368825457461],[-70.67220193034584,-33.4837042810161],[-70.6721926346384,-33.4837211521872],[-70.67218535714649,-33.48373870560981],[-70.67218016795744,-33.483756772235125],[-70.67217711704724,-33.48377517807191],[-70.67217623379916,-33.48379374586202],[-70.67217752672079,-33.48381229678749],[-70.67218098336193,-33.483830652192665],[-70.67218657043455,-33.48384863530471],[-70.67219423413326,-33.48386607293613],[-70.67220390065349,-33.4838827971526],[-70.67221547690218,-33.48389864689028],[-70.6722218849165,-33.483905748733896],[-70.67230685937079,-33.484083960437744],[-70.67230185405566,-33.48408573030644],[-70.67230013237526,-33.48408627034814],[-70.6722937330378,-33.484088371151884],[-70.67224640794147,-33.48410460710498],[-70.67224625100587,-33.48410421079992],[-70.67214481416838,-33.4838847251492],[-70.67214221626391,-33.483878382775465],[-70.67213399640708,-33.48386112391475],[-70.67212379732527,-33.48384462328554],[-70.6721117172419,-33.4838290397975],[-70.67209787249537,-33.48381452352755],[-70.67208239641835,-33.48380121427472],[-70.67206543805395,-33.48378924021388],[-70.67204716072017,-33.48377871666118],[-70.67202774043719,-33.483769744963645],[-70.67200736423219,-33.4837624115232],[-70.67198622833814,-33.48375678696451],[-70.67196453630412,-33.4837529254548],[-70.67194249703493,-33.48375086418236],[-70.67192032277948,-33.4837506229983],[-70.67189822708654,-33.48375220422534],[-70.67187642274837,-33.483755592635596],[-70.6718551197514,-33.48376075559702],[-70.67183452325395,-33.48376764338783],[-70.6718148316106,-33.483776189675254],[-70.67179623446188,-33.4837863121544],[-70.67177891090799,-33.483797913340766],[-70.67176302778395,-33.48381088150914],[-70.67174873805297,-33.48382509176964],[-70.671737631788,-33.48383863598545],[-70.67167362029203,-33.48370483422751],[-70.67166436861193,-33.483687946068756],[-70.67165318604145,-33.48367189910524],[-70.67164018027553,-33.48365684787744],[-70.67162547656716,-33.4836429373364],[-70.67160921652122,-33.48363030144763],[-70.67159155673068,-33.48361906190107],[-70.67157266726855,-33.483609326939174],[-70.67155273005001,-33.48360119031443],[-70.67153193708049,-33.483594730386585],[-70.67151048860654,-33.48359000936791],[-70.67148859118745,-33.48358707272417],[-70.67146645570605,-33.48358594873671],[-70.6714442953377,-33.483586648230116],[-70.67142232349748,-33.48358916446794],[-70.6714007517849,-33.483593473217674],[-70.67137978794617,-33.48359953298396],[-70.6713596338734,-33.48360728540836],[-70.67134048366046,-33.483616655831256],[-70.6713225217338,-33.48362755401083],[-70.67130592107613,-33.483639874992264],[-70.67129084156078,-33.4836535001183],[-70.67127742841188,-33.48366829817212],[-70.6712658108058,-33.483684126640924],[-70.67125610062712,-33.48370083308839],[-70.67124839139105,-33.483718256622716],[-70.67124275734285,-33.48373622944609],[-70.67123925274271,-33.48375457847065],[-70.67123791134317,-33.48377312698539],[-70.67123874606405,-33.48379169635798],[-70.6712417488679,-33.483810107755154],[-70.67124689083741,-33.48382818386488],[-70.6712541224538,-33.48384575060404],[-70.67137263976076,-33.48409348668444],[-70.67137303208277,-33.48409420283681],[-70.6713733461263,-33.484094945601164],[-70.6713779699619,-33.484104382789575],[-70.67137802740677,-33.48410448539187],[-70.67137807272576,-33.48410459217288],[-70.6715375004027,-33.48442887646237],[-70.67170370408041,-33.48476886252668],[-70.67170727251127,-33.48477658780707],[-70.67170820123395,-33.48477834016266],[-70.67170934109218,-33.48478090758409],[-70.67177232365282,-33.48490789405207],[-70.67185136785095,-33.48506889390372],[-70.67191009073534,-33.48518823601856],[-70.67191028491523,-33.48518858149149],[-70.67191043947717,-33.48518894073046],[-70.67197215186883,-33.48531293785253],[-70.67197296844236,-33.48531455736513],[-70.67197691637796,-33.48532228702414],[-70.67212368276218,-33.48562222040025],[-70.67213309269248,-33.48563904712757],[-70.67214442561796,-33.48565501997299],[-70.67215757239697,-33.485669985108785],[-70.67217240641921,-33.485683798411934],[-70.67218878482501,-33.48569632685219],[-70.67220654988121,-33.485707449773265],[-70.67222553050016,-33.485717060054846],[-70.67224554388744,-33.485725065144116],[-70.67226639730225,-33.48573138794734],[-70.67228788991375,-33.485735967572055],[-70.67230981473504,-33.4857387599138],[-70.67233196061682,-33.48573973808064],[-70.67235411428072,-33.485738892652286],[-70.67237606237347,-33.485736231770744],[-70.67239759352165,-33.48573178106199],[-70.67241850036729,-33.48572558338909],[-70.67243858156502,-33.48571769843939],[-70.67245764372107,-33.48570820214976],[-70.67247550325582,-33.48569718597517],[-70.67249198817186,-33.48568475600798],[-70.6725069397103,-33.485671031956116],[-70.67252021387986,-33.485656145990305],[-70.67253168284347,-33.48564024147103],[-70.67254123614941,-33.48562347156804],[-70.67254878179507,-33.48560599778504],[-70.6725542471128,-33.4855879884045],[-70.67255757946991,-33.4855696168668],[-70.67255874677531,-33.48555106010005],[-70.67255773778857,-33.48553249681601],[-70.67255456222817,-33.48551410578923],[-70.67254925067782,-33.485496064135106],[-70.67254185429185,-33.485478545604366],[-70.67249504506373,-33.485382886935746],[-70.67250427556398,-33.48538852285645],[-70.67252339243878,-33.48539794149709],[-70.67254351900445,-33.485405744671475],[-70.67256446143024,-33.485411857230304],[-70.67258601802801,-33.48541622030601],[-70.67260798119466,-33.48541879187952],[-70.67263013941157,-33.48541954718511],[-70.6726522792816,-33.48541847894874],[-70.67267418758432,-33.48541559745822],[-70.67269565332948,-33.485410930464106],[-70.67271646978905,-33.48540452291244],[-70.67272984044794,-33.485399107871416],[-70.67290013204419,-33.48534739010078],[-70.67291003815463,-33.48534415874946],[-70.67311903708028,-33.48527119503802],[-70.67312825967198,-33.485282347211445],[-70.67314261655648,-33.48529651002201],[-70.67315856099819,-33.48530942546974],[-70.67317593944335,-33.48532096917119],[-70.67319458452765,-33.485331029953706],[-70.6732143166881,-33.48533951092592],[-70.6732349458924,-33.48534633041102],[-70.67325627346895,-33.485351422733224],[-70.67327809402033,-33.485354738850454],[-70.67330019740139,-33.48535624682654],[-70.6733223707431,-33.48535593213875],[-70.67334440050267,-33.485353797817844],[-70.67336607452012,-33.48534986441858],[-70.67338718406162,-33.485344169822085],[-70.6734075258296,-33.48533676887077],[-70.67342690392084,-33.48532773284028],[-70.673445131713,-33.48531714875309],[-70.67346203366205,-33.485305118540275],[-70.67347744699283,-33.48529175805991],[-70.67349122326661,-33.48527719598132],[-70.67350322981073,-33.485261572545824],[-70.6735133509962,-33.48524503821618],[-70.67352148935137,-33.485227752227395],[-70.67352756650044,-33.48520988105342],[-70.67353152391836,-33.48519159680366],[-70.67353332349434,-33.4851730755656],[-70.67353294789888,-33.48515449570897],[-70.67353040075056,-33.48513603616782],[-70.67352570658113,-33.4851178747175],[-70.67351891059926,-33.4851001862624],[-70.67342823865738,-33.484898669603446],[-70.67352911725165,-33.48509004982946],[-70.67352926035396,-33.48509028883843],[-70.67352937564931,-33.48509053817826],[-70.67353423230892,-33.48509859297712],[-70.67353906183178,-33.48510665922455],[-70.67353923220293,-33.48510688532925],[-70.67353937610943,-33.48510712399895],[-70.67354515158715,-33.4851147411219],[-70.67355090139826,-33.48512237186727],[-70.67355109739749,-33.48512258289022],[-70.67355126852925,-33.485122808591235],[-70.6735579072041,-33.485129914680684],[-70.67356452193019,-33.48513703643578],[-70.67356474166992,-33.485137230344684],[-70.67356493837886,-33.48513744090341],[-70.67357237631728,-33.485143967524046],[-70.67357979225466,-33.485150511701704],[-70.67358003361863,-33.48515068662908],[-70.67358025401037,-33.48515088001771],[-70.67358841958094,-33.48515676431427],[-70.6735965653101,-33.48516266789028],[-70.67359682597393,-33.48516282215153],[-70.67359706792593,-33.48516299650759],[-70.6736058824897,-33.48516818181084],[-70.67361467956263,-33.4851733879302],[-70.67361495701586,-33.48517352003964],[-70.67361521819807,-33.48517367368403],[-70.67362869351753,-33.48518080024157],[-70.67364800535161,-33.4851899352748],[-70.67366829276025,-33.48519744019109],[-70.67368936036368,-33.48520324271356],[-70.67371100526816,-33.485207286960495],[-70.6737330190202,-33.48520953398332],[-70.67375518961396,-33.48520996214192],[-70.67377730353307,-33.48520856731292],[-70.6737991478071,-33.485205362929364],[-70.67382051206242,-33.485200379851506],[-70.6738411905484,-33.485193666069414],[-70.67386098411897,-33.48518528624091],[-70.67387970215042,-33.485175321068816],[-70.67389716437731,-33.485163866523706],[-70.6739132026286,-33.48515103291969],[-70.67392766244713,-33.485136943851955],[-70.67394040457718,-33.48512173500651],[-70.67395130630564,-33.485105552853355],[-70.67396026264365,-33.485088553235954],[-70.67396718733772,-33.4850708998703],[-70.67397201370045,-33.48505276276825],[-70.67397469525261,-33.485034316600256],[-70.67397520617071,-33.48501573901307],[-70.67397354153576,-33.48499720891897],[-70.67396971738044,-33.4849789047728],[-70.67396377053475,-33.48496100285326],[-70.67395575827125,-33.48494367556525],[-70.67394575775339,-33.484927089779646],[-70.6739338652924,-33.48491140522612],[-70.67392276990894,-33.484899528696175],[-70.67383538684868,-33.48473375266178],[-70.67369895765925,-33.48444691087285],[-70.67353856292488,-33.48409906472602],[-70.67353661694953,-33.48409539161916],[-70.67353491647923,-33.48409162976126],[-70.67353091436603,-33.48408393840898],[-70.67365001329956,-33.484043712986846],[-70.67368476884857,-33.484173350028236],[-70.67368679965962,-33.48417949705151],[-70.67368860358219,-33.4841856935676],[-70.67368975644044,-33.484188446873226],[-70.67369068548096,-33.48419125896727],[-70.67369342554855,-33.48419720959358],[-70.67369594560954,-33.484203228109465],[-70.67383031306626,-33.484479863958846],[-70.67383077818333,-33.4844813260682],[-70.67383342158679,-33.48448723444847],[-70.67383582728594,-33.48449317826436],[-70.6738373015851,-33.48449590679137],[-70.6738385629061,-33.4844987260211],[-70.673961493295,-33.484737183570026],[-70.67396376276793,-33.484750033947954],[-70.67396914383866,-33.48476806111427],[-70.67397660770312,-33.48478555951226],[-70.67398608248122,-33.48480236062241],[-70.67399747692653,-33.48481830264032],[-70.67401068130494,-33.48483323203517]],[[-70.67284668299908,-33.484681795167084],[-70.67294993216564,-33.484902957457486],[-70.67293955457994,-33.484923588115464],[-70.67292975370351,-33.48492700971013],[-70.67280167322292,-33.48464772272548],[-70.67280031353854,-33.484645143543055],[-70.67279916955607,-33.4846424971825],[-70.67266591459354,-33.48437588352926],[-70.67269826436323,-33.484364941644046],[-70.67284668299908,-33.484681795167084]],[[-70.67527602262,-33.48406221190079],[-70.6752803186671,-33.484150754139634],[-70.67524555809875,-33.48407335714441],[-70.67524880064319,-33.48407216438301],[-70.67527602262,-33.48406221190079]],[[-70.67243490000173,-33.48513258219221],[-70.67242804824782,-33.48514234675804],[-70.67241873587926,-33.48515921153059],[-70.67241144109103,-33.48517675994104],[-70.67240623413706,-33.48519482298891],[-70.67240541693592,-33.4851997235051],[-70.67239443215787,-33.48517727502695],[-70.67239309866905,-33.485174608104],[-70.67238888458547,-33.48516635742993],[-70.67232775074368,-33.48504352393205],[-70.67226930228135,-33.48492474081188],[-70.67219013671516,-33.48476349529972],[-70.67218982638626,-33.48476286643025],[-70.67215177358412,-33.48468614452739],[-70.67216797589329,-33.484545456049275],[-70.67224694309006,-33.48451851731021],[-70.67224815527078,-33.48452039994157],[-70.67238100298579,-33.48478620129478],[-70.67248554944062,-33.48501417346324],[-70.67243490000173,-33.48513258219221]]]}},{"type":"Feature","properties":{"numpos":"4969","TIPO":"DESCARGO","TENSION":"MT","INCIDENCIA":"DF202671818027","CLITOTAL":"106","CANTAVISOS":"","FECHA_INICIO":"","FECHA_FIN":"","DESCARGO":"DF202671818027(TP20267213817571)","ESTADODESC":"789","ESTADOINC":" ","CLI_PLAN":"1","FECHA_INIDESC":"12-10-2026 10:00","FECHA_FINDESC":"12-10-2026 16:00","FECHA_REPOSICION":"12-10-2026 16:00","id_alim":"1421"},"geometry":{"type":"Polygon","coordinates":[[[-70.68542238716697,-33.37480415079211],[-70.68542456010125,-33.37482264390408],[-70.68542888301539,-33.3748408692691],[-70.68543531427865,-33.374858651366615],[-70.68544379195552,-33.374875818945036],[-70.6854542344023,-33.374892206670715],[-70.68546654105329,-33.3749076567204],[-70.68548059338912,-33.374922020301135],[-70.68549625607837,-33.37493515908319],[-70.68551337828072,-33.37494694653237],[-70.68553179509966,-33.37495726912853],[-70.68555132917065,-33.374966027458925],[-70.68557179236903,-33.37497313717558],[-70.685592987622,-33.37497852980766],[-70.68561471080656,-33.374982153420916],[-70.68563675271523,-33.37498397311775],[-70.68565890107102,-33.37498397137347],[-70.68568094257179,-33.37498214820488],[-70.68570266494447,-33.374978521170256],[-70.68572385898952,-33.37497312520017],[-70.68574432059555,-33.374966012261154],[-70.68576385270515,-33.37495725085509],[-70.68578226721276,-33.37494692535962],[-70.68579938677607,-33.37493513521547],[-70.68581504652414,-33.374921993968755],[-70.68582909564506,-33.37490762817738],[-70.68584139883849,-33.37489217619238],[-70.68585183761847,-33.3748757868253],[-70.68594805749464,-33.374705055284736],[-70.68595327809298,-33.37469627550484],[-70.6859542842335,-33.37469435259671],[-70.68595545966716,-33.37469250231468],[-70.68609148473364,-33.374450465740544],[-70.68616552360717,-33.3743228574986],[-70.68616610134984,-33.374321723484506],[-70.68616679196244,-33.37432063481075],[-70.68624850814443,-33.37417500832858],[-70.68624878291756,-33.37417444896019],[-70.68624911764458,-33.3741739130786],[-70.68637516934201,-33.373945503123124],[-70.68637605639839,-33.373943875615495],[-70.6863804767059,-33.37393566316138],[-70.68638071168365,-33.37393522511762],[-70.68638246480874,-33.37393194584764],[-70.68638288574357,-33.373931042150275],[-70.68638339876489,-33.37393017447062],[-70.6863840967656,-33.37392883224065],[-70.68662584559708,-33.37350060030676],[-70.68662598561775,-33.373500368425375],[-70.68662613500648,-33.37350008764657],[-70.68662712997629,-33.373498325155765],[-70.68662724833598,-33.37349808578746],[-70.68662812842966,-33.37349672303063],[-70.68662996897731,-33.37349350550823],[-70.68663187502735,-33.37349008653879],[-70.68669227071078,-33.373378877110575],[-70.68678650800184,-33.37321579101726],[-70.68679518060112,-33.373198692178654],[-70.6868018139173,-33.373180962446334],[-70.68680634406911,-33.37316277256763],[-70.68680872742998,-33.37314429772122],[-70.68680894104821,-33.373125715829985],[-70.68680698286794,-33.37310720584776],[-70.68680287174882,-33.373088946035566],[-70.68679664728448,-33.37307111224518],[-70.68678836942105,-33.37305387622537],[-70.68677811787984,-33.373037403968034],[-70.68676599138954,-33.3730218541095],[-70.68675210673534,-33.373007376402896],[-70.68673659763435,-33.372994110275826],[-70.68671961344766,-33.372982183487814],[-70.68670131774195,-33.37297171089979],[-70.68668188671435,-33.372962793367975],[-70.68666150749547,-33.37295551677263],[-70.68664037634734,-33.37294995119095],[-70.6866186967733,-33.37294615022223],[-70.6865966775582,-33.37294415047174],[-70.68657453075778,-33.37294397119803],[-70.68655246965643,-33.37294561412766],[-70.68653070671331,-33.37294906343847],[-70.68650945151614,-33.372954285911945],[-70.68648890876298,-33.372961231253164],[-70.68646927629081,-33.372969832575116],[-70.68645074317031,-33.372980007042884],[-70.68643348788507,-33.37299165667129],[-70.68641767661268,-33.37300466926864],[-70.68640346162435,-33.37301891951705],[-70.68639097981847,-33.37303427017943],[-70.68638035140222,-33.37305057342098],[-70.68628493774555,-33.373215693962024],[-70.68628388174469,-33.37321777593793],[-70.6862826444763,-33.373219786407],[-70.6862221519291,-33.37333117321855],[-70.6862218416522,-33.37333168704891],[-70.6862215615086,-33.37333221357927],[-70.68622119635259,-33.3733328519153],[-70.68622077503277,-33.37333369176186],[-70.68622061709229,-33.373333988611186],[-70.6862192000113,-33.37333621000023],[-70.68613057242595,-33.37349320339887],[-70.6858788299073,-33.3733911094679],[-70.68586958981717,-33.373387575052774],[-70.68586937594483,-33.37338749807265],[-70.68586560299958,-33.37338575906875],[-70.6857250890804,-33.37332833561999],[-70.68572404831558,-33.37332796212867],[-70.68571844540224,-33.37332549303523],[-70.68559388111336,-33.37327698592473],[-70.68558970462503,-33.37327535579564],[-70.6855832596092,-33.37327255317018],[-70.68558053561628,-33.37327150754051],[-70.68557790782197,-33.3732703009875],[-70.68557145615648,-33.37326767522385],[-70.68557072508017,-33.373267414041166],[-70.68557002537011,-33.37326709811475],[-70.68541581027307,-33.37320545447193],[-70.68535788821544,-33.3731823014994],[-70.68537000778828,-33.373173452591125],[-70.68538520983294,-33.37315993853923],[-70.68539875993407,-33.373145239352915],[-70.68541052759721,-33.373129496593904],[-70.68542039949396,-33.37311286187406],[-70.68542828055345,-33.37309549539527],[-70.68543409487782,-33.37307756440657],[-70.68543778647317,-33.3730592415934],[-70.68543931978874,-33.37304070341467],[-70.68543868005924,-33.37302212840316],[-70.68543587344699,-33.37300369544635],[-70.68543092698252,-33.37298558206348],[-70.68542388830421,-33.372967962696045],[-70.68541482519946,-33.3729510070278],[-70.68540382495179,-33.37293487835066],[-70.68539099350025,-33.372919731992056],[-70.68537645441914,-33.37290571381921],[-70.68536034772792,-33.372892958834136],[-70.68534282854269,-33.372881589873806],[-70.68532406558236,-33.37287171642696],[-70.68530423954388,-33.372863433579795],[-70.6852058190236,-33.37282725748522],[-70.68522154681973,-33.372795687066535],[-70.68526042027067,-33.37272755347037],[-70.68529758001488,-33.37266342817294],[-70.68530202418815,-33.37265527348096],[-70.68530404997925,-33.37265131082383],[-70.6853117713557,-33.37263389393188],[-70.68531742088757,-33.372615925901634],[-70.685320944168,-33.37259757977529],[-70.68532230726719,-33.37257903223616],[-70.6853214970591,-33.372560461907305],[-70.68531852134794,-33.372542047630965],[-70.68531340879267,-33.37252396674655],[-70.68530620863123,-33.37250639338252],[-70.68529699020617,-33.37248949677964],[-70.68528584229682,-33.37247343966097],[-70.68527287226426,-33.37245837666479],[-70.68525820501743,-33.372444452855426],[-70.68524198181002,-33.37243180232626],[-70.68522435888022,-33.37242054690816],[-70.68520550594607,-33.37241079499646],[-70.68518560457099,-33.37240264050691],[-70.68516484641518,-33.372396161971245],[-70.68514343138997,-33.37239142178102],[-70.68512156573252,-33.372388465586575],[-70.68509946001973,-33.37238732185753],[-70.68507732714035,-33.37238800160862],[-70.68505538024469,-33.37239049829355],[-70.68503383069209,-33.37239478786808],[-70.68501288601526,-33.37240082902154],[-70.68499274792185,-33.372408563574695],[-70.68497361035186,-33.37241791704007],[-70.68495565760992,-33.37242879933916],[-70.68493906259029,-33.372441105670056],[-70.68492398511206,-33.372454717516646],[-70.68491057037967,-33.37246950378996],[-70.68489894758478,-33.37248532209063],[-70.68489166446376,-33.372497835152785],[-70.68489164705973,-33.37249782805277],[-70.68485418684449,-33.37256247133387],[-70.68485359014211,-33.372563509049755],[-70.68481196599897,-33.37263646318044],[-70.68480976683124,-33.3726408594338],[-70.68480730067178,-33.372645198133945],[-70.68470496629035,-33.37285061162393],[-70.68470300813506,-33.37285515711646],[-70.68470294098599,-33.372855278649176],[-70.6846779204071,-33.37290708451646],[-70.6846061055183,-33.37287579501716],[-70.68460133708304,-33.37287371742419],[-70.68458120425248,-33.37286597302959],[-70.68456026365834,-33.37285992164012],[-70.68453871696883,-33.37285562153368],[-70.68451677168912,-33.37285311412243],[-70.6844946391629,-33.37285242355399],[-70.68447253253714,-33.372853556478944],[-70.68445066470933,-33.37285650198666],[-70.6844292462773,-33.37286123171054],[-70.68440848351113,-33.3728677001011],[-70.68438857636657,-33.372875844864545],[-70.6843697165595,-33.37288558756289],[-70.68435208571958,-33.37289683436915],[-70.68433585364112,-33.37290947697097],[-70.68432117664786,-33.37292339361375],[-70.6843081960875,-33.37293845027319],[-70.68429703697042,-33.37295450194595],[-70.68428780676572,-33.37297139404615],[-70.68428059436627,-33.372988963894],[-70.68427546923253,-33.3730070422826],[-70.6842724807236,-33.37302545510739],[-70.68427165762182,-33.37304402504293],[-70.68427300785545,-33.37306257325056],[-70.68427651842242,-33.373080921100815],[-70.68428215551529,-33.37309889189365],[-70.68428986484699,-33.37311631256016],[-70.68429957217343,-33.37313301532943],[-70.68431118400858,-33.373148839344154],[-70.68432458852469,-33.3731636322099],[-70.68433965662925,-33.37317725146273],[-70.68435624320826,-33.37318956594123],[-70.68436713266671,-33.373196174812776],[-70.68436638501723,-33.373196471360664],[-70.68434738599248,-33.373206021839074],[-70.68432959415402,-33.37321708879432],[-70.68431318084663,-33.37322956564616],[-70.68429830413935,-33.37324333223625],[-70.6842851073032,-33.37325825598533],[-70.68427371743135,-33.37327419317012],[-70.68426424421523,-33.37329099030729],[-70.68425677888796,-33.37330848563163],[-70.68425139334586,-33.37332651065393],[-70.68424813945586,-33.373344891783645],[-70.68424704855606,-33.37336345200052],[-70.68424813115377,-33.37338201255955],[-70.68425137682438,-33.373400394712334],[-70.6842567543116,-33.37341842142843],[-70.68426421182849,-33.373435919100444],[-70.68427367755612,-33.37345271921582],[-70.68428506033517,-33.3734686599798],[-70.68429825054392,-33.37348358787358],[-70.68431312115375,-33.37349735913282],[-70.68432952895266,-33.3735098411322],[-70.6843380962831,-33.3735151743638],[-70.68422204252141,-33.3737139874315],[-70.68422129635944,-33.37371513658915],[-70.68421655896715,-33.37372337036199],[-70.6842118061782,-33.37373159788713],[-70.68410659689391,-33.37393909274844],[-70.6838732837246,-33.37426953184416],[-70.68386294370924,-33.374285965209346],[-70.68385457328193,-33.374303169788426],[-70.68384825305547,-33.3743209798922],[-70.68384404389826,-33.37433922399993],[-70.68384198634813,-33.37435772641107],[-70.68384210022171,-33.37437630893732],[-70.6838443844238,-33.374394792618794],[-70.68384881695756,-33.37441299944734],[-70.68385535513653,-33.37443075408097],[-70.68386393599562,-33.37444788553252],[-70.68387447689736,-33.374464228816315],[-70.68388687632782,-33.37447962653708],[-70.68390101487421,-33.37449393040579],[-70.68391675637476,-33.37450700266785],[-70.68393394923015,-33.37451871742958],[-70.68395242786347,-33.374528961870936],[-70.6839720143148,-33.37453763733183],[-70.68399251995504,-33.37454466026236],[-70.6840137473027,-33.3745499630275],[-70.6840354919256,-33.37455349455845],[-70.68405754440984,-33.37455522084446],[-70.68407969237657,-33.37455512526041],[-70.68410172252739,-33.37455320872687],[-70.68412342269853,-33.37454948970124],[-70.68414458390428,-33.37454400400007],[-70.68416500234954,-33.37453680445399],[-70.68418448139256,-33.374527960399],[-70.68420283343882,-33.37451755700871],[-70.68421988174761,-33.374505694473996],[-70.68423546213418,-33.374492487038125],[-70.68424942455097,-33.374478061896475],[-70.68426163453262,-33.37446255797162],[-70.68439322188651,-33.3742761912725],[-70.68447612946109,-33.374311222828666],[-70.68436120785896,-33.37450138239866],[-70.68436078837503,-33.37450217012291],[-70.6843551171882,-33.37451136324647],[-70.68434691342844,-33.374528624249635],[-70.68434076566395,-33.37454647679761],[-70.68433673310227,-33.374564748960864],[-70.68433485458051,-33.37458326476865],[-70.6843351481912,-33.374601845903676],[-70.68433761110812,-33.374620313419385],[-70.68434221961334,-33.37463848946335],[-70.68434892932568,-33.37465619899003],[-70.68435767562806,-33.37467327144666],[-70.68436837428969,-33.37468954241572],[-70.68438092227733,-33.37470485519832],[-70.68439519874744,-33.37471906232351],[-70.68441106620996,-33.37473202696831],[-70.68442837185252,-33.37474362427551],[-70.68444694901193,-33.3747537425562],[-70.68446661877938,-33.37476228436527],[-70.68448719172343,-33.37476916743999],[-70.68450846971433,-33.37477432549223],[-70.68453024783223,-33.37477770884684],[-70.6845523163406,-33.374779284920145],[-70.68457446270628,-33.37477903853361],[-70.68459647364631,-33.37477697206015],[-70.68461813718196,-33.374773105401175],[-70.68463924468027,-33.374767475795025],[-70.68465959286341,-33.37476013745823],[-70.68467898576637,-33.37475116106345],[-70.68469723662416,-33.37474063305877],[-70.6847141696706,-33.37472865483517],[-70.68472962183104,-33.37471534175007],[-70.6847434442928,-33.374700822016344],[-70.6847519827112,-33.37468978649572],[-70.6847528204782,-33.37468879466623],[-70.68475332996458,-33.374688045231196],[-70.68475550393839,-33.37468523546749],[-70.68475760393162,-33.37468220546012],[-70.68476058296092,-33.374677376348714],[-70.68476379397868,-33.374672653062426],[-70.68488045747212,-33.37447960969371],[-70.68493809905166,-33.37450194606646],[-70.68475891436212,-33.37477966524888],[-70.68475890831643,-33.37477967582839],[-70.684758897804,-33.37477969037372],[-70.68475513231058,-33.374785528611795],[-70.68474555986276,-33.374802286157596],[-70.68473799119079,-33.37481975022816],[-70.68473249918621,-33.37483775263524],[-70.68472913674127,-33.37485612000607],[-70.6847279362395,-33.37487467545296],[-70.68472890924373,-33.37489324027681],[-70.68473204638481,-33.37491163568815],[-70.68473731745162,-33.374929684528915],[-70.68474467168214,-33.374947212978576],[-70.68475403825217,-33.374964052228215],[-70.6847653269573,-33.37498004010616],[-70.68477842908182,-33.3749950226399],[-70.68479321844546,-33.37500885553887],[-70.68480955261862,-33.37502140558416],[-70.68482727429415,-33.37503255191136],[-70.68484621280219,-33.37504218717471],[-70.68486618575382,-33.375050218580924],[-70.68488700079776,-33.375056568782696],[-70.68490845747263,-33.375061176623795],[-70.68493034913769,-33.37506399772796],[-70.6849524649629,-33.37506500492628],[-70.6849745919594,-33.375064188518856],[-70.68499651703075,-33.37506155636827],[-70.68501802902522,-33.37505713382374],[-70.68503892076934,-33.37505096347709],[-70.68505899106313,-33.37504310475255],[-70.68507804661787,-33.37503363333436],[-70.68509590391751,-33.375022640438],[-70.68511239098615,-33.37501023193163],[-70.68512734904418,-33.37499652731651],[-70.68514063403752,-33.37498165857614],[-70.68515211802485,-33.374965768905184],[-70.68515586442692,-33.37495996022555],[-70.68515586764744,-33.37495995577104],[-70.68534806679233,-33.37466206320227],[-70.68544954999005,-33.37470364825088],[-70.68544377423416,-33.374713896584915],[-70.68543530032757,-33.37473106546911],[-70.68542887296003,-33.37474884855642],[-70.68542455403177,-33.37476707458622],[-70.68542238513777,-33.37478556803209],[-70.68542238716697,-33.37480415079211]],[[-70.68528597717479,-33.37389246589632],[-70.68528516957329,-33.37389407763861],[-70.68528421155365,-33.37389563029905],[-70.68520390295932,-33.37404308948594],[-70.6852027907169,-33.37404542911573],[-70.6852014848746,-33.374047690624984],[-70.68520006972199,-33.37405048292116],[-70.68519771855837,-33.37405480974659],[-70.68513813563696,-33.37416230313421],[-70.68508230604898,-33.37414066893267],[-70.68508243064844,-33.37413995358895],[-70.68516777146021,-33.37397812091319],[-70.68532556756071,-33.37369686890061],[-70.68541553949852,-33.373665730973435],[-70.68528597717479,-33.37389246589632]],[[-70.68591373586422,-33.37382590297557],[-70.68592913258543,-33.37385240023773],[-70.68583981923614,-33.37401423752952],[-70.68575903489821,-33.37415820215059],[-70.68568502478857,-33.374285759772306],[-70.68568381336603,-33.374287881053576],[-70.68564256812918,-33.374361270410226],[-70.68554729489813,-33.37432223005426],[-70.68560736150127,-33.37421386312429],[-70.68560768258511,-33.374213200634955],[-70.68560807381374,-33.374212565246125],[-70.68561198162611,-33.3742053736704],[-70.68561432023651,-33.374200919096175],[-70.68561570156425,-33.374198193515376],[-70.68569389466175,-33.374054617450184],[-70.68584135945187,-33.37379655083876],[-70.68591373586422,-33.37382590297557]],[[-70.6849066192139,-33.3734213746635],[-70.6849074373795,-33.3734217440788],[-70.68496967266996,-33.37344662136407],[-70.6849688209545,-33.37344780962975],[-70.6849661270882,-33.37345113550792],[-70.68496315220088,-33.37345571835627],[-70.68495990937255,-33.37346024256737],[-70.68495782984766,-33.373463917501596],[-70.68495553365939,-33.37346745480506],[-70.68495029364874,-33.373476564809124],[-70.6849498678025,-33.37347740861088],[-70.68494935472962,-33.37347821752833],[-70.68475825432304,-33.37381882768236],[-70.6847572473629,-33.373820877912344],[-70.68475606068019,-33.37382285930278],[-70.68467730824855,-33.37397219703262],[-70.68459744811823,-33.3739384531547],[-70.6846233948856,-33.37388728009159],[-70.68462525833887,-33.37388425574476],[-70.68483799860317,-33.37351980422216],[-70.68483953051731,-33.373516817064726],[-70.68483990896141,-33.3735161922507],[-70.68484044937958,-33.373515356922795],[-70.68484418288388,-33.37350933070586],[-70.68489829727966,-33.37341801991639],[-70.68490576633782,-33.37342106896109],[-70.6849066192139,-33.3734213746635]]]}},{"type":"Feature","properties":{"numpos":"7254","TIPO":"DESCARGO","TENSION":"MT","INCIDENCIA":"DF202671819341","CLITOTAL":"156","CANTAVISOS":"","FECHA_INICIO":"","FECHA_FIN":"","DESCARGO":"DF202671819341(TP20267213817565)","ESTADODESC":"789","ESTADOINC":" ","CLI_PLAN":"1","FECHA_INIDESC":"12-10-2026 10:00","FECHA_FINDESC":"12-10-2026 16:00","FECHA_REPOSICION":"12-10-2026 16:00","id_alim":"1421"},"geometry":{"type":"Polygon","coordinates":[[[-70.68814927595612,-33.37499308561114],[-70.68816904181178,-33.37500146985945],[-70.68818969197713,-33.37500818823454],[-70.68821102757873,-33.375013176034386],[-70.68823284314183,-33.37501638522351],[-70.68825492856938,-33.375017784895505],[-70.68827707116519,-33.37501736157075],[-70.68829905768261,-33.3750151193261],[-70.68832067637815,-33.37501107975585],[-70.6883417190507,-33.3750052817635],[-70.68836198304678,-33.37499778118726],[-70.68838127321207,-33.37498865026229],[-70.68839940377111,-33.37497797692483],[-70.68841620011628,-33.37496586396553],[-70.68843150048943,-33.37495242803939],[-70.6884451575397,-33.374937798542334],[-70.68845703974266,-33.37492211636485],[-70.6884670326668,-33.374905532535486],[-70.68847504007564,-33.37488820676598],[-70.68848098485455,-33.37487030591328],[-70.68848480975323,-33.374852002372705],[-70.68848647793716,-33.374833472417464],[-70.68848597334221,-33.37481489450123],[-70.68848330082923,-33.3747964475394],[-70.68847848613734,-33.374778309186134],[-70.68847157563587,-33.37476065412341],[-70.68846263587783,-33.37474365237875],[-70.68827174377735,-33.374424066098065],[-70.68816782557646,-33.37424572699318],[-70.68834001248251,-33.37425253886508],[-70.68834085789813,-33.374255532393896],[-70.68834280848377,-33.374263018611174],[-70.68834341710625,-33.3742645942824],[-70.68834386991958,-33.37426619764687],[-70.68834682132965,-33.37427340752263],[-70.68834963667105,-33.37428069619673],[-70.68835042632114,-33.37428221400324],[-70.68835106437272,-33.37428377267215],[-70.68835484449399,-33.37429070628423],[-70.6883584971374,-33.37429772712044],[-70.68835946013458,-33.374299172429296],[-70.68836027736002,-33.37430067140828],[-70.68836485016695,-33.374307262027656],[-70.68836930455261,-33.37431394736473],[-70.68837124221308,-33.37431654715716],[-70.68859551414515,-33.37466572533566],[-70.6886069651426,-33.374681631711496],[-70.68862021925011,-33.37469651978574],[-70.68863514882369,-33.37471024617755],[-70.68865161008348,-33.374722678693686],[-70.68866944449833,-33.37473369760166],[-70.68868848031265,-33.37474319678282],[-70.6887085342004,-33.3747510847544],[-70.68872941303079,-33.37475728555049],[-70.68875091572812,-33.37476173945374],[-70.68877283520848,-33.37476440357036],[-70.68879496037388,-33.37476525224336],[-70.68881707814555,-33.37476427729952],[-70.68883897551586,-33.374761488128186],[-70.68886044159989,-33.374756911590836],[-70.6888812696663,-33.37475059176233],[-70.68890125912841,-33.374742589506475],[-70.68892021747595,-33.37473298188982],[-70.68893796212905,-33.374721861439525],[-70.68895432219668,-33.37470933525211],[-70.68896914012237,-33.37469552396227],[-70.68898227320157,-33.374680560580735],[-70.68899359495603,-33.37466458921368],[-70.68900299635176,-33.37464776367451],[-70.6890103868491,-33.3746302460028],[-70.68901569527465,-33.37461220490364],[-70.68901887050659,-33.37459381412289],[-70.68901988196703,-33.37457525077397],[-70.68901871991648,-33.37455669363205],[-70.68901539554744,-33.37453832141248],[-70.68900994087674,-33.37452031104955],[-70.68900240843702,-33.37450283599258],[-70.68899287077082,-33.37448606453553],[-70.68883675412071,-33.37424300213728],[-70.68883839352486,-33.3742422625492],[-70.68884200278491,-33.37424087246791],[-70.68884814166007,-33.374237864850265],[-70.68885440281065,-33.37423504024222],[-70.68885769941964,-33.37423318221843],[-70.68886112890539,-33.37423150201065],[-70.68886688685876,-33.37422800402367],[-70.68887278787876,-33.374224678109194],[-70.68887585155233,-33.37422255792412],[-70.6888790682359,-33.374220603771235],[-70.68888438981529,-33.374216649102536],[-70.68888987387432,-33.37421285391227],[-70.68889267510758,-33.37421049198456],[-70.6888956480105,-33.374208282706235],[-70.68890048196597,-33.374203909441746],[-70.68890549624967,-33.37419968152552],[-70.68890800806525,-33.3741971006019],[-70.68891070855678,-33.374194657474796],[-70.68891500833482,-33.374189907731555],[-70.68891950455283,-33.37418528780675],[-70.68892170276055,-33.3741825127431],[-70.68892410483359,-33.37417985929595],[-70.68892782902515,-33.37417477881667],[-70.68893176387652,-33.37416981137593],[-70.68893362730655,-33.37416686889769],[-70.68893570782788,-33.374164030684746],[-70.68893882056712,-33.374158668397456],[-70.68894215615735,-33.374153401280054],[-70.68894366686399,-33.37415031972499],[-70.68894540579717,-33.37414732407985],[-70.68894787710694,-33.374141731626544],[-70.68895058131277,-33.374136215557776],[-70.68895172474726,-33.37413302460297],[-70.68895310534558,-33.37412990037546],[-70.68895491142621,-33.374124131614565],[-70.68895695820493,-33.37411841971735],[-70.6889577233556,-33.374115150093516],[-70.68895873232336,-33.3741119273717],[-70.68895985578168,-33.374106037859576],[-70.68896122542209,-33.37410018514272],[-70.68896160492034,-33.3740968683382],[-70.68896223254083,-33.37409357815864],[-70.68896266255773,-33.3740876246146],[-70.68896334186988,-33.374081687442995],[-70.68896333206118,-33.37407835540043],[-70.68896357229033,-33.37407502944941],[-70.68896330472496,-33.37406906920936],[-70.68896328716716,-33.374063104761206],[-70.68896288814621,-33.374059789569955],[-70.68896273867072,-33.37405645987823],[-70.68896177610033,-33.37405055034252],[-70.6889610618421,-33.37404461605869],[-70.68896027745191,-33.37404134964586],[-70.68895973971158,-33.37403804828011],[-70.68895809140666,-33.37403224636073],[-70.68895668732712,-33.37402639939159],[-70.68895552512207,-33.37402321321447],[-70.68895460429584,-33.37401997196863],[-70.6889522861309,-33.37401433354116],[-70.68895020575246,-33.37400863019612],[-70.68894867692542,-33.37400555493929],[-70.68894738188156,-33.37400240502826],[-70.68894441618215,-33.37399698439374],[-70.68894167954038,-33.373991479598985],[-70.68893979881491,-33.37398854487874],[-70.68893814202563,-33.37398551663786],[-70.68893455735332,-33.3739803659998],[-70.68893119080384,-33.37397511276937],[-70.68892897629257,-33.37397234684865],[-70.68892697371375,-33.37396946944137],[-70.68892280459107,-33.37396463840302],[-70.68891884055587,-33.373959687328295],[-70.68891081753043,-33.37395065763457],[-70.68889726405538,-33.37393682072168],[-70.68888221311019,-33.37392412007154],[-70.68886579934163,-33.373912669304545],[-70.68884816958814,-33.373902570859556],[-70.68882948156629,-33.37389391507751],[-70.68880990245967,-33.373886779393246],[-70.68878960742353,-33.37388122764272],[-70.6887687780176,-33.37387730949205],[-70.68874760058215,-33.37387505999308],[-70.68872626457073,-33.37387449926989],[-70.68853570212926,-33.37387705701029],[-70.68840714388394,-33.373871368876365],[-70.68840578133957,-33.373871312053346],[-70.68836894776538,-33.37386986957539],[-70.68836946212166,-33.37386558805714],[-70.68836951264812,-33.37384700536245],[-70.68836739204941,-33.37382850799316],[-70.68836312074944,-33.37381027408894],[-70.6883567398844,-33.373792479251975],[-70.68834831090662,-33.37377529485595],[-70.68833791499273,-33.37375888639553],[-70.68832565226178,-33.37374341189266],[-70.68831164081105,-33.37372902037475],[-70.68829601557873,-33.37371585043939],[-70.68827892704425,-33.37370402891966],[-70.68826053977926,-33.373693669662764],[-70.68824387220337,-33.37368615369027],[-70.68825747466097,-33.37346460480725],[-70.68825747667277,-33.373463895851266],[-70.68825755500109,-33.3734631918877],[-70.6882575372595,-33.373460266263436],[-70.68825786091203,-33.37345455473985],[-70.68825785415909,-33.373450964910546],[-70.688257770457,-33.37344957998417],[-70.68825782478204,-33.3734481940276],[-70.6882577715824,-33.37344544100764],[-70.68827655252902,-33.373125156573785],[-70.68827655261326,-33.373124178213075],[-70.68827665500532,-33.37312320363155],[-70.68827710415403,-33.373113504922145],[-70.68829155768623,-33.37282281527979],[-70.68829139393621,-33.37280423304113],[-70.68828906017248,-33.37278575374768],[-70.68828457887179,-33.37276755536498],[-70.68827799319277,-33.37274981315309],[-70.6882693665602,-33.37273269797896],[-70.68825878205419,-33.37271637467054],[-70.68824634161005,-33.372701000429736],[-70.6882321650365,-33.37268672331836],[-70.6882163888619,-33.37267368083219],[-70.68819916501937,-33.372661998576966],[-70.68818065938358,-33.37265178905862],[-70.68816105017329,-33.372643150599885],[-70.68814052623516,-33.37263616639344],[-70.68811928522486,-33.37263090370059],[-70.68809753170375,-33.3726274132037],[-70.68807547516882,-33.37262572851797],[-70.68805332803518,-33.372625865867796],[-70.68803130359052,-33.37262782393046],[-70.68800961394085,-33.37263158384895],[-70.68798846796817,-33.372637109413425],[-70.68796806931863,-33.37264434741006],[-70.68794861444144,-33.372653228133416],[-70.68793029069703,-33.372663666057775],[-70.68791327455256,-33.37267556066079],[-70.68789772988264,-33.37268879739148],[-70.68788380639101,-33.37270324877346],[-70.68787163816884,-33.3727187756326],[-70.68786134240337,-33.372735228437236],[-70.68785301824924,-33.37275244873834],[-70.68784674587368,-33.37277027069533],[-70.68784258568425,-33.372788522673304],[-70.68784057774717,-33.372807028895934],[-70.68782985689111,-33.373022624582646],[-70.68780366859038,-33.3730416005476],[-70.68765297953061,-33.373036488014456],[-70.68731523128383,-33.37302379057396],[-70.68731345040138,-33.373023797012365],[-70.68731167493064,-33.37302368043575],[-70.68715058909576,-33.37301975838209],[-70.68723793042432,-33.37286294242485],[-70.68724631122248,-33.372845741468296],[-70.6872526422214,-33.372827934104485],[-70.68725686245126,-33.37280969182837],[-70.68725893127024,-33.37279119032324],[-70.68725882875587,-33.37277260776871],[-70.68725655589678,-33.37275412312492],[-70.68725213458319,-33.37273591440894],[-70.68724560739602,-33.37271815698039],[-70.68723703719677,-33.37270102185266],[-70.68722650652204,-33.372684674045956],[-70.68721411678875,-33.37266927099808],[-70.68719998731724,-33.37265496104827],[-70.68718425418226,-33.372641882008594],[-70.68716706890244,-33.37263015983677],[-70.68714859698107,-33.37261990742319],[-70.68712901631228,-33.37261122350366],[-70.6871085154678,-33.372604191708696],[-70.68708729188093,-33.37259887975787],[-70.6870655499452,-33.37259533880794],[-70.68704349904611,-33.372593602960016],[-70.68702135154444,-33.372593688931204],[-70.6869993207314,-33.37259559589356],[-70.68697761877439,-33.37259930548221],[-70.68695645467389,-33.372604781972015],[-70.68693603225066,-33.37261197262176],[-70.68691654818282,-33.372620808182],[-70.68689819011192,-33.37263120356194],[-70.68688113483573,-33.37264305864894],[-70.6868655466057,-33.37265625927262],[-70.68685157554505,-33.372670678304296],[-70.68683935620307,-33.372686176881416],[-70.68682900625929,-33.37270260574465],[-70.68667004501327,-33.37298800794554],[-70.68666977534734,-33.372988561405116],[-70.68666944630505,-33.37298909177466],[-70.68666663468821,-33.372994223954905],[-70.68649775534348,-33.37329830133111],[-70.6864954739703,-33.373302998280955],[-70.68649294221797,-33.373307611087164],[-70.68649259140275,-33.37330834278413],[-70.68639896584091,-33.37348801297751],[-70.68639756456515,-33.373491107533276],[-70.68639657881627,-33.373492928686865],[-70.68639636746224,-33.37349329570639],[-70.68639618906205,-33.37349364875088],[-70.68639593183606,-33.37349412397129],[-70.68639568828165,-33.373494639768616],[-70.68621277218583,-33.373856619415655],[-70.68621147765624,-33.3738588540118],[-70.68621138109431,-33.37385900551042],[-70.68621105690009,-33.37385958031429],[-70.68621035083747,-33.373860799108165],[-70.68621018761601,-33.37386112157508],[-70.6860480672183,-33.374148563773524],[-70.68604591077218,-33.37415292926074],[-70.68581993368903,-33.3745560441512],[-70.68557460729814,-33.37497135990779],[-70.68557180633208,-33.37497540382794],[-70.68556876947483,-33.374979930100174],[-70.68536776340468,-33.37528937076016],[-70.68535813133276,-33.37530610425484],[-70.68535050052544,-33.3753235492888],[-70.68534494447269,-33.375341537857146],[-70.68534151668354,-33.375359896720404],[-70.68534025017081,-33.37537844907279],[-70.6853411571331,-33.375397016245046],[-70.68534422883722,-33.37541541942505],[-70.68534943570232,-33.37543348137992],[-70.68535672758462,-33.37545102816289],[-70.68536603426038,-33.37546789078841],[-70.68537726610207,-33.37548390685975],[-70.68539031494153,-33.375498922132834],[-70.68540505511169,-33.37551279200186],[-70.68542134465676,-33.37552538289178],[-70.68543902669934,-33.37553657354492],[-70.68545793095129,-33.37554625618864],[-70.68547787535361,-33.37555433757326],[-70.68549866782993,-33.375560739870224],[-70.68552010813626,-33.37556540142158],[-70.68554198978948,-33.37556827733379],[-70.68556410205599,-33.37556933991014],[-70.68558623198118,-33.3755685789174],[-70.6856081664404,-33.37556600168444],[-70.68562969419153,-33.375561633031616],[-70.68565060790932,-33.37555551503173],[-70.68567070618222,-33.37554770660488],[-70.68568979545199,-33.37553828295091],[-70.68570769187791,-33.375527334825335],[-70.68572422310724,-33.375514967665126],[-70.68573922993511,-33.37550130057334],[-70.68575256783774,-33.37548646517213],[-70.68576410836422,-33.37547060433507],[-70.6859636319672,-33.3751634436876],[-70.6859675561662,-33.37515777805178],[-70.68597120084911,-33.37515230968105],[-70.68597323556318,-33.375149134669236],[-70.68597667527202,-33.37514354673073],[-70.68622539783634,-33.37472247820004],[-70.68622632228336,-33.37472069867065],[-70.68622740854802,-33.37471898470373],[-70.68645666818,-33.37431001066906],[-70.68645861038817,-33.37430605246819],[-70.68646682748417,-33.3742914833426],[-70.68666376112529,-33.37458330342745],[-70.68667560637023,-33.37459900526473],[-70.68668922893012,-33.3746136573622],[-70.68670449761251,-33.37462711861161],[-70.68672126537169,-33.37463925937318],[-70.6867393707247,-33.37464996272422],[-70.68675863930657,-33.374659125585026],[-70.68677888554963,-33.37466665971179],[-70.68679991447046,-33.374672492546374],[-70.68682152354795,-33.374676567915095],[-70.68684350467356,-33.37467884656969],[-70.68686564615572,-33.3746793065654],[-70.68688773475849,-33.37467794347219],[-70.68690955775513,-33.37467477041757],[-70.686930904977,-33.374669817959976],[-70.68695157083756,-33.37466313379465],[-70.68697135631224,-33.37465478229415],[-70.68699007085534,-33.374644843888504],[-70.68700753423502,-33.374633414290486],[-70.68702357826912,-33.37462060357399],[-70.68703804844478,-33.37460653511373],[-70.6870508054066,-33.37459134439726],[-70.68706172629852,-33.374575177720025],[-70.68707070594719,-33.374558190776405],[-70.6870776578746,-33.374540547160365],[-70.68708251513104,-33.37452241678987],[-70.68708523093976,-33.37450397427051],[-70.6870857791474,-33.374485397213896],[-70.68708415447577,-33.374466864527264],[-70.68708037257274,-33.37444855469038],[-70.68707446986137,-33.37443064403676],[-70.68706650318914,-33.37441330505539],[-70.68705654928047,-33.37439670472983],[-70.6869156254848,-33.37418788270611],[-70.68694157574038,-33.374190754591666],[-70.68706255317922,-33.37427246375217],[-70.68708046655847,-33.374283392032574],[-70.68709957036276,-33.37429279452099],[-70.68711968061127,-33.37430058066583],[-70.68714060363043,-33.37430667548186],[-70.68716213791897,-33.374311020272366],[-70.68718407608868,-33.37431357319441],[-70.68720620686166,-33.37431430966183],[-70.68722831710508,-33.37431322258205],[-70.68725019388383,-33.37431032242434],[-70.68727162651129,-33.37430563711906],[-70.68729240857836,-33.374299211788525],[-70.68731233994133,-33.37429110831264],[-70.6873312286495,-33.37428140473272],[-70.68734889279368,-33.37427019450011],[-70.6873651622582,-33.37425758557607],[-70.6873775708056,-33.37424587840213],[-70.68738179324654,-33.37424594064265],[-70.68738445464797,-33.37424576025657],[-70.68738713658387,-33.374245746463224],[-70.68738718533163,-33.37424574218161],[-70.68738722516689,-33.374245741963506],[-70.68739553801015,-33.37424500904112],[-70.68740386948448,-33.37424444434427],[-70.68740649646944,-33.37424404603705],[-70.68740916436754,-33.374243811708794],[-70.68740921278048,-33.374243803369914],[-70.68740925203797,-33.374243799908676],[-70.68741743922956,-33.37424238687949],[-70.6874256646151,-33.37424113973361],[-70.68742823196106,-33.374240527414095],[-70.68743086005514,-33.37424007473819],[-70.68743090760687,-33.374240062368024],[-70.6874309459645,-33.37424005574788],[-70.68743892865724,-33.374237976220115],[-70.68744696873816,-33.37423605863613],[-70.68744945180605,-33.374235238256574],[-70.6874520147041,-33.374234571540775],[-70.68745206086983,-33.37423455521773],[-70.68745209802084,-33.37423454553969],[-70.6874597993362,-33.374231819540555],[-70.6874675766821,-33.374229249985895],[-70.68746995164955,-33.37422822948343],[-70.68747242458244,-33.374227355115664],[-70.68747246884749,-33.37422733497059],[-70.68747250450006,-33.37422732235082],[-70.68747985026958,-33.37422397613341],[-70.68748728998023,-33.37422077935435],[-70.68748736212319,-33.37422074043015],[-70.68765527066195,-33.37422657050518],[-70.68765600309973,-33.37422798845427],[-70.68765793322795,-33.37423246164271],[-70.68766218922826,-33.37423996437132],[-70.68766341681776,-33.374242340899286],[-70.68786672578322,-33.37459125285426],[-70.68786726326852,-33.37459207090694],[-70.68786771125947,-33.37459292291681],[-70.68805909312036,-33.37491333155636],[-70.6880699759928,-33.374929516282855],[-70.68808269723432,-33.37494472809154],[-70.68809713433285,-33.374958820483855],[-70.68811314825136,-33.37497165774176],[-70.68813058476698,-33.37498311623488],[-70.68814927595612,-33.37499308561114]]]}},{"type":"Feature","properties":{"numpos":"9386","TIPO":"DESCARGO","TENSION":"MT","INCIDENCIA":"DF202671818587","CLITOTAL":"80","CANTAVISOS":"","FECHA_INICIO":"","FECHA_FIN":"","DESCARGO":"DF202671818587(TP20267213817457)","ESTADODESC":"789","ESTADOINC":" ","CLI_PLAN":"1","FECHA_INIDESC":"13-10-2026 10:00","FECHA_FINDESC":"13-10-2026 16:00","FECHA_REPOSICION":"13-10-2026 16:00","id_alim":"1751"},"geometry":{"type":"Polygon","coordinates":[[[-70.62207623690215,-33.429868256778256],[-70.62207494299692,-33.42986747144743],[-70.62206674951987,-33.4298634610108],[-70.62205862445862,-33.42985935388062],[-70.62205718225134,-33.429858778147405],[-70.6220558027726,-33.42985810293781],[-70.62192866321911,-33.42980269820095],[-70.62192529134502,-33.42980140082544],[-70.62192202768777,-33.42979992162832],[-70.6219152251497,-33.42979752771587],[-70.62190852001929,-33.42979494782242],[-70.62190501272062,-33.42979393381205],[-70.62190159186302,-33.42979272996175],[-70.62179201767752,-33.4297593705166],[-70.62176501538245,-33.429752714196766],[-70.62160892259253,-33.429722953340814],[-70.62163629022075,-33.42961427220881],[-70.62163703014556,-33.429610403148736],[-70.6216380284683,-33.42960658561309],[-70.62163878131223,-33.42960124631337],[-70.62163979923773,-33.429595923588806],[-70.62164008331887,-33.4295920122552],[-70.62164063056098,-33.429588131118265],[-70.6216407556215,-33.429582755744356],[-70.62164114643113,-33.42957737493212],[-70.62164097191348,-33.4295734590421],[-70.62164106282114,-33.429569551632575],[-70.62164055890842,-33.42956419188363],[-70.62164031882811,-33.429558804872464],[-70.6216396873907,-33.42955492218843],[-70.62163932108726,-33.429551026086564],[-70.62163819304465,-33.42954573351131],[-70.62163732440035,-33.42954039224956],[-70.6216362421401,-33.429536580212655],[-70.62163542213456,-33.42953273289127],[-70.62163368079224,-33.429527558395456],[-70.6216321919871,-33.42952231438686],[-70.62163066935948,-33.429518609753465],[-70.62162940351337,-33.42951484821992],[-70.62162706558554,-33.42950984157993],[-70.62162497101757,-33.42950474538377],[-70.62162302273445,-33.42950118386892],[-70.62162132318744,-33.429497544311324],[-70.62161841111359,-33.42949275369833],[-70.62161573103464,-33.42948785443898],[-70.62161337592086,-33.42948447036997],[-70.62161125897573,-33.429480987811175],[-70.62160780070742,-33.429476459330196],[-70.62160456102534,-33.4294718042211],[-70.62160182183479,-33.42946863020488],[-70.62159930780282,-33.429465338167134],[-70.62159533653842,-33.429461115415755],[-70.62159156856353,-33.429456749301956],[-70.62158847175722,-33.42945381590946],[-70.62158558476567,-33.42945074609329],[-70.62158113863448,-33.429446869743444],[-70.62157687877414,-33.42944283466812],[-70.62157345426209,-33.42944017013878],[-70.62157022202483,-33.429437352118704],[-70.62156534372487,-33.42943385952641],[-70.62156063312798,-33.42943019432452],[-70.62155691397786,-33.42942782429373],[-70.62155336753189,-33.42942528523414],[-70.62140476591048,-33.429329052371486],[-70.6214037856351,-33.429328479663496],[-70.62140286887849,-33.429327837238084],[-70.6212287995352,-33.429217554516214],[-70.62122552389063,-33.42921568358594],[-70.62122239544568,-33.429213643209245],[-70.62107501627078,-33.42912690734739],[-70.62105568008877,-33.42911671093646],[-70.62103521442214,-33.42910820444687],[-70.62103058550147,-33.429106747847314],[-70.62090594174215,-33.42903678135435],[-70.62078233469944,-33.42896470472639],[-70.62077760941233,-33.428962228595296],[-70.62077303392421,-33.42895956199432],[-70.62065967637538,-33.42890019361042],[-70.62064263270516,-33.42889045355354],[-70.62063540478535,-33.428885221513994],[-70.6206191284284,-33.42887540886209],[-70.62030998724374,-33.428705962498405],[-70.62030468060702,-33.428703141376126],[-70.6203015853264,-33.42870154603882],[-70.62030158189881,-33.42870154406838],[-70.6203015781421,-33.42870154233596],[-70.62030143462515,-33.42870146836596],[-70.62029810191947,-33.42869993426563],[-70.6202948868047,-33.42869821942323],[-70.6202924185988,-33.42869717239076],[-70.62029004903181,-33.42869597582314],[-70.62028892787178,-33.42869552877428],[-70.62028785739838,-33.42869500156113],[-70.62028495967742,-33.428693878684896],[-70.6202821625966,-33.42869258880298],[-70.62028208035423,-33.42869255926843],[-70.62028200715046,-33.42869252557149],[-70.62027851140755,-33.42869127284893],[-70.62027511110055,-33.4286898304111],[-70.62027253238493,-33.42868899127282],[-70.62027003435304,-33.42868799521263],[-70.62026886633312,-33.42868764246032],[-70.62026773938473,-33.42868720576394],[-70.62026640396323,-33.42868681629553],[-70.62011219588352,-33.4286142701585],[-70.62010923473161,-33.42861303317383],[-70.62010638365108,-33.428611628913316],[-70.61999479022741,-33.42856267452533],[-70.61999358617359,-33.42856220791473],[-70.61999243465755,-33.42856165588734],[-70.6198737555423,-33.42851107145928],[-70.61987075547484,-33.42850981615344],[-70.61977262141212,-33.42846951439473],[-70.61964138313847,-33.428413628015015],[-70.61962115438195,-33.4284060364816],[-70.61960013560879,-33.42840014403321],[-70.61957852924017,-33.428396007417064],[-70.61955654335593,-33.42839366647077],[-70.61953438969081,-33.42839314373887],[-70.61951228159532,-33.42839444425553],[-70.61949043198118,-33.428397555496225],[-70.6194690512708,-33.42840244749819],[-70.61944834537093,-33.42840907314913],[-70.61942851368971,-33.4284173686408],[-70.61940974721628,-33.428427254083566],[-70.61939222668151,-33.42843863427575],[-70.6193761208174,-33.42845139962046],[-70.61936158473219,-33.42846542718099],[-70.61934875841659,-33.42848058186484],[-70.61933776539553,-33.42849671772465],[-70.61932871153857,-33.42851367936374],[-70.61932168404023,-33.428531303432656],[-70.61931675058031,-33.42854942020229],[-70.61931395867201,-33.42856785519842],[-70.61931333520425,-33.428586430882156],[-70.6193148861828,-33.428604968359394],[-70.61931859667224,-33.42862328910403],[-70.6193244309398,-33.42864121667704],[-70.61933233279946,-33.428658578425775],[-70.61934222615302,-33.42867520714665],[-70.61935401572285,-33.42869094269556],[-70.6193675879695,-33.428705633530015],[-70.61938281218514,-33.42871913816869],[-70.61939954175226,-33.42873132655393],[-70.61941761555572,-33.4287420813044],[-70.61943685953443,-33.42875129884542],[-70.61956955552323,-33.42880780600999],[-70.61957104867126,-33.428808366362944],[-70.61957248072157,-33.428809029423306],[-70.61967057737286,-33.428849315840964],[-70.61978658101087,-33.42889875993388],[-70.61985686842871,-33.42892959402463],[-70.61977899428385,-33.42905897184755],[-70.61957317065752,-33.42935458206766],[-70.61956294931082,-33.42937107075942],[-70.61955470467721,-33.42938832010177],[-70.61954851615809,-33.42940616397451],[-70.61954444335343,-33.42942443053165],[-70.61954252548792,-33.429442943856436],[-70.61954278103298,-33.42946152565546],[-70.619545207529,-33.42947999697584],[-70.6195497816088,-33.42949817992844],[-70.61955645922275,-33.42951589940124],[-70.6195651760629,-33.4295329847457],[-70.61957584818222,-33.4295492714201],[-70.6195883728031,-33.42956460257442],[-70.61960262930698,-33.429578830560686],[-70.61961848039617,-33.42959181835502],[-70.61963577341592,-33.42960344087733],[-70.61965434182467,-33.429613586195806],[-70.61967400679787,-33.429622156604985],[-70.61969457895025,-33.42962906956669],[-70.61971586015969,-33.42963425850493],[-70.61971889909773,-33.42963473487186],[-70.61972333861404,-33.429643461891736],[-70.6197341191312,-33.42965991580033],[-70.619746789763,-33.429675393792266],[-70.61976122597241,-33.4296897437364],[-70.61977728586852,-33.42970282458895],[-70.61979481160122,-33.42971450777981],[-70.61981363091263,-33.42972467847627],[-70.61983355883028,-33.42973323671176],[-70.61990345908214,-33.42975967504718],[-70.61990204970576,-33.42976427345836],[-70.61989866392707,-33.429782638361516],[-70.619897441285,-33.4298011930939],[-70.61989839355566,-33.42981975896332],[-70.6199015115695,-33.429838157170245],[-70.61990676529969,-33.42985621052966],[-70.61991410415112,-33.42987374517757],[-70.61992345744771,-33.4298905922453],[-70.61993473511295,-33.429906589485945],[-70.61994782853738,-33.42992158283678],[-70.61996261162453,-33.42993542790314],[-70.6199789420053,-33.429947991348826],[-70.61999666240904,-33.42995915218046],[-70.62001560217811,-33.429968802912576],[-70.62003557891151,-33.42997685060286],[-70.62005339957818,-33.429983147029624],[-70.62007252953815,-33.429989068394875],[-70.62009221852504,-33.42999351878328],[-70.62022993530405,-33.430019117024514],[-70.62025028310795,-33.430022088053626],[-70.6202708695363,-33.430023487968676],[-70.6203795219167,-33.4300266943463],[-70.6205280457289,-33.43003108403519],[-70.62053637010231,-33.43003120130787],[-70.62071058439939,-33.430030962592745],[-70.62071058892487,-33.43003096240012],[-70.62071059345124,-33.43003096258018],[-70.62101170839874,-33.43003053928412],[-70.6210298024762,-33.43003129326899],[-70.62134305262869,-33.43006056974057],[-70.62150543225124,-33.430091611689775],[-70.62165111619599,-33.43011938800977],[-70.62173351172815,-33.43014447301791],[-70.62181844638933,-33.43018148578518],[-70.62193059938969,-33.430284928479885],[-70.6219467330964,-33.430298380489575],[-70.62196439920982,-33.43031040308004],[-70.62198341841837,-33.4303208742213],[-70.62200359767637,-33.43032968763068],[-70.6220247321633,-33.43033675385152],[-70.62204660736286,-33.43034200116126],[-70.62206900124035,-33.43034537629937],[-70.62209168649633,-33.43034684500799],[-70.62211443287383,-33.43034639237969],[-70.62213700949549,-33.43034402300872],[-70.62215918720703,-33.4303397609444],[-70.62218074090318,-33.43033364944702],[-70.62219796192385,-33.43032794080796],[-70.62221814787769,-33.43032026881182],[-70.62223733977427,-33.43031097477693],[-70.62225535278452,-33.430300148210435],[-70.62227201343288,-33.43028789337863],[-70.62228716126806,-33.430274328302865],[-70.62230065040829,-33.43025958362274],[-70.62231235094616,-33.43024380133817],[-70.62232215019976,-33.430227133441676],[-70.62232995379782,-33.430209740454615],[-70.62233568658849,-33.43019178988131],[-70.62233929336307,-33.430173454595895],[-70.62234073938768,-33.43015491117727],[-70.62234001073772,-33.43013633820876],[-70.62233711443184,-33.43011791455813],[-70.62233207836437,-33.430099817655005],[-70.62232495103665,-33.43008222178216],[-70.62231580108977,-33.430065296397096],[-70.62230471664361,-33.43004920450009],[-70.62229180444811,-33.43003410106434],[-70.62227718885514,-33.43002013154365],[-70.622261010621,-33.430007430471576],[-70.62224342555078,-33.429996120165825],[-70.62222460299793,-33.42998630955029],[-70.62221129491391,-33.42998080895094],[-70.62212791503711,-33.42990390488977],[-70.62210840965597,-33.429887962065635],[-70.62208675696704,-33.42987410424944],[-70.6220776048626,-33.42986894826714],[-70.62207623690215,-33.429868256778256]],[[-70.62036393195966,-33.42937813229942],[-70.62037122052415,-33.429374334568124],[-70.62038526810036,-33.42936638738798],[-70.62039856543073,-33.429357579375754],[-70.62050628331568,-33.4292805524534],[-70.62051792166116,-33.429272482210216],[-70.62052902842538,-33.429278299118856],[-70.62064970374557,-33.42934866631987],[-70.62065140188983,-33.429349556174586],[-70.62065300924887,-33.429350557584314],[-70.6208038262458,-33.42943521602737],[-70.62080759522051,-33.429437113996855],[-70.62081122353169,-33.42943919578346],[-70.62081708947862,-33.42944189508735],[-70.62082282572078,-33.4294447837266],[-70.62082679841693,-33.42944636280059],[-70.62083065261481,-33.429448136367085],[-70.62083680586056,-33.42945034057538],[-70.62084164892363,-33.429452265603466],[-70.62093665650843,-33.429508179721445],[-70.62044780896252,-33.429511261028814],[-70.62029912204616,-33.42948937420823],[-70.62025140245805,-33.42947395111542],[-70.62028413323839,-33.42942806733012],[-70.62036008082617,-33.42937993857702],[-70.62036355402428,-33.42937832879171],[-70.62036373735138,-33.42937822291795],[-70.62036393195966,-33.42937813229942]]]}},{"type":"Feature","properties":{"numpos":"18157","TIPO":"DESCARGO","TENSION":"MT","INCIDENCIA":"DF202671820101","CLITOTAL":"992","CANTAVISOS":"1","FECHA_INICIO":"","FECHA_FIN":"","DESCARGO":"DF202671820101(TP20267213818151)","ESTADODESC":"789","ESTADOINC":" ","CLI_PLAN":"1","FECHA_INIDESC":"11-10-2026 09:30","FECHA_FINDESC":"11-10-2026 15:30","FECHA_REPOSICION":"11-10-2026 15:30","id_alim":"1945"},"geometry":{"type":"Polygon","coordinates":[[[-70.64321917230636,-33.458283905106356],[-70.64322693698331,-33.45828239281249],[-70.64323474848398,-33.458281060665946],[-70.64323772900082,-33.45828029089521],[-70.64324076686118,-33.45827969922332],[-70.64324831730423,-33.45827755627943],[-70.6432559354115,-33.45827558876844],[-70.64325881156081,-33.458274577830366],[-70.64326176560401,-33.458273739422296],[-70.64326902909791,-33.4582709864662],[-70.64327638044485,-33.45826840253912],[-70.64327912452758,-33.45826716016964],[-70.64328196630443,-33.45826608309979],[-70.64328887289733,-33.45826274664418],[-70.64329588668619,-33.45825957118576],[-70.64329847227529,-33.458258109349636],[-70.64330117441772,-33.458256803990835],[-70.64330765759519,-33.45825291616779],[-70.64331426627906,-33.458249179759605],[-70.64331666847374,-33.45824751253525],[-70.64331920495866,-33.45824599145888],[-70.64332520228405,-33.458241589710376],[-70.64333134221746,-33.458237328336345],[-70.64333353788327,-33.4582354717801],[-70.64333588428285,-33.45823374963501],[-70.64334133799854,-33.45822887635254],[-70.64334695005056,-33.4582241310522],[-70.64334891804204,-33.45822210304378],[-70.64335105175917,-33.458220196415304],[-70.64335590934284,-33.458214898531494],[-70.64336093946645,-33.458209715004855],[-70.64336266083082,-33.45820753507515],[-70.64336456131662,-33.45820546232522],[-70.64336877598728,-33.45819979086181],[-70.64337317573974,-33.458194219029224],[-70.64337463389938,-33.458191908172275],[-70.64337628285124,-33.45818968926267],[-70.64337981401955,-33.45818369883902],[-70.64338354102902,-33.458177792360566],[-70.64338472194116,-33.45817537283125],[-70.64338610347887,-33.45817302913136],[-70.64338891713804,-33.45816677743874],[-70.64339193551173,-33.458160593197135],[-70.64339282780368,-33.45815808829688],[-70.64339392862242,-33.458155642377854],[-70.64339599767573,-33.45814918962363],[-70.64339827834542,-33.458142787176634],[-70.64339887342406,-33.45814022102905],[-70.64339968292249,-33.45813769644647],[-70.64340098744428,-33.458131104774274],[-70.64340250844631,-33.458124545781054],[-70.64343349520787,-33.45794401916614],[-70.64343379500701,-33.45794221074554],[-70.64348305283275,-33.45763419585178],[-70.64348329061801,-33.45763183329819],[-70.64348373375987,-33.45762949162908],[-70.64350922644452,-33.45743282235884],[-70.64350941425224,-33.45743016353122],[-70.6435094282943,-33.45743008194421],[-70.64354370515497,-33.4571270938651],[-70.64354471400935,-33.45710912200163],[-70.6435446987712,-33.45710885627933],[-70.64354471284857,-33.45710860332612],[-70.64354441418092,-33.45710389359933],[-70.64354368344313,-33.4570911510037],[-70.64354356089105,-33.45709043796184],[-70.6435435175774,-33.45708975494343],[-70.64354237206037,-33.45708352101603],[-70.64354062276118,-33.45707334310731],[-70.64354029182245,-33.45707220031592],[-70.64354008962268,-33.45707109994018],[-70.64353812773638,-33.45706472733408],[-70.64353555959553,-33.45705585907599],[-70.64353492244712,-33.45705431589988],[-70.64353446304514,-33.4570528236682],[-70.64353178543388,-33.45704671803988],[-70.6435285396558,-33.45703885674937],[-70.64352750340429,-33.45703695393154],[-70.64352669375053,-33.45703510771628],[-70.64352341888983,-33.45702945373691],[-70.64351962631662,-33.45702248961841],[-70.64351810458642,-33.45702027869997],[-70.64351685893395,-33.45701812810593],[-70.64351311193403,-33.457013024885356],[-70.64351032732648,-33.45700897913398],[-70.6435146761586,-33.45698499550079],[-70.64351689690031,-33.45696699099954],[-70.64351705664622,-33.45694889102285],[-70.64351515393805,-33.45693086095196],[-70.64351120616227,-33.456913065529356],[-70.64350524939127,-33.45689566735336],[-70.64349733805378,-33.45687882539254],[-70.64348754443735,-33.45686269353323],[-70.64347595802793,-33.456847419173414],[-70.6434626846923,-33.456833141875904],[-70.64345998656931,-33.456830750894866],[-70.6434476407398,-33.45681810406413],[-70.6434319872017,-33.456804945078716],[-70.64341487029169,-33.45679313554146],[-70.64339645485468,-33.456782789184096],[-70.64337691824083,-33.45677400564725],[-70.64335644859756,-33.456766869520656],[-70.64333524305778,-33.45676144952879],[-70.64331350584118,-33.45675779786882],[-70.64329144628778,-33.45675594970806],[-70.64326927684178,-33.45675592284525],[-70.64325081702397,-33.45675742424893],[-70.64323653175575,-33.456755724231414],[-70.6432137101374,-33.456754960828334],[-70.64319091319554,-33.45675613288582],[-70.64316837395278,-33.45675922842352],[-70.6431463227977,-33.45676421579995],[-70.64312498512994,-33.45677104403585],[-70.64310457905624,-33.456779643335295],[-70.64308531316108,-33.45678992579914],[-70.6430820265273,-33.45679210002366],[-70.6418196782579,-33.45654884036413],[-70.6418181751808,-33.456546012427175],[-70.641816980443,-33.4565442462791],[-70.64190581181455,-33.456214510999494],[-70.6419096806284,-33.45619584949281],[-70.64191130593062,-33.45617695736896],[-70.64191067146054,-33.45615802365459],[-70.64190778356787,-33.456139237792385],[-70.64190267114911,-33.456120787745554],[-70.6418953853582,-33.456102858117184],[-70.64188599909482,-33.456085628303164],[-70.64187460627492,-33.45606927069724],[-70.64186132089091,-33.45605394896621],[-70.64184627587112,-33.45603981641221],[-70.6418296217498,-33.45602701443899],[-70.64181152516088,-33.456015671137145],[-70.64181138696678,-33.45601560138235],[-70.64181414475186,-33.45600290449557],[-70.64181595874436,-33.455984383994355],[-70.64181559831856,-33.45596580363629],[-70.6418130669469,-33.45594734236028],[-70.64180838900924,-33.45592917795837],[-70.64180160955793,-33.45591148536339],[-70.64179279388387,-33.45589443496432],[-70.64178202688773,-33.45587819096541],[-70.64176941226226,-33.455862909804736],[-70.64175507149365,-33.455848738647624],[-70.64173914269153,-33.455835813969564],[-70.64172177925884,-33.45582426024164],[-70.64170314841459,-33.45581418873206],[-70.64169468932927,-33.45581054566329],[-70.64175245493149,-33.45558536302275],[-70.64176176324976,-33.45557718940122],[-70.6417754254377,-33.45556255477673],[-70.6417873105517,-33.455546868126426],[-70.64179730413225,-33.45553028052179],[-70.64180530993654,-33.455512951710986],[-70.64181125086542,-33.45549504858026],[-70.64181506970567,-33.455476743546825],[-70.64181672968107,-33.455458212898336],[-70.64181621480658,-33.45543963509508],[-70.64181353004209,-33.4554211890514],[-70.64180870124464,-33.4554030524126],[-70.64180177491949,-33.45538539984413],[-70.64179281777197,-33.455368401349524],[-70.64178191606524,-33.45535222063312],[-70.64176917478935,-33.455337013523554],[-70.64175471665018,-33.45532292647301],[-70.64173868088767,-33.45531009514696],[-70.64172122193487,-33.45529864311751],[-70.64170250793065,-33.45528868067342],[-70.64168271910047,-33.45528030375794],[-70.64166204602071,-33.45527359304492],[-70.64164068778338,-33.455268613161856],[-70.64153738106253,-33.455249047619766],[-70.64153503874557,-33.45524068387609],[-70.6415278812008,-33.455223096237404],[-70.64151870154352,-33.45520618135818],[-70.64150758817966,-33.455190102137486],[-70.6414946481377,-33.45517501342652],[-70.64148000603764,-33.45516106053724],[-70.64146380289111,-33.45514837784303],[-70.64144619474307,-33.45513708748458],[-70.64142735116923,-33.455127298193716],[-70.64140745364283,-33.45511910424613],[-70.64138669378704,-33.45511258455359],[-70.64136527152955,-33.45510780190398],[-70.64080832955031,-33.45500770419403],[-70.64052525407281,-33.45495049096545],[-70.64055169948804,-33.45485790436532],[-70.6405557972861,-33.45483964175984],[-70.64055773985305,-33.45482113041308],[-70.6405575084823,-33.454802548599496],[-70.64055510540344,-33.45478407527208],[-70.64055055376076,-33.45476588833889],[-70.64054389739037,-33.45474816294976],[-70.64053520039784,-33.45473106980953],[-70.64052454654086,-33.45471477353402],[-70.64051203842263,-33.4546994310648],[-70.64049779650361,-33.45468519015765],[-70.64048195794147,-33.454672187959744],[-70.64046467527012,-33.45466054968875],[-70.64044611493082,-33.45465038742707],[-70.64042645566914,-33.45464179904232],[-70.64040588681371,-33.45463486724488],[-70.64038460645281,-33.45462965879137],[-70.64036281952674,-33.45462622384183],[-70.64034073585421,-33.45462459547646],[-70.6403185681117,-33.454624789377306],[-70.64029652978526,-33.45462680367701],[-70.6402748331147,-33.454630618976964],[-70.64025368704958,-33.454636198534],[-70.64023329523695,-33.454643488614295],[-70.64021385406019,-33.45465241901082],[-70.64019555074775,-33.4546629037195],[-70.64017856157008,-33.454674841767385],[-70.64016305014208,-33.45468811818516],[-70.64014916584732,-33.45470260511421],[-70.6401370423995,-33.45471816303803],[-70.64012679655468,-33.45473464212584],[-70.64011852698678,-33.45475188367545],[-70.64011231333728,-33.45476972164169],[-70.64003335078466,-33.455046167642664],[-70.64003327641693,-33.45504649906667],[-70.64003168363749,-33.45505163222045],[-70.64002949065011,-33.45506329839952],[-70.64002930251223,-33.455064129511584],[-70.64002928629266,-33.45506428127694],[-70.64002925286843,-33.455064430233925],[-70.64002922124365,-33.455064731578624],[-70.64002823304384,-33.455069988569065],[-70.64001679189721,-33.455159110080245],[-70.63988939665455,-33.45568754044907],[-70.63988266319379,-33.455696368274715],[-70.63987283434984,-33.45571245221605],[-70.63986487936666,-33.45572924827785],[-70.63985887069613,-33.45574660348834],[-70.63984710275567,-33.4557878552274],[-70.63984710090418,-33.45578786349182],[-70.63984709809607,-33.45578787156453],[-70.63983301928468,-33.455837243222476],[-70.6398289584067,-33.455855331808635],[-70.6398270118155,-33.455873665419766],[-70.63982719790424,-33.455892070835986],[-70.63982951491602,-33.45591037415889],[-70.63982978193698,-33.455911461796816],[-70.63968358073397,-33.45639459852789],[-70.63968355803311,-33.456394692722974],[-70.63968352453803,-33.45639478462789],[-70.639683301887,-33.45639552353932],[-70.6396830707552,-33.456396256579026],[-70.63968301654687,-33.45639647049693],[-70.63968299798118,-33.456396532110794],[-70.63968298710742,-33.45639657746738],[-70.63968288411826,-33.45639685242392],[-70.63965177967243,-33.45649681606612],[-70.63965108445028,-33.456499604156164],[-70.63965016447655,-33.456502346123735],[-70.63964881776565,-33.45650869437272],[-70.63964724397987,-33.456515005815895],[-70.63964687813072,-33.45651783759982],[-70.63964628321888,-33.45652064194888],[-70.6396456853255,-33.45652707027476],[-70.63964485714683,-33.45653348062844],[-70.63964482419424,-33.4565363288346],[-70.63964456007382,-33.45653916855775],[-70.63964471675646,-33.45654561505225],[-70.63964464216119,-33.45655206258127],[-70.63964494242272,-33.4565548997799],[-70.63964501163758,-33.456557747529075],[-70.6396459213878,-33.4565641501089],[-70.63964660109478,-33.45657057271999],[-70.63964723167895,-33.45657337158731],[-70.63964763356272,-33.4565761999371],[-70.63964928761958,-33.456582496941856],[-70.63965071508336,-33.45658883278171],[-70.63965166991751,-33.45659156636307],[-70.63965240059999,-33.45659434807488],[-70.63965478303449,-33.456600478860885],[-70.63965694450823,-33.456606666911796],[-70.63965821439696,-33.45660930888123],[-70.63965926684149,-33.45661201716565],[-70.63966235470987,-33.45661792269],[-70.63966522937777,-33.4566239033575],[-70.63966680209151,-33.45662642827136],[-70.63966816616266,-33.45662903704602],[-70.63967192972731,-33.45663466043506],[-70.63967548990512,-33.45664037612198],[-70.63967735029792,-33.45664275966393],[-70.63967901285903,-33.45664524380482],[-70.63968341587508,-33.45665053090211],[-70.63968762727656,-33.45665592656302],[-70.63968975743184,-33.456658145778114],[-70.6396917024717,-33.45666048136156],[-70.63969670253586,-33.45666538124929],[-70.63970152460304,-33.45667040492085],[-70.6397039040064,-33.45667243843677],[-70.63970611279318,-33.4566746029697],[-70.63971166175207,-33.45667906845899],[-70.639717048046,-33.456683671760366],[-70.63971965378238,-33.45668549999315],[-70.63972210504434,-33.456687472629866],[-70.63972814945855,-33.45669146071551],[-70.63973404810613,-33.45669559931409],[-70.63973685508088,-33.45669720465676],[-70.63973952521098,-33.45669896639964],[-70.63974600686934,-33.456702438673936],[-70.63975236106332,-33.45670607271263],[-70.63975534224366,-33.456707439704786],[-70.639758205527,-33.45670897358714],[-70.63976506200736,-33.45671189661005],[-70.63977181055317,-33.456714991090855],[-70.63977493722864,-33.456716106567576],[-70.63977796609012,-33.4567173978172],[-70.63978513136063,-33.4567197434383],[-70.6397922092657,-33.4567222685595],[-70.6397954513244,-33.45672312177801],[-70.63979861659443,-33.45672415795946],[-70.63980602164924,-33.456725903588975],[-70.63981336074917,-33.45672783503217],[-70.63981668696835,-33.45672841777552],[-70.63981995816324,-33.45672918890968],[-70.63983420631797,-33.456731923192216],[-70.6400184978584,-33.45676897483997],[-70.64029786465166,-33.45682524619125],[-70.64023836751265,-33.45706460173224],[-70.64023491582762,-33.45708295794015],[-70.64023362726178,-33.4571015093456],[-70.6402345142261,-33.45712007728846],[-70.64023756818,-33.45713848294921],[-70.6402427597136,-33.457156549071044],[-70.64025003883074,-33.45717410166705],[-70.64025933543067,-33.457190971695766],[-70.64027055998285,-33.457206996689116],[-70.64028360438938,-33.457222022317126],[-70.64029834302585,-33.45723590387423],[-70.64031463395126,-33.45724850767286],[-70.64033232027492,-33.457259712330995],[-70.64035123166745,-33.45726940994109],[-70.64037118600112,-33.457277507109396],[-70.64039199110387,-33.45728392585531],[-70.64041344661013,-33.45728860436247],[-70.64043534589038,-33.45729149757405],[-70.64044743993523,-33.45729208776595],[-70.6404490099541,-33.45729273977895],[-70.64046974415483,-33.457299317749055],[-70.64049114771974,-33.45730416053927],[-70.64051301451957,-33.45730722151061],[-70.64053513396381,-33.457308471184106],[-70.64055729302865,-33.45730789752467],[-70.64057927830885,-33.457305506057075],[-70.64060087807282,-33.45730131981259],[-70.6406218843018,-33.45729537910736],[-70.64064209469322,-33.45728774115401],[-70.6406613146091,-33.45727847951065],[-70.64067935895052,-33.4572676833725],[-70.64069605394016,-33.45725545671281],[-70.64071123879602,-33.45724191728157],[-70.64072476727978,-33.4572271954715],[-70.64073650910514,-33.45721143306221],[-70.64074635119256,-33.45719478185481],[-70.64075419875826,-33.45717740220996],[-70.64075997622693,-33.45715946150345],[-70.64081948304418,-33.45693056623311],[-70.64094134016949,-33.45695548833578],[-70.64094410670539,-33.45695603870438],[-70.64094980663276,-33.456957140920714],[-70.64081842790323,-33.457405205303324],[-70.64081832081911,-33.45740566725663],[-70.6408181626927,-33.45740611946211],[-70.64076037886981,-33.4576075004125],[-70.64075969295055,-33.4576098109899],[-70.64075549741669,-33.45762750140566],[-70.64075332890414,-33.45764544616214],[-70.64075320708834,-33.45766348245213],[-70.64075513307581,-33.45768144663789],[-70.64075908939385,-33.45769917573575],[-70.6407650401492,-33.45771650889482],[-70.64077293135352,-33.45773328885637],[-70.64078269141325,-33.45774936338055],[-70.64078671826259,-33.45775528022956],[-70.64078704396476,-33.45775570850571],[-70.64078732607997,-33.45775616861928],[-70.64079305640882,-33.45776361445888],[-70.64079863513732,-33.45777095010408],[-70.6407990093613,-33.4577713495681],[-70.64079934388694,-33.45777178424182],[-70.64080591662076,-33.457778722695814],[-70.64081232701861,-33.457785565448965],[-70.6408127462001,-33.45778593228511],[-70.64081312987042,-33.457786337303475],[-70.64082048090077,-33.45779270111304],[-70.64082766204642,-33.45779898550987],[-70.6408281221987,-33.45779931620664],[-70.64082855126412,-33.457799687649775],[-70.64083660882592,-33.45780541527444],[-70.64084449253608,-33.457811081043694],[-70.64084498928605,-33.45781137242626],[-70.6408454595516,-33.45781170670898],[-70.64085414495987,-33.45781674294184],[-70.64086265640053,-33.45782173556327],[-70.64086318502778,-33.45782198482275],[-70.64086369189653,-33.45782227873042],[-70.64087292035587,-33.45782657524538],[-70.64088197871126,-33.45783084645924],[-70.64088253419071,-33.45783105117927],[-70.64088307271089,-33.45783130189924],[-70.6408927541816,-33.457834817721015],[-70.64090227338313,-33.45783832598823],[-70.6409028504304,-33.45783848416812],[-70.64090341534613,-33.45783868931692],[-70.64091345546652,-33.4578413912147],[-70.64092334496635,-33.45784410211786],[-70.64092393808527,-33.45784421219221],[-70.64092452389052,-33.45784436983821],[-70.64106736984105,-33.45787642328065],[-70.64108345084425,-33.457879509045604],[-70.6410899916048,-33.45788055508221],[-70.6411997188316,-33.45790254761355],[-70.64120018170411,-33.45790262047027],[-70.64120063437338,-33.457902729425726],[-70.64209533375539,-33.45807875043826],[-70.64209543299036,-33.45807881757379],[-70.64211383284159,-33.45808895649209],[-70.64213332290142,-33.45809754575476],[-70.64215371800202,-33.45810450375831],[-70.64217482437698,-33.458109764397264],[-70.64223760956264,-33.458122658291686],[-70.64224254866117,-33.45812345958121],[-70.64224742939112,-33.4581244817182],[-70.6422890896947,-33.458131405847496],[-70.64231063618188,-33.458134089546974],[-70.64233239086843,-33.45813502135517],[-70.6423518149489,-33.458134281595214],[-70.6423984267828,-33.458145053731386],[-70.6423984277334,-33.45814505395108],[-70.6423984277334,-33.45814505395108],[-70.64239842791777,-33.458145053993675],[-70.6423993807108,-33.4581452723093],[-70.64249102040425,-33.45816608951417],[-70.64249666874409,-33.45816712621766],[-70.64250225053873,-33.45816838373206],[-70.64313103911823,-33.45828263974778],[-70.64313890318626,-33.458283733217705],[-70.64314672826683,-33.45828500814147],[-70.6431498333466,-33.458285253015674],[-70.64315291009329,-33.458285680825625],[-70.6431608641618,-33.45828612293215],[-70.643168800649,-33.4582867488219],[-70.64317191941197,-33.45828673740905],[-70.64317503137039,-33.45828691037887],[-70.64318299883674,-33.4582866968642],[-70.6431909702975,-33.45828666769227],[-70.64319407270806,-33.458286400102274],[-70.64319718990815,-33.45828631656617],[-70.64320509404068,-33.458285449486624],[-70.64321302370504,-33.458284765533946],[-70.6432160798852,-33.45828424434388],[-70.64321917230636,-33.458283905106356]],[[-70.64155141451526,-33.457131966453616],[-70.6415741897512,-33.4571316369508],[-70.64159680962197,-33.457129386647594],[-70.64161904415073,-33.45712523842288],[-70.64164066727857,-33.4571192344519],[-70.64164192565605,-33.45711876245649],[-70.64178147508224,-33.457147712876804],[-70.64178808844534,-33.457149988316175],[-70.64179487659173,-33.45715254161461],[-70.64179833749402,-33.45715351467369],[-70.64180171447481,-33.45715467658044],[-70.64180884124295,-33.45715646788206],[-70.6418158952758,-33.457158451176056],[-70.64181945329881,-33.457159135204165],[-70.64182294988771,-33.457160014065565],[-70.64183025180675,-33.45716121121111],[-70.6418375037916,-33.45716260540041],[-70.64184112466964,-33.45716299380997],[-70.64184470719215,-33.45716358116203],[-70.64185211394002,-33.45716417262223],[-70.64185949403604,-33.457164964280004],[-70.64186314289766,-33.4571650533304],[-70.6418667768521,-33.45716534351658],[-70.64186825357937,-33.45716533956268],[-70.64189475365382,-33.45717072537423],[-70.64188562437673,-33.45720906360194],[-70.64188165927365,-33.457209547739154],[-70.64186014007068,-33.45721401587805],[-70.64183924697213,-33.457220230496375],[-70.64181918118892,-33.4572281317443],[-70.64180013596467,-33.45723764352896],[-70.64178229471469,-33.45724867424722],[-70.64176582925957,-33.45726111766778],[-70.64175089817061,-33.45727485395427],[-70.64173764524249,-33.457289750819314],[-70.64172619810861,-33.4573056647985],[-70.64171666701183,-33.457322442631984],[-70.64170914374273,-33.45733992274046],[-70.64170370075561,-33.4573579367813],[-70.64170039047063,-33.45737631126967],[-70.64169924476901,-33.45739486924933],[-70.64170027468585,-33.457413431996784],[-70.64170347030388,-33.457431820742556],[-70.64170880084885,-33.45744985839276],[-70.6417162149859,-33.45746737123465],[-70.64172564131393,-33.45748419060963],[-70.64173698905302,-33.4575001545374],[-70.6417501489189,-33.45751510927612],[-70.64176499417523,-33.457528910802935],[-70.64178138185416,-33.45754142620096],[-70.6417991541332,-33.45755253493957],[-70.64180681642128,-33.457556407344136],[-70.64179588448685,-33.45760650182198],[-70.64179297027862,-33.45762492338468],[-70.64179275778869,-33.45763021334752],[-70.6414146811951,-33.45755583092208],[-70.64153704297951,-33.45713095682849],[-70.64155141451526,-33.457131966453616]],[[-70.6426036246679,-33.45779928970215],[-70.64251804329365,-33.45777984871811],[-70.64250363257707,-33.45777651834782],[-70.64248793430903,-33.45776432261129],[-70.64247029680081,-33.45775309822495],[-70.64245143295545,-33.4577433752212],[-70.64243152403583,-33.457735247028296],[-70.64243135103301,-33.45773519324042],[-70.64248368092241,-33.45749229702192],[-70.64248399543087,-33.45749027383978],[-70.64252823097593,-33.45729155384813],[-70.64305898901459,-33.45740011828355],[-70.64303486411222,-33.45758622803125],[-70.64298957446205,-33.45786942036907],[-70.6426036246679,-33.45779928970215]],[[-70.6404025521313,-33.45615786370643],[-70.64040173067298,-33.45616095474218],[-70.64036514968103,-33.45633948166189],[-70.64017754529753,-33.45630258470491],[-70.64025211229932,-33.45605616597422],[-70.6402562207925,-33.45605368375794],[-70.64026233700898,-33.45605023926463],[-70.64026520824825,-33.456048253832265],[-70.64026822779334,-33.45604642952196],[-70.64027375428084,-33.45604234433791],[-70.6402794382645,-33.45603841392044],[-70.6402820635117,-33.45603620214652],[-70.64028485519131,-33.45603413853397],[-70.64028987736691,-33.456029618963186],[-70.6402950743778,-33.456025240473814],[-70.64029742835034,-33.45602282365908],[-70.6402999652791,-33.45602054061804],[-70.64030443477658,-33.45601563018662],[-70.64030909476467,-33.45601084579283],[-70.64031115479257,-33.456008247212594],[-70.64031341253848,-33.456005766730165],[-70.64031728631414,-33.45600051272848],[-70.64032136440142,-33.455995368506734],[-70.64032311064561,-33.45599261318677],[-70.64032506746537,-33.45598995915144],[-70.64032830821287,-33.455984412178644],[-70.64033176512532,-33.45597895767069],[-70.64033318076861,-33.45597607214637],[-70.64033481781712,-33.45597327011801],[-70.64033739432666,-33.4559674835945],[-70.64034019677254,-33.4559617713305],[-70.64034126818167,-33.45595878339109],[-70.64034256969344,-33.455955860354806],[-70.64034445715211,-33.455949890008156],[-70.64034657814273,-33.45594397500041],[-70.64034729499966,-33.455940913421415],[-70.6403482484406,-33.45593789752772],[-70.64036142029879,-33.45588608486194],[-70.64037232922814,-33.45584312084745],[-70.6403739843207,-33.455834557623284],[-70.64037570598111,-33.45582600362587],[-70.6403757567772,-33.45582538717229],[-70.64037587467145,-33.45582477720331],[-70.64037652046031,-33.45581611923024],[-70.64037723357558,-33.45580746497037],[-70.6403772120426,-33.45580684731178],[-70.64037725804292,-33.4558062305937],[-70.64037688830943,-33.45579756125288],[-70.64037658601256,-33.455788890075716],[-70.64037649235792,-33.455788277160465],[-70.64037646602135,-33.45578765963265],[-70.64037508432692,-33.455779062414564],[-70.64037376952979,-33.455770457828194],[-70.64037360465548,-33.45576985555898],[-70.6403735062357,-33.45576924316856],[-70.64037112588741,-33.45576080086896],[-70.64036881125287,-33.455752345740244],[-70.64036857674677,-33.45575175991726],[-70.64036840719169,-33.455751158561874],[-70.64036505111413,-33.45574295248454],[-70.64036175893396,-33.455734728240884],[-70.64036145705451,-33.45573416450591],[-70.64036121799705,-33.455733579976936],[-70.64035691851163,-33.45572568915071],[-70.64035268049183,-33.455717774995904],[-70.64035231414634,-33.455717238778014],[-70.64035200788878,-33.45571667670474],[-70.64034680640216,-33.45570917712225],[-70.6403455616834,-33.455707355233805],[-70.64041552220554,-33.45541715601922],[-70.64057720378193,-33.45544775021665],[-70.64040313328766,-33.45615473459799],[-70.6404025521313,-33.45615786370643]],[[-70.64108958367898,-33.456278823982615],[-70.64108923298613,-33.45627980524317],[-70.64103267871036,-33.45647187347885],[-70.64090826297114,-33.4564473483403],[-70.64091900406788,-33.456409901117674],[-70.6409194030134,-33.45640813242876],[-70.64091996760365,-33.45640639573068],[-70.64095169884325,-33.45628572848308],[-70.64098815419662,-33.45614669600554],[-70.64102332939032,-33.45601313555618],[-70.64114162255585,-33.45556235804821],[-70.64128905749139,-33.45559028150036],[-70.64122621221718,-33.455835260404314],[-70.64108983088963,-33.4562778208153],[-70.64108958367898,-33.456278823982615]]]}},{"type":"Feature","properties":{"numpos":"54161","TIPO":"DESCARGO","TENSION":"MT","INCIDENCIA":"DF202671820101","CLITOTAL":"992","CANTAVISOS":"","FECHA_INICIO":"","FECHA_FIN":"","DESCARGO":"DF202671820101(TP20267213818151)","ESTADODESC":"789","ESTADOINC":" ","CLI_PLAN":"1","FECHA_INIDESC":"11-10-2026 09:30","FECHA_FINDESC":"11-10-2026 15:30","FECHA_REPOSICION":"11-10-2026 15:30","id_alim":"1945"},"geometry":{"type":"Polygon","coordinates":[[[-70.64322487886174,-33.45712869507314],[-70.64324661718885,-33.45713234247591],[-70.64326867735345,-33.45713418630856],[-70.6432908469027,-33.457134208813905],[-70.64331291233034,-33.4571324097753],[-70.64333466113291,-33.45712880651855],[-70.64335588385624,-33.457123433745274],[-70.64337637611284,-33.45711634319857],[-70.64339594055008,-33.45710760316473],[-70.64341438875103,-33.45709729781552],[-70.6434315430489,-33.45708552639766],[-70.64344723823827,-33.45707240227691],[-70.64346132316588,-33.457058051846246],[-70.64347366218652,-33.457042613308815],[-70.64348413646923,-33.45702623534662],[-70.64349264514176,-33.45700907568884],[-70.64349910626197,-33.45699129959275],[-70.64350345760688,-33.456973078252176],[-70.64361594365825,-33.456342692275264],[-70.6436166745339,-33.45633654820058],[-70.64361764653933,-33.456330427649135],[-70.64361777375814,-33.456327307617826],[-70.64361814328929,-33.456324201169245],[-70.64361815218896,-33.456318026631266],[-70.64361840380805,-33.456311855692014],[-70.64361816557394,-33.45630874023222],[-70.64361816639041,-33.45630817376792],[-70.64362397498101,-33.45627850356247],[-70.64362705318352,-33.45626278702909],[-70.64362984539241,-33.45624853972261],[-70.64363870269119,-33.45620383817817],[-70.6436387967609,-33.45620315850922],[-70.64363896409102,-33.4562024888118],[-70.64368601188326,-33.455953956639505],[-70.64368601235,-33.45595395417385],[-70.64368601235002,-33.45595395417381],[-70.64368601236298,-33.455953954105404],[-70.64368601236542,-33.45595395408649],[-70.643686711096,-33.45594999284134],[-70.64369740793377,-33.45588457712761],[-70.64369933711703,-33.45586606481924],[-70.64369909228827,-33.45584748315026],[-70.64369667580671,-33.455829011072176],[-70.6436921109457,-33.45581082648109],[-70.64368544166861,-33.455793104504295],[-70.64367673220534,-33.4557760158137],[-70.64366606643368,-33.455759724982315],[-70.6436535470716,-33.45574438889927],[-70.64363929468777,-33.45573015525884],[-70.64362344654072,-33.45571716113821],[-70.6436061552566,-33.45570553167731],[-70.64358758735965,-33.455695378873635],[-70.64356792166824,-33.45568680050371],[-70.64354734757288,-33.45567987918151],[-70.64352606321232,-33.455674681562776],[-70.6435042735654,-33.45567125770314],[-70.64348218847702,-33.455669640576104],[-70.64346002063728,-33.455669845755374],[-70.64343798353319,-33.45567187126507],[-70.64341628939279,-33.45567569759854],[-70.64340927091943,-33.45567755338182],[-70.64340831283434,-33.45567660444469],[-70.64340754427593,-33.455675979414934],[-70.643406844795,-33.45567529977223],[-70.64339959032334,-33.455669510865874],[-70.64339240158557,-33.455663664626165],[-70.64339156364093,-33.45566310575111],[-70.64339078805516,-33.45566248685077],[-70.64338289159816,-33.45565732184993],[-70.6433750538543,-33.45565209439112],[-70.64337415459342,-33.455651607053134],[-70.64337331037201,-33.455651054855345],[-70.64336484797613,-33.455646563501304],[-70.64335643670834,-33.45564200516672],[-70.64335548479154,-33.45564159405907],[-70.6433545800648,-33.45564111388184],[-70.64334563322757,-33.45563733942878],[-70.64333672944036,-33.45563349411721],[-70.64333573403503,-33.45563316319903],[-70.64333477751596,-33.45563275966672],[-70.64332543240047,-33.455629738464715],[-70.64331612184127,-33.455626643208205],[-70.64331509253361,-33.45562639566639],[-70.64331409343404,-33.45562607266523],[-70.64330444003828,-33.45562383380985],[-70.64329481237246,-33.4556215184173],[-70.64329375907526,-33.45562135663584],[-70.64329272701696,-33.455621117276465],[-70.64328285830805,-33.455619682329015],[-70.64327300625459,-33.455618169098805],[-70.64327193911156,-33.45561809463571],[-70.6432708840338,-33.4556179412233],[-70.64326089505188,-33.45561732400292],[-70.64325091349116,-33.45561662750834],[-70.64296589616511,-33.45560850925039],[-70.64280405198166,-33.45555337715256],[-70.64278312921354,-33.455547234041774],[-70.64276158885927,-33.455542839536875],[-70.64273963836303,-33.4555402359591],[-70.64271748911867,-33.45553944838225],[-70.64269535443417,-33.45554048439108],[-70.64267344747728,-33.45554333400841],[-70.64265197922266,-33.455547969791034],[-70.64263115642017,-33.45555434709417],[-70.6426111796037,-33.455562404501286],[-70.64259224116014,-33.45557206441564],[-70.64257452347643,-33.45558323380751],[-70.6425581971832,-33.45559580511009],[-70.64254341951155,-33.455609657255465],[-70.64253033277872,-33.455624656840435],[-70.64251906301757,-33.45564065941134],[-70.6425097187628,-33.455657510855154],[-70.64250239000557,-33.455675048883705],[-70.64249714732699,-33.455693104596484],[-70.64249404121814,-33.455711504107306],[-70.64249401099282,-33.45571210133187],[-70.64246729610717,-33.455880467076035],[-70.64246545509252,-33.45589898569959],[-70.6424657884043,-33.45591756640928],[-70.64246829283393,-33.45593603026268],[-70.6424729442637,-33.45595419944257],[-70.64247969789908,-33.45597189896956],[-70.64248848869993,-33.45598895838718],[-70.64249923200698,-33.456005213403465],[-70.64251182435696,-33.456020507473205],[-70.64252614447913,-33.45603469330559],[-70.64254205446309,-33.45604763428274],[-70.64255940108686,-33.456059205775375],[-70.64257801729264,-33.45606929634318],[-70.64259772379553,-33.45607780880795],[-70.64261833081035,-33.45608466118954],[-70.6426396398792,-33.45608978749542],[-70.64266144578292,-33.4560931383562],[-70.6426835385174,-33.45609468150109],[-70.64270570531616,-33.4560944020687],[-70.64272773269944,-33.45609230275018],[-70.64274940853012,-33.456088403763296],[-70.6427705240569,-33.45608274265769],[-70.64279087592459,-33.45607537395325],[-70.64281026813268,-33.456066368615105],[-70.6428285139229,-33.45605581337009],[-70.64284543757786,-33.456043809871524],[-70.64286087611337,-33.45603047372022],[-70.64287468084795,-33.4560159333512],[-70.64288671883484,-33.456000328796705],[-70.64289026148072,-33.4559945663869],[-70.64290295638263,-33.45606343938676],[-70.642913500891,-33.45614735449493],[-70.64291288414333,-33.45615151050623],[-70.64290363855052,-33.456255108105076],[-70.64290305835662,-33.45627318846863],[-70.64290437313527,-33.45628921417543],[-70.64290390107045,-33.45630359718865],[-70.6429076363168,-33.456452761216404],[-70.64290558939598,-33.45645271769658],[-70.6428986043867,-33.45645314478411],[-70.64289160552019,-33.45645335985926],[-70.64288755526306,-33.456453820364786],[-70.64288347874692,-33.45645406961647],[-70.64287657731332,-33.45645506853337],[-70.64286963729776,-33.45645585759726],[-70.64286566039272,-33.45645664865299],[-70.64286163265196,-33.4564572316296],[-70.6428548812582,-33.456458792755825],[-70.64284806692933,-33.456460148209366],[-70.64284420167573,-33.45646126219708],[-70.64284026149959,-33.45646217328428],[-70.64283372516516,-33.45646428158534],[-70.64282710214805,-33.45646619037492],[-70.64282338577019,-33.45646761656642],[-70.64281957110455,-33.45646884698995],[-70.64274139057788,-33.45649783147788],[-70.64274027098496,-33.4564964113371],[-70.6427262944755,-33.45648198667675],[-70.64271069852288,-33.456468779780074],[-70.64269363332458,-33.456456917836086],[-70.64267526322753,-33.456446515081254],[-70.64265576514521,-33.45643767169929],[-70.642635326854,-33.456430472856354],[-70.64261414518485,-33.4564249878808],[-70.64259242412761,-33.456421269595694],[-70.64257037286664,-33.45641935380996],[-70.6425482037663,-33.45641925897359],[-70.6425261303257,-33.45642098599997],[-70.64250436512286,-33.45642451825698],[-70.64248311776724,-33.456429821727376],[-70.6424625928814,-33.456436845336114],[-70.64244298813024,-33.4564455214425],[-70.6424244923175,-33.45645576649133],[-70.64240728356747,-33.45646748181778],[-70.64239152760956,-33.456480554597384],[-70.64237737618235,-33.45649485893272],[-70.64236496557206,-33.456510257065766],[-70.64235441530026,-33.456526600704606],[-70.64234582697262,-33.456543732451514],[-70.64233928330042,-33.45656148731878],[-70.64233484730401,-33.45657969431762],[-70.64233256170576,-33.45659817810488],[-70.64233244851854,-33.45661676067163],[-70.64233450883386,-33.456635263057606],[-70.64233872281105,-33.45665350707452],[-70.64234504986852,-33.45667131702227],[-70.64235342907438,-33.456688521381004],[-70.6423637797332,-33.456704954462886],[-70.64245584649703,-33.45683521118378],[-70.64246069760074,-33.45684136454663],[-70.64246539899713,-33.45684759901977],[-70.64246680642077,-33.45684911325305],[-70.6424680689624,-33.456850714718314],[-70.6424736162554,-33.45685643988643],[-70.64247902404662,-33.456862258074054],[-70.6424806017613,-33.45686364938254],[-70.64248204549217,-33.45686513940647],[-70.64248823555099,-33.456870381243014],[-70.64249429765725,-33.4568757271127],[-70.64249603046882,-33.456876982097356],[-70.64249764148498,-33.45687834633001],[-70.6425029168447,-33.45688201320468],[-70.64250254677596,-33.4568840054595],[-70.64250129959052,-33.45690255883756],[-70.64250222796166,-33.45692112534396],[-70.64250532295002,-33.456939526173045],[-70.64251055475049,-33.45695758411455],[-70.64251787297917,-33.456975125260314],[-70.64252720715861,-33.45699198067915],[-70.64253846739639,-33.45700798804369],[-70.64255154525091,-33.45702299319373],[-70.64256631477562,-33.45703685162092],[-70.64258263373205,-33.457049429860454],[-70.64260034495958,-33.45706060677642],[-70.64261927788894,-33.4570702747285],[-70.64263925018501,-33.45707834060854],[-70.64266006950277,-33.45708472673727],[-70.64268153533968,-33.45708937161244],[-70.64298885311656,-33.457142540718],[-70.64300493903212,-33.4571479688968],[-70.64302621708941,-33.4571531856603],[-70.6430480027161,-33.45715662911267],[-70.6430700861034,-33.457158266091405],[-70.64309225457482,-33.457158080831455],[-70.64311429463449,-33.45715607511704],[-70.64313599402321,-33.45715226826445],[-70.64315714376279,-33.457146696936],[-70.64317754016858,-33.457139414787044],[-70.64319698681106,-33.457130491949044],[-70.64320776453108,-33.457124324441786],[-70.64322487886174,-33.45712869507314]]]}},{"type":"Feature","properties":{"numpos":"54637","TIPO":"DESCARGO","TENSION":"MT","INCIDENCIA":"DF202671820101","CLITOTAL":"992","CANTAVISOS":"","FECHA_INICIO":"","FECHA_FIN":"","DESCARGO":"DF202671820101(TP20267213818151)","ESTADODESC":"789","ESTADOINC":" ","CLI_PLAN":"1","FECHA_INIDESC":"11-10-2026 09:30","FECHA_FINDESC":"11-10-2026 15:30","FECHA_REPOSICION":"11-10-2026 15:30","id_alim":"1945"},"geometry":{"type":"Polygon","coordinates":[[[-70.64249579764198,-33.4569021706271],[-70.64251722932532,-33.45689741637625],[-70.64253800186488,-33.456890924200906],[-70.64255791520876,-33.45688275662466],[-70.64257677757976,-33.456872992306224],[-70.64259440732236,-33.45686172528185],[-70.64261063465217,-33.45684906405971],[-70.6426253032911,-33.45683513057487],[-70.64263827197234,-33.456820059014994],[-70.64264941580092,-33.456803994527924],[-70.64265862745637,-33.45678709182397],[-70.64266581822639,-33.45676951368579],[-70.64267091886103,-33.4567514294008],[-70.64267388023968,-33.45673301313076],[-70.64267467384398,-33.45671444223453],[-70.6426732920325,-33.456695895559996],[-70.64266974811417,-33.45667755172164],[-70.64266565087692,-33.45666457472264],[-70.64266915510495,-33.45666162365716],[-70.64268317916044,-33.45664723143853],[-70.64269545272361,-33.456631756309974],[-70.64270585759392,-33.45661534730603],[-70.64271429356761,-33.45659816245476],[-70.64272067940264,-33.45658036725606],[-70.64272495360112,-33.456562133087736],[-70.64272707500149,-33.45654363555496],[-70.64272702317488,-33.45652505279912],[-70.64272479862178,-33.45650656378232],[-70.64272042276724,-33.45648834656372],[-70.64271393775434,-33.4564705765848],[-70.64270540603844,-33.456453424979856],[-70.64269490978556,-33.456437056927776],[-70.64268255008112,-33.45642163006134],[-70.64266844595626,-33.45640729294918],[-70.64265273324163,-33.456394183664926],[-70.64263556325923,-33.45638242845757],[-70.64261710136503,-33.45637214053566],[-70.64259752535659,-33.456363418976984],[-70.64257702376077,-33.45635634777447],[-70.64255579401808,-33.456350995027286],[-70.6425340405814,-33.45634741228504],[-70.6425119729469,-33.456345634051296],[-70.64248980363661,-33.4563456774514],[-70.6424677461517,-33.456347542067384],[-70.64232875114479,-33.456365102523854],[-70.64230662522449,-33.456368853952426],[-70.64228505642838,-33.456374437608694],[-70.64226426012638,-33.456381797738494],[-70.64224444397506,-33.4563908608491],[-70.6422258058441,-33.45640153644306],[-70.64220853184057,-33.45641371792185],[-70.64219279445058,-33.456427283650214],[-70.64217942200823,-33.45644139013629],[-70.6421792527774,-33.45644060833085],[-70.64217312081978,-33.456422620369175],[-70.64216490124446,-33.456405227377616],[-70.64215467428075,-33.4563885991225],[-70.6420865651855,-33.4562901292196],[-70.6421094157164,-33.45609674116334],[-70.64211051536313,-33.45607777666543],[-70.64210934377758,-33.45605881519444],[-70.64210791473819,-33.45605099833638],[-70.64210825657095,-33.45604918915269],[-70.64210957002645,-33.45603082577106],[-70.64210875146631,-33.456012442214956],[-70.64210580861763,-33.45599421199296],[-70.64210076925707,-33.45597630716634],[-70.64209368094858,-33.45595889672514],[-70.64208674303424,-33.455946083325145],[-70.64208387853007,-33.45593592958712],[-70.6420778184892,-33.455921110959636],[-70.64208711897255,-33.45591243212442],[-70.64210024571946,-33.45589745709695],[-70.64211155815939,-33.45588147567926],[-70.64212094734806,-33.45586464178165],[-70.64212832286341,-33.455847117524165],[-70.64213361367628,-33.455829071675296],[-70.6421367688345,-33.45581067802668],[-70.64213748208064,-33.455797291448015],[-70.64217573725387,-33.45580493201298],[-70.64225035793686,-33.455821351619306],[-70.64225206957666,-33.455828172213266],[-70.6422588983888,-33.45584620882425],[-70.64226784073092,-33.455863584065966],[-70.64227880730117,-33.455880124420055],[-70.64229168858263,-33.4558956647056],[-70.64238787301646,-33.45600014698668],[-70.64240226146282,-33.45601428415848],[-70.64241823375143,-33.45602717109551],[-70.64243563606036,-33.45603868368898],[-70.64245430079544,-33.45604871106575],[-70.64247404820449,-33.456057156656215],[-70.64249468810829,-33.45606393912428],[-70.64251602173223,-33.4560689931507],[-70.64253784362064,-33.45607227006219],[-70.64255994361548,-33.45607373830012],[-70.64258210888036,-33.456073383724515],[-70.6426041259503,-33.4560712097502],[-70.64262578278748,-33.456067237313924],[-70.64264687082351,-33.45606150467267],[-70.64266718696801,-33.4560540670353],[-70.64268653556447,-33.45604499603077],[-70.64270473027464,-33.45603437901832],[-70.64272159587308,-33.456022318246134],[-70.64273696993473,-33.456008929866634],[-70.642750704399,-33.45599434281776],[-70.64276266699594,-33.455978697581365],[-70.6427727425198,-33.45596214483013],[-70.6427808339386,-33.45594484397648],[-70.64278686332864,-33.4559269616375],[-70.64279077262479,-33.45590867003015],[-70.64279252417971,-33.455890145312765],[-70.64279210112639,-33.455871565888536],[-70.64278950754037,-33.45585311068742],[-70.6427847684007,-33.45583495744292],[-70.64277792934911,-33.45581728098041],[-70.64276943510471,-33.4558009786391],[-70.642772808626,-33.4557968215939],[-70.64278340727576,-33.455780532968234],[-70.64279205330936,-33.45576345309526],[-70.64279866372101,-33.455745745951816],[-70.64280317504812,-33.45572758153685],[-70.64280554398067,-33.4557091342392],[-70.64280574777698,-33.45569058116348],[-70.64280378448183,-33.455672100429716],[-70.64279967294532,-33.45565386946325],[-70.64279345264181,-33.45563606329149],[-70.64278518329087,-33.45561885286345],[-70.64277494428393,-33.455602403408534],[-70.64276283392199,-33.45558687285038],[-70.6427489684719,-33.45557241029061],[-70.64273348105013,-33.455559154577394],[-70.64271652034468,-33.45554723297256],[-70.6426982491876,-33.45553675992974],[-70.64267884299188,-33.45552783599555],[-70.64265848806718,-33.45552054684431],[-70.64263737983133,-33.455514962455695],[-70.64234761205743,-33.45545120209586],[-70.6423454415856,-33.45545000161631],[-70.64232582999244,-33.45544133673492],[-70.64230529962163,-33.4554343248777],[-70.64228404819083,-33.455429033572315],[-70.64188339781963,-33.45534697259734],[-70.64186175349906,-33.45534346750086],[-70.64184187568881,-33.45534190973641],[-70.64183387205931,-33.455338546217924],[-70.64181317568834,-33.45533188611135],[-70.641791800189,-33.45532695850355],[-70.64176995141779,-33.45532381084973],[-70.64174783978899,-33.45532247346343],[-70.64172567824835,-33.45532295922438],[-70.64170368022218,-33.455325263454476],[-70.64168205756216,-33.455329363962925],[-70.64166101850513,-33.45533522125984],[-70.64164076566763,-33.45534277893667],[-70.64162149409464,-33.45535196420929],[-70.6416033893813,-33.455362688619026],[-70.64158662588547,-33.455374848884496],[-70.64157136504862,-33.45538832789627],[-70.64155775384108,-33.455402995844665],[-70.64154592334664,-33.45541871146987],[-70.64153598750002,-33.45543532342233],[-70.64152804198977,-33.45545267172026],[-70.64152216333653,-33.455470589290464],[-70.64145774671137,-33.455712852940934],[-70.64144862779172,-33.4557173503786],[-70.64143056817461,-33.45572840803544],[-70.64141390143283,-33.455740908328984],[-70.64139879091653,-33.455754728744765],[-70.64138538472366,-33.455769733829875],[-70.6413738142484,-33.45578577652044],[-70.64136419289338,-33.45580269958295],[-70.64135661495817,-33.455820337155345],[-70.64135115471507,-33.455838516372644],[-70.6413371368194,-33.45589735134606],[-70.64133577773806,-33.45589913727081],[-70.64132564553165,-33.45591592231152],[-70.64131755015205,-33.45593346720766],[-70.64131157149332,-33.45595159880982],[-70.64130776855978,-33.45597013817828],[-70.64129117878637,-33.45608489829736],[-70.64128953842462,-33.456107850350996],[-70.64129122890083,-33.45613079984946],[-70.6412957054743,-33.45616129902686],[-70.64129235945227,-33.45617744667524],[-70.6412907248188,-33.45619597890874],[-70.64129126511705,-33.456214556206035],[-70.64129397514502,-33.45623299965751],[-70.64129882880498,-33.45625113164246],[-70.64130577935477,-33.45626877753969],[-70.64131475985788,-33.456285767409184],[-70.64132568382803,-33.45630193762877],[-70.64133844606211,-33.45631713246985],[-70.64135292365329,-33.45633120559727],[-70.64136897717452,-33.45634402147853],[-70.64138645202155,-33.45635545668914],[-70.64140517990164,-33.45636540110119],[-70.64142498045447,-33.4563737589441],[-70.64144566298899,-33.45638044972679],[-70.64146702832004,-33.45638540901302],[-70.64148887068656,-33.45638858904195],[-70.64151097973333,-33.456389959187945],[-70.64153314253676,-33.456389506255725],[-70.64155514565554,-33.45638723460735],[-70.64157677718627,-33.45638316612023],[-70.64158658135594,-33.45638045276626],[-70.64159195126224,-33.45639682103454],[-70.64160026968244,-33.45641478837916],[-70.6416107238518,-33.4564319539059],[-70.64163662481211,-33.45646961701426],[-70.6416224760351,-33.456482303098745],[-70.64161748708659,-33.456487241228636],[-70.64161232468513,-33.45649205246398],[-70.64161032725256,-33.456494328129665],[-70.64160814906278,-33.45649648413118],[-70.64160376157642,-33.456501808373126],[-70.64159918663387,-33.45650702058237],[-70.64159746492398,-33.45650944939853],[-70.6415955493343,-33.45651177397774],[-70.64159180556406,-33.456517433056625],[-70.64158786213986,-33.45652299604348],[-70.64158643273375,-33.45652555461939],[-70.64158479819244,-33.4565280253894],[-70.64158173419318,-33.45653396480524],[-70.64157846026487,-33.45653982499539],[-70.6415773369286,-33.45654248869066],[-70.64157599917736,-33.45654508185661],[-70.64157364445742,-33.45655124440977],[-70.64157107155502,-33.45655734536648],[-70.64157026510713,-33.456560088528285],[-70.64156923702934,-33.45656277911667],[-70.64156761426636,-33.456569105458506],[-70.64156576716876,-33.45657538842632],[-70.64156528537598,-33.45657818463658],[-70.64156457687278,-33.45658094673558],[-70.64156370169525,-33.456587375940074],[-70.64156259819147,-33.45659378041061],[-70.64156244569392,-33.456596602740305],[-70.64156206358878,-33.456599409749444],[-70.64156194442562,-33.456605879899875],[-70.64156159514347,-33.45661234419464],[-70.64156177340998,-33.45661516546318],[-70.64156172138301,-33.45661799034943],[-70.64156235938232,-33.45662443913472],[-70.64156276768605,-33.456630900998995],[-70.64156327500004,-33.45663369403602],[-70.64156355355247,-33.4566365095942],[-70.64156494257047,-33.456642874908944],[-70.64156610452837,-33.456649272111434],[-70.64156693600431,-33.45665201001844],[-70.64156754245377,-33.45665478913312],[-70.64156966911386,-33.45666100967581],[-70.6415715735361,-33.45666728060788],[-70.64157272116663,-33.45666993701725],[-70.64157364967284,-33.45667265292406],[-70.6415764934946,-33.45667866878737],[-70.64157912204091,-33.45668475305633],[-70.64158057477388,-33.45668730238539],[-70.64158181639499,-33.45668992892853],[-70.64158534999113,-33.456695682176225],[-70.6415886773476,-33.45670152118721],[-70.64159042119255,-33.45670393888445],[-70.64159196397122,-33.4567064507688],[-70.64159615331155,-33.456711885993776],[-70.6416001474342,-33.456717423513716],[-70.64160216559705,-33.45671968629534],[-70.64160399467556,-33.45672205933],[-70.64160879941466,-33.45672712418789],[-70.64161342183809,-33.45673230688726],[-70.64161569488283,-33.45673439296127],[-70.64161779264627,-33.456736604292644],[-70.64162316651203,-33.456741250005955],[-70.64162837271984,-33.45674602797225],[-70.64163087875588,-33.45674791724861],[-70.64163322500166,-33.456749945580164],[-70.64163911624078,-33.45675412740793],[-70.64164485609436,-33.456758454626566],[-70.64164757098719,-33.4567601289104],[-70.64165014311963,-33.45676195470813],[-70.64165649499613,-33.456765632376836],[-70.64166271321757,-33.45676946717417],[-70.64166561082122,-33.45677091034112],[-70.64166838406925,-33.45677251602153],[-70.64167513541099,-33.45677565411308],[-70.64168177211512,-33.456778959557646],[-70.64168482452394,-33.45678015770916],[-70.64168777217961,-33.45678152780861],[-70.64169485796727,-33.45678409610131],[-70.64170184923871,-33.45678684035972],[-70.6417050270562,-33.45678778195686],[-70.64170812073185,-33.45678890328045],[-70.64171547272512,-33.456790877040085],[-70.64172275123376,-33.45679303368349],[-70.64172602385567,-33.45679370965814],[-70.64172923375732,-33.456794571406846],[-70.64173678115188,-33.456795931624875],[-70.64174427680149,-33.4567974798836],[-70.64207484904973,-33.456851494022004],[-70.64207590592083,-33.45685162196287],[-70.64207694510873,-33.45685182790218],[-70.64240766067437,-33.45690315181664],[-70.64242963150116,-33.45690563413571],[-70.64245178680434,-33.45690629938811],[-70.6424739132149,-33.45690514116709],[-70.64249579764198,-33.4569021706271]]]}},{"type":"Feature","properties":{"numpos":"3015","TIPO":"DESCARGO","TENSION":"MT","INCIDENCIA":"DF202671815135","CLITOTAL":"224","CANTAVISOS":"","FECHA_INICIO":"","FECHA_FIN":"","DESCARGO":"DF202671815135(TP20267213817726)","ESTADODESC":"789","ESTADOINC":" ","CLI_PLAN":"1","FECHA_INIDESC":"13-10-2026 10:00","FECHA_FINDESC":"13-10-2026 18:00","FECHA_REPOSICION":"13-10-2026 18:00","id_alim":"1946"},"geometry":{"type":"Polygon","coordinates":[[[-70.61475260368124,-33.49341415738129],[-70.61476988569976,-33.493307223316435],[-70.61476998508206,-33.49330625183094],[-70.61477018585254,-33.493305291403594],[-70.61477129616736,-33.49329784591833],[-70.6147714335796,-33.493296318098],[-70.61477171989844,-33.493294804842925],[-70.61480280919835,-33.49305485182764],[-70.61480328694368,-33.493051164490176],[-70.61483485581394,-33.492825292764664],[-70.61486981707826,-33.49260503686831],[-70.61487052639652,-33.49260056815339],[-70.61487052639666,-33.492600568152],[-70.61487052639694,-33.49260056815064],[-70.61487123570967,-33.492596099469665],[-70.61490097730322,-33.492408726559546],[-70.6149018462509,-33.492402453330016],[-70.61490229363746,-33.49239867417124],[-70.61490229637404,-33.492398628147164],[-70.61490230477976,-33.492398580731084],[-70.61493804744404,-33.4920951192647],[-70.61493864607925,-33.492090207469666],[-70.61493864607971,-33.4920902074624],[-70.614938646081,-33.49209020745519],[-70.61498449790164,-33.49171399212769],[-70.61498464318372,-33.49171168341405],[-70.61498499095775,-33.491709391445134],[-70.6150019517253,-33.491526081703164],[-70.61511211993957,-33.49153554706589],[-70.61513426723306,-33.491536533290784],[-70.61515642325232,-33.49153569588862],[-70.61517837462132,-33.49153304292414],[-70.61519990993511,-33.49152859994702],[-70.61522082179562,-33.49152240974588],[-70.61524090880914,-33.49151453193611],[-70.61525997752591,-33.491505042385825],[-70.61527784430315,-33.49149403248507],[-70.61529433707366,-33.4914816082658],[-70.61530929700291,-33.49146788938061],[-70.61532258001884,-33.491453007950405],[-70.61533405819912,-33.49143710729205],[-70.61534362100333,-33.49142034053808],[-70.61535117633736,-33.4914028691619],[-70.61535665144028,-33.49138486142276],[-70.6153599935851,-33.49136649074526],[-70.6153611705865,-33.49134793404922],[-70.61536017111068,-33.49132937004577],[-70.61535700478453,-33.49131097751632],[-70.61535170210281,-33.49129293359076],[-70.61534431413449,-33.4912754120417],[-70.61533491203075,-33.491258581610815],[-70.61532358633984,-33.49124260438388],[-70.61531044613498,-33.491227634229816],[-70.61529561796394,-33.49121381531884],[-70.61527924463014,-33.491201280734],[-70.6152614838176,-33.49119015118969],[-70.61524250657222,-33.49118053386891],[-70.61522249565452,-33.49117252139128],[-70.61520164377971,-33.491166190920865],[-70.61518015176162,-33.49116160342326],[-70.6151582265789,-33.491158803078335],[-70.61478991713595,-33.49112715845938],[-70.61477044097192,-33.491123216863286],[-70.61474847589713,-33.49112064537679],[-70.6147431164858,-33.491120241321184],[-70.61468867612354,-33.49111613695196],[-70.61468709852754,-33.49111601801343],[-70.61468379689877,-33.491115675096296],[-70.6146806114518,-33.49109748012855],[-70.61467629486016,-33.49107916492399],[-70.61466984680354,-33.491061294874285],[-70.61466132995758,-33.49104404367431],[-70.61465082710619,-33.49102757900363],[-70.61463844033682,-33.4910120608968],[-70.61462429004823,-33.490997640187814],[-70.61460851378007,-33.490984457044014],[-70.61459126487617,-33.49097263960374],[-70.6145727109939,-33.49096230273083],[-70.61455303247467,-33.49095354689822],[-70.61453242059098,-33.490946457211265],[-70.6145110756874,-33.49094110258074],[-70.61448920523316,-33.490937535052815],[-70.61438620312003,-33.49092511206647],[-70.61438235433205,-33.49092480843904],[-70.6143785365875,-33.490924299249976],[-70.61436764702681,-33.49092330289489],[-70.61411894722102,-33.49090044109645],[-70.61411894712344,-33.49090044184159],[-70.61411390746363,-33.49089987560828],[-70.61411388247483,-33.490899874872554],[-70.6141138576917,-33.4908998720927],[-70.6141109514432,-33.49089978706459],[-70.6138707582704,-33.490880807297124],[-70.61363117108323,-33.490859022559235],[-70.61363104160145,-33.4908590161498],[-70.61363091258438,-33.490858999144265],[-70.6136167244116,-33.49085772290846],[-70.61324056909356,-33.49082390165444],[-70.6132288098841,-33.49082284411046],[-70.61296277189254,-33.4907962215627],[-70.6129406474946,-33.49079492583708],[-70.61291847805515,-33.490795453356306],[-70.61289647707663,-33.490797799040145],[-70.61287485643918,-33.49080194029853],[-70.61285382436012,-33.490807837249214],[-70.61283358338875,-33.490815433101695],[-70.61281432845585,-33.4908246547042],[-70.61279624499626,-33.4908354132482],[-70.6127795071632,-33.49084760512356],[-70.61276427615095,-33.490861112916456],[-70.61275069864267,-33.49087580654004],[-70.61273890539756,-33.49089154448718],[-70.61272900999167,-33.49090817519341],[-70.61272110772403,-33.49092553849632],[-70.61271527469889,-33.49094346717817],[-70.61271156709267,-33.49096178857622],[-70.61271002061298,-33.49098032624554],[-70.61271065015468,-33.49099890165826],[-70.61271344965625,-33.49101733592295],[-70.61271839215837,-33.49103545150739],[-70.61272543006322,-33.49105307394828],[-70.61273449559305,-33.491070033531514],[-70.6127455014427,-33.491086166926586],[-70.6127583416205,-33.49110131875958],[-70.61277289246894,-33.49111534310946],[-70.61278901385552,-33.49112810491355],[-70.61280655052238,-33.4911394812681],[-70.61282533358138,-33.49114936261204],[-70.61284518214082,-33.491157653782125],[-70.61286590504727,-33.491164274929474],[-70.61288730272679,-33.4911691622884],[-70.61290916910677,-33.491172268790756],[-70.61317654834818,-33.491199025521595],[-70.61317789592162,-33.491199104439836],[-70.61317923037609,-33.491199280308265],[-70.61319233404755,-33.49120045876243],[-70.61319233653205,-33.49120045888297],[-70.61319233899046,-33.491200459206915],[-70.61338772251872,-33.4912180268472],[-70.61338785707427,-33.491222061331726],[-70.61339064663805,-33.49124049664981],[-70.61339557937903,-33.491258614099316],[-70.61340260779346,-33.49127623919898],[-70.6134116641949,-33.491293202209135],[-70.61341221856499,-33.491294015707496],[-70.61341304642396,-33.49129556311056],[-70.61342405848086,-33.49131169353988],[-70.61343690449405,-33.49132684191399],[-70.61345146074981,-33.49134086234519],[-70.61346758706358,-33.49135361980851],[-70.61348512813,-33.491364991442005],[-70.61350391501863,-33.491374867730116],[-70.6135237668008,-33.49138315355826],[-70.61354449229215,-33.49138976912898],[-70.61356589189376,-33.491394650730335],[-70.61358775951457,-33.4913977513496],[-70.61366797861811,-33.49140575705781],[-70.61365083555668,-33.491534421297075],[-70.6136507606912,-33.491535430274],[-70.61365063436368,-33.491536127542],[-70.61362302200715,-33.49176313645342],[-70.6136225524346,-33.4917657423074],[-70.61359261601343,-33.49193187168696],[-70.61357887835375,-33.491934596011134],[-70.61355790058062,-33.491940627888134],[-70.61353772944689,-33.49194835353453],[-70.61351855921075,-33.49195769854855],[-70.61350057449141,-33.49196857293315],[-70.61348394849118,-33.49198087196261],[-70.61346884132736,-33.49199447719115],[-70.61345539849037,-33.49200925759352],[-70.61344374944251,-33.492025070826934],[-70.61343400637112,-33.49204176460178],[-70.61342626310821,-33.49205917814832],[-70.61342059422671,-33.49207714376492],[-70.61341705432231,-33.49209548843313],[-70.6134156774875,-33.4921140354839],[-70.61341647698339,-33.49213260629903],[-70.61341944511176,-33.49215102203132],[-70.61342455328922,-33.492169105327044],[-70.61343175232248,-33.492186682033825],[-70.61344097288197,-33.492203582878055],[-70.61345212616953,-33.49221964509484],[-70.61346510477354,-33.49223471399576],[-70.61347978370335,-33.49224864445852],[-70.61349602159295,-33.49226130232455],[-70.61351366206246,-33.492272565691096],[-70.6135325352241,-33.492282326085295],[-70.61355245931831,-33.49229048950865],[-70.61355490583584,-33.492291253233475],[-70.61354728380932,-33.49236673582986],[-70.61349670742486,-33.49272679054561],[-70.6134804554672,-33.49280985318005],[-70.61346263370451,-33.49281492712343],[-70.61344243458075,-33.492822601633776],[-70.61342323051645,-33.49283189803978],[-70.61340520645659,-33.492842726812526],[-70.61338853598234,-33.49285498366553],[-70.61337337963936,-33.49286855055919],[-70.61335988339161,-33.49288329683747],[-70.6133481772158,-33.49289908048621],[-70.61333837384942,-33.49291574950072],[-70.61333056770515,-33.49293314334971],[-70.6133248339615,-33.49295109452125],[-70.6133212278388,-33.49296943013603],[-70.61331978406727,-33.492987973612145],[-70.61332051655266,-33.493006546365855],[-70.61332341824209,-33.49302496953131],[-70.61332846119203,-33.49304306568314],[-70.61333559683735,-33.493060660545254],[-70.61334475645896,-33.49307758466912],[-70.61335585184555,-33.493093675065694],[-70.61336877614316,-33.49310877677513],[-70.61338340488412,-33.493122744359205],[-70.61339959718579,-33.49313544330183],[-70.61341719710734,-33.49314675130472],[-70.61342032740383,-33.49314838111597],[-70.61340734990328,-33.493412459732866],[-70.61340739675701,-33.49341740625845],[-70.61340717238816,-33.493422354181234],[-70.61340728189043,-33.49343061037862],[-70.61340861625139,-33.49344915960588],[-70.61341211417738,-33.49346750992975],[-70.6134177419828,-33.49348548462637],[-70.61342544547,-33.49350291058925],[-70.61343515045115,-33.49351961999647],[-70.61344676346286,-33.493535451926796],[-70.61346017266604,-33.49355025390956],[-70.61347524892307,-33.49356388339302],[-70.61349184704137,-33.49357620911723],[-70.61350980717182,-33.49358711237812],[-70.61352895634803,-33.493596488170844],[-70.61354911015226,-33.493604246200896],[-70.61357007449143,-33.49361031175379],[-70.61359164746632,-33.493614626414626],[-70.61361362131618,-33.49361714863064],[-70.61363578441943,-33.493617854111385],[-70.6136579233319,-33.49361673606269],[-70.6136798248424,-33.4936138052521],[-70.61370127802607,-33.49360908990515],[-70.61372207627588,-33.49360263543349],[-70.61374201929226,-33.49359450399767],[-70.61376091501226,-33.49358477390828],[-70.61377858145917,-33.49357353887198],[-70.61379484849515,-33.493560907088856],[-70.61380955945968,-33.49354700021046],[-70.61382257267832,-33.49353195216819],[-70.61383376282716,-33.493515907883456],[-70.61384302213969,-33.493499021871976],[-70.6138502614446,-33.493481456755696],[-70.61385541102455,-33.49346338169657],[-70.61385842128753,-33.493444970767555],[-70.6138592632444,-33.49342640127607],[-70.61385921939261,-33.493423096254446],[-70.61386955574243,-33.49321274009679],[-70.61391064419679,-33.49321668962011],[-70.61393370225814,-33.4932317612485],[-70.61389920350972,-33.49345695695762],[-70.61389851852252,-33.49346142830056],[-70.61389792471707,-33.49346774749438],[-70.61389709576656,-33.49347404807785],[-70.61389681735773,-33.493477886054144],[-70.61389653575341,-33.49348176807917],[-70.61389627811404,-33.49350034971118],[-70.61389819549717,-33.493518863025905],[-70.61390226943868,-33.49353712972993],[-70.61390846070562,-33.49355497390463],[-70.61391670967377,-33.49357222370049],[-70.61392693690209,-33.493588712992164],[-70.61393904389752,-33.49360428297823],[-70.61395291406359,-33.493618783710694],[-70.61396841382329,-33.49363207553896],[-70.61398539390541,-33.49364403045494],[-70.61400369078221,-33.49365453332566],[-70.61402312824421,-33.49366348300222],[-70.61404351909727,-33.49367079329389],[-70.61406466696529,-33.49367639379818],[-70.61408636818159,-33.49368023057886],[-70.61410841375032,-33.493682266685475],[-70.6141305913592,-33.49368248250906],[-70.61415268742435,-33.49368087597118],[-70.61417448914726,-33.493677462543836],[-70.61419578656411,-33.49367227510041],[-70.61421637456799,-33.49366536359918],[-70.6142360548842,-33.49365679460208],[-70.61425463797978,-33.493646650633764],[-70.61427194488886,-33.493635029386716],[-70.61428780893615,-33.49362204278048],[-70.61429957644538,-33.4936103095055],[-70.61430232715834,-33.493615680522126],[-70.61431302868817,-33.49363195713906],[-70.61432558282239,-33.49364727652315],[-70.61433986865825,-33.493661491139804],[-70.61435574861558,-33.49367446409395],[-70.6143730697616,-33.49368607044836],[-70.61439166528386,-33.49369619842695],[-70.61441135609668,-33.493704750491204],[-70.61443195256597,-33.49371164427968],[-70.6144532563354,-33.49371681340103],[-70.6144750622368,-33.49372020807352],[-70.61449716026617,-33.49372179560443],[-70.61451933760598,-33.493721560704905],[-70.61454138067495,-33.493719505637216],[-70.61456307718495,-33.49371565019298],[-70.61458421818546,-33.49371003150247],[-70.61460460007596,-33.49370270367714],[-70.61462402656682,-33.49369373728837],[-70.6146423105696,-33.49368321868791],[-70.61465927599889,-33.49367124917622],[-70.61467475946817,-33.49365794402672],[-70.61468861186323,-33.493643431375915],[-70.61470069977828,-33.493627850989114],[-70.61471090680072,-33.493611352914435],[-70.6147191346322,-33.49359409603786],[-70.6147253040352,-33.49357624655283],[-70.61472935559624,-33.49355797635998],[-70.61475160803484,-33.49342031673147],[-70.61475233013253,-33.49341584963159],[-70.61475233013296,-33.49341584962731],[-70.6147523301339,-33.49341584962309],[-70.61475260368124,-33.49341415738129]],[[-70.61404404603782,-33.49196347218236],[-70.61406948781001,-33.49182228135375],[-70.61407029101842,-33.49181782388709],[-70.61407029101873,-33.49181782388448],[-70.61407029101936,-33.491817823881924],[-70.6140707721178,-33.49181515398862],[-70.61407214018294,-33.49180608331613],[-70.61410030468853,-33.49157452516295],[-70.61410030924856,-33.491574452416636],[-70.61411697505147,-33.49144936528772],[-70.6141585569243,-33.49145306106631],[-70.6141572877327,-33.49146144654169],[-70.61415695462335,-33.49146425245391],[-70.61415649103844,-33.49146776508456],[-70.61415620706076,-33.49147165797575],[-70.61415565875866,-33.491475532082255],[-70.614139262999,-33.491674467672375],[-70.61413855315134,-33.49167884321385],[-70.61413738959428,-33.49168728574459],[-70.6141373108217,-33.491688286138945],[-70.614137127426,-33.4916892795737],[-70.61411901577422,-33.4918341436318],[-70.61411882731906,-33.49183553574782],[-70.61410076812801,-33.4919684712404],[-70.61404404603782,-33.49196347218236]],[[-70.61397571375215,-33.492578535675754],[-70.61399739470345,-33.49258112456667],[-70.6140004525694,-33.49258136376703],[-70.61401875273963,-33.492582795289486],[-70.61399244152027,-33.49276996837147],[-70.61399181216942,-33.49277444544432],[-70.6139914701591,-33.49277864358186],[-70.61399085948841,-33.492782820264665],[-70.61399054938937,-33.49278638248489],[-70.61399046161469,-33.49278739078404],[-70.61398454385865,-33.49283674444509],[-70.61397997869179,-33.49283690650854],[-70.61395801840874,-33.49283950917205],[-70.61395624999358,-33.49283986971567],[-70.61393305820714,-33.49283764046162],[-70.61394358818055,-33.49278382105367],[-70.6139441680237,-33.49277955516809],[-70.61394501595875,-33.49277532089546],[-70.61397274215975,-33.492577930333596],[-70.61397571375215,-33.492578535675754]]]}},{"type":"Feature","properties":{"numpos":"106557","TIPO":"DESCARGO","TENSION":"MT","INCIDENCIA":"DF202671818869","CLITOTAL":"292","CANTAVISOS":"","FECHA_INICIO":"","FECHA_FIN":"","DESCARGO":"DF202671818869(TP20267213818066)","ESTADODESC":"789","ESTADOINC":" ","CLI_PLAN":"1","FECHA_INIDESC":"13-10-2026 10:30","FECHA_FINDESC":"13-10-2026 16:30","FECHA_REPOSICION":"13-10-2026 16:30","id_alim":"2041"},"geometry":{"type":"Polygon","coordinates":[[[-70.71499221817936,-33.442294657587695],[-70.71515909774419,-33.44228168292337],[-70.71517423978844,-33.442294961792435],[-70.71519105308228,-33.44230707046792],[-70.71520920111496,-33.44231773922939],[-70.71522850911052,-33.44232686533034],[-70.7152487911216,-33.44233436088094],[-70.7152698518204,-33.442340153694545],[-70.7152914883797,-33.44234418798292],[-70.71531349242638,-33.44234642489343],[-70.71533565204804,-33.442346842883325],[-70.71535775383403,-33.44234543792715],[-70.71537958493073,-33.44234222355552],[-70.71540093509142,-33.44233723072484],[-70.71542159870125,-33.442330507519124],[-70.71544137675738,-33.44232211868694],[-70.71546007878554,-33.44231214501782],[-70.71547752467438,-33.442300682564195],[-70.71549354641026,-33.44228784171631],[-70.71550798969503,-33.44227374613912],[-70.71552071543225,-33.44225853158132],[-70.71553160106664,-33.44224234456792],[-70.71554054176434,-33.4422253409892],[-70.71554745142251,-33.44220768459929],[-70.71555226349854,-33.442189545439206],[-70.71555493165077,-33.44217109819915],[-70.71555543018478,-33.442152520536226],[-70.71555272966226,-33.4420674073761],[-70.71555106331142,-33.4420489419939],[-70.71554725348486,-33.44203070137194],[-70.71554133662136,-33.44201285996516],[-70.71553336931163,-33.441995588410336],[-70.71552342775678,-33.441979051894016],[-70.7155116070397,-33.44196340857263],[-70.71549802021545,-33.44194880806003],[-70.71548279723014,-33.44193538999649],[-70.71546608367801,-33.441923282713184],[-70.71544803940895,-33.44191260200488],[-70.71542883699975,-33.44190345002246],[-70.71540866010345,-33.44189591429595],[-70.71538770169307,-33.441890066897486],[-70.7153661622159,-33.441885963751844],[-70.71534424767646,-33.44188364410175],[-70.71532216766637,-33.44188313013248],[-70.71530736933039,-33.441884000953394],[-70.71531105705296,-33.441877878500016],[-70.71532006527923,-33.4418609000016],[-70.7153270450815,-33.44184326301907],[-70.71533192924157,-33.44182513740644],[-70.71533467072362,-33.44180669772354],[-70.71533524312702,-33.44178812155467],[-70.71533364094057,-33.44176958779846],[-70.7153298795956,-33.44175127494501],[-70.7153239953172,-33.44173335935688],[-70.71531604477538,-33.441716013570606],[-70.71530610453911,-33.441699404635244],[-70.71529427033919,-33.44168369250339],[-70.71528065614591,-33.4416690284909],[-70.7152653930717,-33.44165555381973],[-70.71524862810834,-33.44164339825771],[-70.71523052271135,-33.44163267886899],[-70.71521125124507,-33.44162349888664],[-70.71519099930349,-33.44161594671843],[-70.71516996192295,-33.441610095095456],[-70.71514834170374,-33.44160600037174],[-70.71512634685911,-33.44160370198152],[-70.71510418921012,-33.441603222059456],[-70.71508208214564,-33.44160456522745],[-70.71506023856743,-33.441607718550195],[-70.71503886883977,-33.441612651659725],[-70.7150181787637,-33.44161931704781],[-70.71499836759493,-33.441627650523515],[-70.71497962612509,-33.44163757183144],[-70.7149621348442,-33.441648985424486],[-70.71494606220259,-33.44166178138408],[-70.71493156298854,-33.4416758364787],[-70.71491877683769,-33.44169101535067],[-70.71490782688818,-33.44170717181969],[-70.71485737785895,-33.44179092787858],[-70.71485571907441,-33.44179373944448],[-70.71485297374014,-33.44179849130107],[-70.71484597632804,-33.44180637825411],[-70.71483468889447,-33.441822067717325],[-70.7147873514376,-33.441895702227434],[-70.71478437944167,-33.4419009235693],[-70.71478117866968,-33.4419060489825],[-70.71477960918091,-33.44190930418577],[-70.71477780550823,-33.44191247296158],[-70.7147754582766,-33.44191791338105],[-70.714772872155,-33.441923277133284],[-70.71477169080602,-33.44192664563254],[-70.7147713209374,-33.441927502914744],[-70.71463694536232,-33.441940598156755],[-70.71464050289816,-33.44192847075588],[-70.71464366106355,-33.44191007797796],[-70.71464465362494,-33.441891514248056],[-70.71464347102487,-33.441872958345044],[-70.71464012465377,-33.441854588972305],[-70.71463464674034,-33.441836583036746],[-70.71462709004103,-33.44181911394504],[-70.71461752733208,-33.44180234993367],[-70.71460605070838,-33.4417864524488],[-70.71459277069673,-33.44177157459134],[-70.71457781519122,-33.441757859642635],[-70.7145613282216,-33.44174543968458],[-70.71454346856623,-33.441734434327586],[-70.71452440822289,-33.44172494955868],[-70.71450433075238,-33.44171707672096],[-70.71448342951076,-33.44171089163368],[-70.71446190578736,-33.44170645386235],[-70.71443996686611,-33.441703806144886],[-70.7144178240295,-33.44170297398011],[-70.71439569052373,-33.44170396538223],[-70.71437377950522,-33.44170677080359],[-70.71435230198773,-33.4417113632267],[-70.7143314648103,-33.441717698424306],[-70.71431146864532,-33.441725715385395],[-70.71429250606596,-33.44173533690272],[-70.71427475969162,-33.441746470316346],[-70.71425840042926,-33.44175900840599],[-70.71424358582745,-33.44177283042351],[-70.71423045855907,-33.441787803255956],[-70.71421914504741,-33.44180378270726],[-70.71421283895845,-33.44181377642491],[-70.71419596302171,-33.441806682292395],[-70.71417649479089,-33.441800387939956],[-70.7141691927772,-33.44179669405736],[-70.71416686319135,-33.44179553151705],[-70.71411121438612,-33.441768138763884],[-70.71409198042377,-33.441759685936475],[-70.71407186706496,-33.44175282078804],[-70.71405106024879,-33.44174760678382],[-70.71402975232505,-33.44174409212502],[-70.71400814027594,-33.44174230930311],[-70.71398642389505,-33.44174227479949],[-70.71396480394057,-33.44174398893319],[-70.71394348027923,-33.44174743585786],[-70.71392265003871,-33.44175258370827],[-70.7139025057854,-33.441759384894894],[-70.7138832337441,-33.441767776543806],[-70.7138650120766,-33.44177768107796],[-70.71384800923457,-33.44178900693434],[-70.7138323824024,-33.44180164941039],[-70.71381827604404,-33.44181549163186],[-70.7138058205675,-33.44183040563341],[-70.71375417796193,-33.44189904373427],[-70.71374328684043,-33.441915228147685],[-70.71373434036346,-33.44193222959213],[-70.71372742469144,-33.44194988433482],[-70.71372260642723,-33.441968022351205],[-70.71371993197462,-33.44198646896248],[-70.71371942709142,-33.442005046517814],[-70.71372109664132,-33.44202357610514],[-70.71372492454698,-33.442041879274306],[-70.71373087394488,-33.44205977975553],[-70.71373888754023,-33.44207710515706],[-70.7137488881587,-33.44209368862538],[-70.71376077948966,-33.44210937045216],[-70.71377444701362,-33.4421239996123],[-70.71378975910514,-33.442137435218406],[-70.71380656830041,-33.442149547877676],[-70.71382471271747,-33.442160220938014],[-70.71384401761509,-33.4421693516115],[-70.71386429707582,-33.44217685196428],[-70.71388535579638,-33.442182649763474],[-70.71390699096865,-33.4421866891728],[-70.71390867422078,-33.44218686069516],[-70.71390872034547,-33.44218774506732],[-70.71390982937366,-33.44219425458255],[-70.71391071501185,-33.442200788108984],[-70.71391139563114,-33.442203447833485],[-70.71391185442374,-33.4422061407463],[-70.71394161299798,-33.442335196101794],[-70.71394152889476,-33.44233540316793],[-70.71393483238604,-33.44233676714621],[-70.71391391036306,-33.4423429030228],[-70.71389380646276,-33.442350728582184],[-70.71387471429586,-33.442360168460446],[-70.71385681772968,-33.44237113174692],[-70.71384028911763,-33.44238351285971],[-70.71382528763912,-33.4423971925625],[-70.71381195776681,-33.442412039112874],[-70.71380692739481,-33.442418963212205],[-70.71379898903189,-33.44241665199473],[-70.71354905674099,-33.442342413555274],[-70.71354763512643,-33.44234205605823],[-70.71354625487109,-33.44234159861797],[-70.71354492096505,-33.44234127912025],[-70.71354362247092,-33.44234086416529],[-70.71354143474807,-33.44234026634092],[-70.71351602111045,-33.44233223898042],[-70.71349492077498,-33.44232654841451],[-70.71347325672832,-33.442322619131126],[-70.71345123760582,-33.442320488971205],[-70.71342907546233,-33.4423201784493],[-70.71340698372997,-33.44232169055591],[-70.71338517516286,-33.44232501072872],[-70.71336385978812,-33.44233010699296],[-70.71334324288337,-33.442336930269136],[-70.71332352299964,-33.442345414845754],[-70.71330489004946,-33.44235547901226],[-70.71328752347779,-33.44236702584572],[-70.71327159053394,-33.44237994414438],[-70.71325724466087,-33.442394109498586],[-70.71324462401746,-33.442409385488745],[-70.71323385014796,-33.44242562499926],[-70.71322502681137,-33.44244267163524],[-70.71321823898225,-33.44246036122863],[-70.71321355203224,-33.44247852341928],[-70.71321101110055,-33.44249698329558],[-70.71321064065909,-33.442515563078885],[-70.71321244427678,-33.442534083835746],[-70.71321640458518,-33.442552367200946],[-70.7132224834456,-33.442570237095524],[-70.71323062231647,-33.44258752142221],[-70.713240742817,-33.44260405372312],[-70.71325274748199,-33.44261967478264],[-70.71326652070046,-33.4426342341609],[-70.71328192982907,-33.44264759164253],[-70.7132988264695,-33.442659618587165],[-70.71331704789753,-33.44267019916814],[-70.71333641863036,-33.442679231488185],[-70.71335675211645,-33.442686628560644],[-70.71336481025473,-33.44268917387129],[-70.71336508413918,-33.4426892959499],[-70.71336641631949,-33.44269001625039],[-70.71337486680977,-33.44269365638126],[-70.71338325557734,-33.44269739550704],[-70.71338472146121,-33.44269790136706],[-70.71338613144187,-33.4426985087297],[-70.71339496683277,-33.442701436928914],[-70.71340375237227,-33.44270446871831],[-70.71353739614374,-33.44274427832696],[-70.71352966487103,-33.44275449254959],[-70.71351968048734,-33.44277108292478],[-70.71351168386472,-33.442788413858146],[-70.71350575201605,-33.44280631844363],[-70.71350194206953,-33.442824624250555],[-70.71350029071832,-33.44284315498419],[-70.71350081386723,-33.44286173218342],[-70.71350350647941,-33.44288017693963],[-70.71350834262489,-33.44289831161955],[-70.71351527573016,-33.442915961576006],[-70.71352423902671,-33.44293295682989],[-70.71353514619402,-33.44294913370715],[-70.71353700952777,-33.44295135618729],[-70.71353731825279,-33.442951814188525],[-70.71355006224283,-33.44296701807902],[-70.71356452245976,-33.44298110154851],[-70.71358055964397,-33.44299392896492],[-70.71359801934845,-33.44300537679264],[-70.71361673342636,-33.44301533478229],[-70.7136365216502,-33.44302370703247],[-70.71365719344777,-33.44303041291342],[-70.71367854973722,-33.443035387843466],[-70.71370038484466,-33.4430385839111],[-70.7137224884847,-33.443039970336244],[-70.71374464778584,-33.44303953376683],[-70.71376664934056,-33.44303727840737],[-70.71378828126043,-33.44303322597831],[-70.7138093352171,-33.44302741550711],[-70.71382960844832,-33.44301990295216],[-70.7138489057109,-33.44301076066389],[-70.71420866312693,-33.44282021395615],[-70.71421119455871,-33.442818722622626],[-70.7142138425801,-33.442817386656365],[-70.71421818498295,-33.44281467666999],[-70.71422268764866,-33.44281215095365],[-70.7142246841815,-33.44281077552683],[-70.71422679849192,-33.442809529930024],[-70.71422914289866,-33.44280783810403],[-70.71423162248085,-33.44280629065744],[-70.71423562778915,-33.44280323639008],[-70.71423981278046,-33.4428003533163],[-70.71424163888888,-33.44279882045147],[-70.71424359738701,-33.442797407113375],[-70.71424573226186,-33.44279553117369],[-70.71424801945696,-33.442793787061284],[-70.71425164898903,-33.44279041781071],[-70.71425547610751,-33.442787205264636],[-70.71425711420507,-33.442785529724205],[-70.71425889802948,-33.44278396225609],[-70.71426080289892,-33.44278192034566],[-70.71426287559652,-33.44277999628496],[-70.71426609426932,-33.44277634439636],[-70.71426952678343,-33.442772833422204],[-70.71428109888872,-33.442759735098754],[-70.71428174294935,-33.44275892589558],[-70.71428246926665,-33.442758167222976],[-70.71434277199072,-33.4426884256569],[-70.71434277208776,-33.44268842553224],[-70.71434277219895,-33.44268842541608],[-70.71440165511214,-33.442620325538165],[-70.71441421243672,-33.44260412283255],[-70.71442473477009,-33.44258693162177],[-70.71443311254534,-33.44256893091658],[-70.71443925852675,-33.442550308156754],[-70.7144431087183,-33.44253125725933],[-70.71444462302979,-33.44251197659944],[-70.71444378569446,-33.44249266694452],[-70.71444060543294,-33.4424735293638],[-70.71441448470978,-33.442359338082056],[-70.71441399592376,-33.44235767810262],[-70.71465125604058,-33.44232425709937],[-70.71499221817936,-33.442294657587695]]]}},{"type":"Feature","properties":{"numpos":"1572","TIPO":"DESCARGO","TENSION":"MT","INCIDENCIA":"DF202671818869","CLITOTAL":"292","CANTAVISOS":"","FECHA_INICIO":"","FECHA_FIN":"","DESCARGO":"DF202671818869(TP20267213818066)","ESTADODESC":"789","ESTADOINC":" ","CLI_PLAN":"1","FECHA_INIDESC":"13-10-2026 10:30","FECHA_FINDESC":"13-10-2026 16:30","FECHA_REPOSICION":"13-10-2026 16:30","id_alim":"2041"},"geometry":{"type":"Polygon","coordinates":[[[-70.71438197157144,-33.44415092045821],[-70.71439190447374,-33.44416753259541],[-70.71440373181329,-33.44418324853717],[-70.71441733968686,-33.44419791692986],[-70.71443259704351,-33.444211396508294],[-70.71444935694656,-33.44422355745619],[-70.71446745798873,-33.44423428265638],[-70.7144867258466,-33.44424346881883],[-70.71450697495938,-33.44425102747529],[-70.7145280103161,-33.444256885831365],[-70.71454962933362,-33.44426098746756],[-70.7145716238077,-33.44426329288271],[-70.71459378191821,-33.444263779874305],[-70.71461589026902,-33.4442624437523],[-70.71463773594327,-33.44425929738449],[-70.71465910855389,-33.4442543710723],[-70.71467980226979,-33.444247712259155],[-70.71469961779815,-33.44423938507348],[-70.71471836430386,-33.44422946971111],[-70.71473586124723,-33.44421806166295],[-70.71475194012287,-33.44420527079528],[-70.7147664460824,-33.44419122029176],[-70.71477923942571,-33.44417604546695],[-70.71479019694647,-33.444159892463254],[-70.71479098878618,-33.44415840159026],[-70.71497325474321,-33.44418148586409],[-70.71499530781293,-33.444183356761826],[-70.71501747343336,-33.444183406511705],[-70.71503953813611,-33.44418163463471],[-70.71506128942467,-33.44417805819509],[-70.71508251782097,-33.44417271163622],[-70.71510301888284,-33.44416564644872],[-70.71512259517286,-33.44415693067461],[-70.71514105815997,-33.44414664825208],[-70.715158230035,-33.44413489820705],[-70.71517394542316,-33.44412179369939],[-70.71518805297676,-33.44410746093331],[-70.71520041683263,-33.444092037941694],[-70.71521091792066,-33.44407567325692],[-70.71521945511043,-33.444058524480305],[-70.71522594618517,-33.444040756764274],[-70.71523032863345,-33.444022541222],[-70.71523256025118,-33.44400405327923],[-70.71523261954806,-33.44398547098505],[-70.7152305059544,-33.44396697329707],[-70.7152262398266,-33.44394873835803],[-70.71521986225109,-33.44393094178004],[-70.7152114346485,-33.44391375495356],[-70.71520103818223,-33.44389734339667],[-70.71518877297666,-33.44388186516116],[-70.71517475715292,-33.443867469310305],[-70.71515912569127,-33.4438542944835],[-70.71514202913117,-33.443842467560934],[-70.71512363212156,-33.44383210244179],[-70.7151041118351,-33.44382329894729],[-70.71508365626202,-33.44381614185947],[-70.71506246239969,-33.44381070010462],[-70.71504073435534,-33.44380702608952],[-70.71489329861284,-33.44378835311974],[-70.71491133184288,-33.44369859002714],[-70.71495656588127,-33.443487534907526],[-70.71501345202296,-33.443424438901005],[-70.71519003057018,-33.44344928369807],[-70.71519121193523,-33.44344951357449],[-70.71538662451614,-33.44347915176971],[-70.71538841547009,-33.44347945175347],[-70.71541033830306,-33.443482193999145],[-70.71543247618824,-33.44348312158829],[-70.71545461592433,-33.443482225587694],[-70.71547654429219,-33.44347951462641],[-70.71549805010837,-33.4434750148127],[-70.71551892625887,-33.44346876948254],[-70.71553897169389,-33.44346083878228],[-70.71555799336414,-33.44345129908935],[-70.71557580807989,-33.44344024227672],[-70.71559224427537,-33.44342777482816],[-70.71560714366092,-33.443414016812525],[-70.7156203627475,-33.44339910072764],[-70.71563177422856,-33.44338317022406],[-70.71564126820594,-33.44336637872174],[-70.71564875324842,-33.443348887932444],[-70.71565415727206,-33.44333086630236],[-70.71565742823431,-33.443312487389896],[-70.71565853463548,-33.443293928194095],[-70.71565746582162,-33.44327536745023],[-70.71565423208742,-33.44325698390827],[-70.71564886457678,-33.44323895461159],[-70.71564141498297,-33.44322145319184],[-70.71563195505072,-33.44320464819689],[-70.71562057588514,-33.44318870146755],[-70.71560738707446,-33.443173766579],[-70.71559251563448,-33.44315998736185],[-70.71557610478538,-33.44314749651688],[-70.71555831257244,-33.443136414337225],[-70.71553931034391,-33.44312684754978],[-70.71551928110097,-33.44311888828745],[-70.71549841773526,-33.44311261320187],[-70.71547692117129,-33.443108082725196],[-70.71547311216618,-33.4431074447185],[-70.71547107521145,-33.443107189923246],[-70.71546906903745,-33.443106799553966],[-70.71527163220657,-33.44307685431753],[-70.7152711527936,-33.443076801816034],[-70.71526858649149,-33.44307633116133],[-70.71514153137178,-33.44305845437975],[-70.71514133162398,-33.44305397588772],[-70.71513833631592,-33.443035563974426],[-70.71513320277171,-33.44301748685164],[-70.7151259804314,-33.4429999186116],[-70.71511673885114,-33.442983028445695],[-70.71510556703323,-33.442966979015],[-70.71509257256908,-33.44295192488374],[-70.71507788060282,-33.442938011030925],[-70.71506163262626,-33.44292537145398],[-70.71504398511611,-33.44291412787833],[-70.71502510802716,-33.442904388585276],[-70.71500518315538,-33.442896247369],[-70.7149844023873,-33.44288978263344],[-70.71496296585201,-33.44288505663723],[-70.7149410799938,-33.442882114894026],[-70.71491895558415,-33.442880985734256],[-70.7148968056918,-33.442881680032364],[-70.71487484363097,-33.44288419110198],[-70.71485328090698,-33.44288849476029],[-70.71483232517943,-33.44289454956101],[-70.71481217826238,-33.442902297193505],[-70.71479303418079,-33.442911663044285],[-70.71477507730198,-33.44292255691563],[-70.71475848056018,-33.44293487389416],[-70.7147434037909,-33.4429484953612],[-70.71472999219186,-33.442963290135125],[-70.71471837492452,-33.44297911573475],[-70.71470866387017,-33.44299581975138],[-70.71470705594923,-33.44299945239954],[-70.71456607902506,-33.44298084176002],[-70.71416401606906,-33.44292277584487],[-70.71416241924727,-33.44292261237855],[-70.71416084522448,-33.44292233738457],[-70.71374259863802,-33.44286705736426],[-70.71371776361406,-33.442858312106466],[-70.71371427791972,-33.442857250147874],[-70.71371088238826,-33.44285599962178],[-70.71370386730241,-33.442854078427686],[-70.71369693120282,-33.442851965260616],[-70.7136933381329,-33.442851194844344],[-70.7136898127452,-33.44285022935965],[-70.71368260682037,-33.442848893864785],[-70.71367545705655,-33.442847360830804],[-70.71367179121418,-33.442846889376334],[-70.71366816992138,-33.44284621823115],[-70.71352294736802,-33.44282550957913],[-70.71352256020626,-33.44282545466011],[-70.7133072185897,-33.44279506957499],[-70.71330703112405,-33.44279505099759],[-70.71330542266396,-33.442794766930454],[-70.71328753956215,-33.44279311942679],[-70.71328520647852,-33.44279288822314],[-70.71328499186812,-33.44279288471701],[-70.71328338993555,-33.44279273713676],[-70.71310597362967,-33.44278374781056],[-70.71305832531175,-33.44277833888172],[-70.71304367670098,-33.44277708207969],[-70.71299567357428,-33.44277428541534],[-70.71290919750442,-33.44275864176965],[-70.71290336785333,-33.442757654331935],[-70.71265876207504,-33.44271902513928],[-70.7126585712854,-33.44271898387232],[-70.71249244793644,-33.442690257980104],[-70.71234054488578,-33.442661147374594],[-70.71203989985243,-33.44259532213295],[-70.71166489491812,-33.44249913513801],[-70.71164340679212,-33.4424945770093],[-70.71162148922048,-33.44249180657264],[-70.71159935328004,-33.44249085050871],[-70.71157721215063,-33.442491718024925],[-70.71155527906207,-33.442494400766726],[-70.71153376524065,-33.442498872898035],[-70.71151287787502,-33.44250509135009],[-70.71149281812093,-33.442512996236225],[-70.71147377916391,-33.44252251142852],[-70.71145594435892,-33.44253354529098],[-70.71143948546448,-33.44254599156204],[-70.71142456098875,-33.4425597303779],[-70.71141131466264,-33.442574629426815],[-70.71139987405606,-33.442590545223325],[-70.71139034934897,-33.4426073244901],[-70.71138283227042,-33.44262480563404],[-70.71137739521507,-33.44264282030251],[-70.71137409054599,-33.44266119500464],[-70.71137295009031,-33.442679752782134],[-70.71137398483258,-33.442698314913464],[-70.71137718480908,-33.442716702635046],[-70.7113825192036,-33.44273473886288],[-70.71138993664418,-33.442752249897914],[-70.71139936569787,-33.44276906709894],[-70.71141071555857,-33.44278502850662],[-70.71142387692156,-33.44279998040336],[-70.71143872303603,-33.44281377879364],[-70.71145511092588,-33.442826290790876],[-70.71147288276661,-33.44283739589711],[-70.71149186740523,-33.442846987163556],[-70.7115118820086,-33.44285497222062],[-70.71153273382423,-33.44286127416737],[-70.71182056977881,-33.44293510283521],[-70.71186382885654,-33.44299977265045],[-70.7118425337073,-33.443300927796585],[-70.71183141134415,-33.44343267336961],[-70.7117247421757,-33.44342099646014],[-70.71146482489563,-33.44339226251416],[-70.7114427338921,-33.44339074000803],[-70.71142057125549,-33.44339104009799],[-70.7113985504227,-33.443393159894065],[-70.71137688346504,-33.44339707898162],[-70.71135577904596,-33.443402759618],[-70.7113354404114,-33.44341014709591],[-70.71131606343263,-33.44341917027039],[-70.71129783471991,-33.443429742243815],[-70.71128092982521,-33.44344176120287],[-70.71126551155176,-33.44345511139896],[-70.71125172838606,-33.443469664263006],[-70.71123971306788,-33.44348527964347],[-70.71122958131194,-33.44350180715626],[-70.71122143069343,-33.44351908763279],[-70.71121533970829,-33.44353695465302],[-70.71121136701728,-33.44355523614799],[-70.71120955088088,-33.44357375605716],[-70.71120990879085,-33.443592336023656],[-70.7112124373017,-33.44361079711217],[-70.71121711206384,-33.44362896153223],[-70.711223888058,-33.44364665435021],[-70.71123270002872,-33.44366370517427],[-70.71124346311284,-33.443679949795126],[-70.71125607365667,-33.443695231767755],[-70.7112704102142,-33.44370940391785],[-70.71128633471675,-33.4437223297593],[-70.71130369380249,-33.44373388480858],[-70.71132232029363,-33.443743957783695],[-70.71134203480625,-33.44375245167591],[-70.71136264747794,-33.44375928468397],[-70.7113839597964,-33.443764391001864],[-70.7114057665111,-33.44376772145274],[-70.71166578616726,-33.443796466680574],[-70.7116659282139,-33.44379647647008],[-70.71166606952244,-33.4437964978962],[-70.71179716964602,-33.4438108491934],[-70.71178466887834,-33.4439470523932],[-70.71178341645536,-33.44395771526267],[-70.71178232933838,-33.44397627528416],[-70.71178341745761,-33.44399483526431],[-70.71178667033531,-33.44401321646029],[-70.71179205664578,-33.44403124185092],[-70.71179952451708,-33.44404873784153],[-70.71180900203058,-33.44406553593578],[-70.71182039791348,-33.44408147435831],[-70.71183360241781,-33.44409639961294],[-70.71184848837734,-33.44411016796072],[-70.71186491243223,-33.44412264680437],[-70.71188271640963,-33.44413371596521],[-70.71190172884705,-33.44414326884066],[-70.71192176664368,-33.44415121343082],[-70.71194263682362,-33.444157473224514],[-70.71196413839453,-33.4441619879362],[-70.71198606428328,-33.444164714086504],[-70.71200820333023,-33.444165625420965],[-70.71203034232289,-33.44416471316292],[-70.71205226804928,-33.44416198609804],[-70.71207376935132,-33.44415747048962],[-70.7120946391586,-33.44415120982579],[-70.71211467648234,-33.44414326440054],[-70.71213368835137,-33.44413371073311],[-70.71215149167038,-33.444122640831104],[-70.71216791498333,-33.44411016130429],[-70.71218280012465,-33.444096392337855],[-70.71219600374249,-33.4440814665351],[-70.71220739867921,-33.44406552764017],[-70.71221687519609,-33.44404872915384],[-70.71222434202997,-33.44403123285511],[-70.71222972727229,-33.44401320724324],[-70.71223297906147,-33.44399482591495],[-70.71223446782002,-33.443982150373884],[-70.7122345862058,-33.44398012902994],[-70.71223488926995,-33.44397812126267],[-70.71224573753358,-33.443859916408066],[-70.71226734425544,-33.443861367919766],[-70.7122898609833,-33.44386099432272],[-70.71231222140112,-33.443858742736154],[-70.71233420320162,-33.443854635545414],[-70.71235558784181,-33.4438487135842],[-70.71237616271581,-33.44384103572872],[-70.71239572326857,-33.44383167831219],[-70.71241407502964,-33.443820734365985],[-70.71243103554649,-33.443808312694706],[-70.71244643619859,-33.44379453679449],[-70.71246012387378,-33.44377954362505],[-70.71247196249048,-33.44376348224808],[-70.71248183435058,-33.44374651234533],[-70.71248964130965,-33.443728802630915],[-70.71249530575248,-33.44371052917413],[-70.71249877136488,-33.44369187364876],[-70.7125000036933,-33.44367302152699],[-70.71249899048748,-33.443654160235496],[-70.7124957418221,-33.44363547729193],[-70.71249028999657,-33.44361715844074],[-70.71248268921383,-33.44359938580647],[-70.7124730150415,-33.443582336083146],[-70.71246136366045,-33.44356617877754],[-70.71244785090862,-33.44355107452402],[-70.7124326111293,-33.443537173487535],[-70.71241579583548,-33.44352461387073],[-70.71228402300466,-33.44343566075456],[-70.71229323115423,-33.4433265825201],[-70.71229325905597,-33.44332549805874],[-70.71229339890174,-33.443324419699564],[-70.71231319916619,-33.44304438465771],[-70.71239413058585,-33.443059894267826],[-70.71239883595594,-33.44306075185652],[-70.71256731813041,-33.443089885616196],[-70.71256869118803,-33.44309006467843],[-70.71257115383116,-33.44309055959722],[-70.71281682174956,-33.44312935650405],[-70.71291621978435,-33.44314733773205],[-70.71292123163487,-33.44314803061938],[-70.71292619243678,-33.443148945985754],[-70.71293216012968,-33.4431495414809],[-70.71293808986087,-33.44315036126423],[-70.7129431585884,-33.443150638977734],[-70.71294820252471,-33.44315114229375],[-70.71300501112361,-33.443154451962755],[-70.7130536698843,-33.4431599755849],[-70.71307035070453,-33.44316134305998],[-70.71324351883416,-33.44317011713011],[-70.71344739120542,-33.443198883847856],[-70.71353306231241,-33.44321110050868],[-70.71353609999386,-33.44321363494388],[-70.7135532678437,-33.44322538895453],[-70.71357172727376,-33.44323567563892],[-70.71359130050914,-33.44324439593016],[-70.71361179904798,-33.443251465846586],[-70.7136330254772,-33.4432568173007],[-70.71365477537343,-33.44326039875478],[-70.71367683927203,-33.4432621757173],[-70.71369900468417,-33.443262131075066],[-70.71372105814349,-33.44326026525803],[-70.71374278726174,-33.44325659623523],[-70.71375855116338,-33.44325255261294],[-70.7140889121222,-33.44329621654894],[-70.71449099422891,-33.4433542851719],[-70.71449261054572,-33.44335445062846],[-70.71449420468147,-33.44335472888179],[-70.7145261643571,-33.443358947952085],[-70.71452162309551,-33.443375440155926],[-70.714466498009,-33.443632639349495],[-70.71446633939718,-33.4436336668514],[-70.71446607491505,-33.443634677606056],[-70.714446561758,-33.44373180476282],[-70.71412163943221,-33.44369737692551],[-70.71409953890789,-33.44369595423281],[-70.71407737846556,-33.44369635443148],[-70.71405537152107,-33.443698573667426],[-70.71403373001195,-33.4437025905684],[-70.71401266235654,-33.443708366449705],[-70.71399237144678,-33.443715845686846],[-70.71397305269434,-33.44372495625113],[-70.71395489214866,-33.44373561040333],[-70.71393806470537,-33.44374770553871],[-70.71392273242171,-33.44376112517509],[-70.7139090429561,-33.443775740074564],[-70.71389712814596,-33.443791409488234],[-70.71388710273806,-33.44380798251159],[-70.7138790632834,-33.4438252995378],[-70.71387308720739,-33.44384319379475],[-70.71386923206411,-33.443861492951285],[-70.71386753498206,-33.44388002077661],[-70.7138680123064,-33.44389859883771],[-70.71387065944162,-33.44391704821765],[-70.71387545089574,-33.44393519123862],[-70.71388234052563,-33.44395285317315],[-70.71389126198149,-33.443969863926725],[-70.7139021293457,-33.443986059676114],[-70.7139148379603,-33.444001284446834],[-70.7139292654348,-33.44401539161546],[-70.71394527282489,-33.44402824532172],[-70.71396270597056,-33.44403972177678],[-70.7139813969807,-33.44404971045559],[-70.71400116585001,-33.44405811516116],[-70.71402182219263,-33.44406485495121],[-70.71404316707564,-33.444069864917495],[-70.71406499493493,-33.44407309681104],[-70.71436596644048,-33.44410498687671],[-70.7143681525466,-33.44411565462546],[-70.71437402876487,-33.444133572110076],[-70.71438197157144,-33.44415092045821]]]}},{"type":"Feature","properties":{"numpos":"14310","TIPO":"TRAFO","TENSION":"MT","INCIDENCIA":"DF202671832124","CLITOTAL":"223","CANTAVISOS":"27","FECHA_INICIO":"10-10-2026 18:45","FECHA_FIN":"","DESCARGO":"","ESTADODESC":" ","ESTADOINC":"Asignado","CLI_PLAN":"0","FECHA_INIDESC":"","FECHA_FINDESC":"","FECHA_REPOSICION":"10-10-2026 22:14","id_alim":"2223"},"geometry":{"type":"Polygon","coordinates":[[[-70.6987719447853,-33.51815111063255],[-70.69924713402995,-33.51792784377606],[-70.6992496301227,-33.51792671446764],[-70.69925024309583,-33.51792640366919],[-70.69925088234265,-33.517926143391925],[-70.69925747705733,-33.517923114573094],[-70.69926159548145,-33.51792099653911],[-70.69926720616695,-33.51791841800211],[-70.69927242995752,-33.51791542455519],[-70.69927638260475,-33.517913391776574],[-70.69928011947856,-33.51791101814251],[-70.69928551597356,-33.51790792572777],[-70.69929046947988,-33.51790444389845],[-70.69929405936215,-33.51790216363142],[-70.6992974019167,-33.517899571074196],[-70.69930250981537,-33.51789598072103],[-70.6993071216496,-33.517892032238855],[-70.69931033709237,-33.51788953827135],[-70.69931327757779,-33.51788676175963],[-70.6993180240322,-33.517882698019385],[-70.69932222533672,-33.51787831296355],[-70.69932505903192,-33.51787563728605],[-70.69932759387953,-33.51787270961737],[-70.69933190921378,-33.51786820554315],[-70.69933563523674,-33.51786342210297],[-70.69933808340069,-33.51786059455019],[-70.69934021233325,-33.5178575460601],[-70.69934403163857,-33.51785264286329],[-70.69934722326421,-33.517847506870716],[-70.69934928476737,-33.51784455493407],[-70.69935100990108,-33.5178414133799],[-70.69935427456159,-33.517836159857445],[-70.69935687974572,-33.51783072409941],[-70.69935855525738,-33.517827672908425],[-70.69935988023913,-33.51782446352144],[-70.69936253933874,-33.517818915266396],[-70.69936451440202,-33.517813238593575],[-70.69936580559181,-33.51781011105683],[-70.69936673481222,-33.51780685675054],[-70.6993687463767,-33.51780107516539],[-70.6993700571131,-33.517795221420094],[-70.69937096594711,-33.51779203850979],[-70.69937150386603,-33.51778876022444],[-70.69937283589955,-33.51778281136462],[-70.69937345846239,-33.51777684815862],[-70.69937398662746,-33.517773629316096],[-70.69937413724264,-33.517770346474705],[-70.69937476852427,-33.517764299754575],[-70.69937469006065,-33.51775829713073],[-70.69937483854345,-33.517755060766405],[-70.69937460502607,-33.517751791812785],[-70.69937452563998,-33.517745718612304],[-70.69937374465128,-33.517739747630095],[-70.69937351349203,-33.517736511686024],[-70.69937289800549,-33.517733274671265],[-70.69937210958717,-33.51772724688429],[-70.6993706360034,-33.517721378171],[-70.69937002423555,-33.517718160712626],[-70.69936902794477,-33.51771497389549],[-70.6993675436351,-33.517709062463204],[-70.6993653986,-33.517703364774356],[-70.69936440437878,-33.51770018457587],[-70.6993630276488,-33.51769706700129],[-70.69936087175766,-33.517691340474684],[-70.69935808713113,-33.51768587930629],[-70.69935670804517,-33.51768275639551],[-70.69935495081924,-33.51767972841684],[-70.69935215820978,-33.51767425159081],[-70.69934877580388,-33.517669087885245],[-70.69934700935568,-33.517666044014014],[-70.69934487169431,-33.517663127726664],[-70.69934148690861,-33.51765796038641],[-70.69933755748195,-33.51765314936942],[-70.69933540171478,-33.51765020838027],[-70.69933288447007,-33.517647427938485],[-70.69932896062531,-33.5176426237542],[-70.69923878368996,-33.51754307419033],[-70.69903885067279,-33.517155560290114],[-70.69903863874083,-33.517154944771086],[-70.69903652810292,-33.5171505050826],[-70.6990346726463,-33.51714598613113],[-70.69903242694173,-33.51714187836299],[-70.69903043147633,-33.51713768093635],[-70.69902781148026,-33.51713343591291],[-70.69902765184948,-33.517133143921505],[-70.69885838926969,-33.51680548304379],[-70.69885711582779,-33.51680201142662],[-70.69885711345336,-33.51680200667316],[-70.69885711164629,-33.51680200174774],[-70.6988528320644,-33.51679343557993],[-70.6988485530251,-33.516784869188605],[-70.69884855010588,-33.51678486465295],[-70.69884854773116,-33.516784859899644],[-70.69884466723957,-33.5167788315332],[-70.6987053947093,-33.51651230364283],[-70.6987052601662,-33.5165119875383],[-70.69870525195442,-33.51651197087856],[-70.69870524378122,-33.516511948235035],[-70.6987024819226,-33.51650546388647],[-70.69870077045384,-33.516501993904306],[-70.69869922944585,-33.51649830188356],[-70.69869902390747,-33.51649787696122],[-70.69869641151742,-33.51649315610817],[-70.69869659808708,-33.516493087281596],[-70.6985748444839,-33.5162615211245],[-70.69857429580777,-33.51626045826437],[-70.69857287189616,-33.51625803397691],[-70.69845594071153,-33.51602884521114],[-70.69845253763226,-33.516022500168255],[-70.698450239561,-33.51601841771312],[-70.69845018663005,-33.516018334527956],[-70.69845014289999,-33.51601824605027],[-70.69844660472693,-33.51601269893738],[-70.69844327851273,-33.516007060558344],[-70.69844143973877,-33.51600458809488],[-70.6984398051848,-33.51600201926317],[-70.69843974274387,-33.51600194078555],[-70.69843968890117,-33.51600185637149],[-70.6984355186647,-33.51599662646299],[-70.69843154868687,-33.515991288325395],[-70.69842942950561,-33.51598897879695],[-70.6984275021729,-33.515986556466586],[-70.69842743080896,-33.515986483451925],[-70.69842736738757,-33.515986403914894],[-70.69842260524953,-33.51598154157754],[-70.69841802974126,-33.515976555090354],[-70.69841565058356,-33.51597443073641],[-70.69841344901057,-33.515972178238],[-70.69841336939577,-33.5159721113916],[-70.69841329702255,-33.515972037495565],[-70.69840910216354,-33.515968159235086],[-70.69839442271102,-33.515955784529396],[-70.69837844595155,-33.515944593960725],[-70.69836130749178,-33.51593468251153],[-70.69834315279856,-33.51592613430745],[-70.69832413596394,-33.515919021903244],[-70.69830441839763,-33.51591340566695],[-70.69813315691972,-33.51587189059038],[-70.6981125463486,-33.51586776062266],[-70.69809156463614,-33.515865265489225],[-70.69807039617915,-33.515864427118494],[-70.69804922701553,-33.51586525287845],[-70.69802824318946,-33.51586773551199],[-70.69800762911622,-33.51587185320066],[-70.69798756596172,-33.51587756975637],[-70.69771238091617,-33.51596824106266],[-70.69769009964742,-33.515973514444134],[-70.69766807982593,-33.51598088836801],[-70.69750796430463,-33.516042852845175],[-70.69749583233524,-33.51603666143304],[-70.69749241967494,-33.5160351067852],[-70.69748296527543,-33.516030438547716],[-70.69747756182959,-33.5160283382465],[-70.69747634387205,-33.51602778340194],[-70.69747399113459,-33.516026950329184],[-70.69746284215448,-33.51602261675656],[-70.6974565446093,-33.51602077274676],[-70.69745591038078,-33.516020548174815],[-70.6974546991106,-33.516020232358706],[-70.69744190065836,-33.51601648479042],[-70.69743474934354,-33.51601503082696],[-70.69743472864613,-33.51601502543049],[-70.6974346895341,-33.51601501866683],[-70.69742034246399,-33.51601210170315],[-70.69739837518733,-33.5160095097061],[-70.69737621038391,-33.51600873376145],[-70.69735406151148,-33.516009781342014],[-70.69733214187443,-33.51601264235907],[-70.69731066256955,-33.51601728925975],[-70.69728983045309,-33.516023677292104],[-70.6972698461487,-33.516031744936335],[-70.6972509021153,-33.51604141449709],[-70.69724101578173,-33.51604703586411],[-70.69722329445771,-33.516058214217395],[-70.69720696651113,-33.516070793711584],[-70.69719218918895,-33.51608465319987],[-70.69717910480512,-33.516099659208315],[-70.69716783936981,-33.51611566722144],[-70.69715850137612,-33.51613252307378],[-70.69715118075493,-33.51615006443471],[-70.69714594800892,-33.51616812237162],[-70.69714514273133,-33.516172910775424],[-70.69692744909449,-33.51624843456631],[-70.69657129105856,-33.51636727260341],[-70.69655086673772,-33.516375093240484],[-70.69653146957216,-33.516384572750134],[-70.69651329099116,-33.516395617579946],[-70.69649651039808,-33.51640811872947],[-70.69648129339984,-33.51642195282593],[-70.69647199061473,-33.51643130237805],[-70.69646724059555,-33.51643658300359],[-70.69646234335765,-33.516441715591895],[-70.69646115444009,-33.51644324865672],[-70.69645981439119,-33.51644471028902],[-70.69645926567793,-33.516445448766774],[-70.6964586407783,-33.516446143471306],[-70.69645453195993,-33.516451788096454],[-70.69645025843715,-33.51645729864274],[-70.69644831404877,-33.5164600975407],[-70.69635498043634,-33.51659165560825],[-70.6963441128838,-33.51660530861599],[-70.69633367474641,-33.5166217054332],[-70.69632520557495,-33.51663888028913],[-70.69631878693322,-33.51665666778084],[-70.69631448063743,-33.516674896605394],[-70.69631232816084,-33.51669339120938],[-70.6963123502344,-33.51671197347977],[-70.69631454664686,-33.51673046445905],[-70.69631889624698,-33.516748686068844],[-70.69632535714697,-33.516766462824826],[-70.69633386712596,-33.51678362352677],[-70.69634434422915,-33.51680000290728],[-70.69635668755701,-33.516815443223486],[-70.69637077823707,-33.51682979577615],[-70.69638648056856,-33.51684292234174],[-70.6964036433294,-33.51685469650372],[-70.6964221012325,-33.516865004869906],[-70.6964416765176,-33.51687374816457],[-70.69646218066313,-33.516880842184584],[-70.696483416202,-33.51688621861026],[-70.69650517862313,-33.51688982566335],[-70.69652725834123,-33.516891628605876],[-70.69654944271515,-33.51689161007438],[-70.69657151809587,-33.51688977024741],[-70.69659327188403,-33.516886126843644],[-70.6966144945775,-33.51688071495133],[-70.69663498178905,-33.51687358669028],[-70.69665453621462,-33.51686481070999],[-70.69667296953374,-33.51685447152846],[-70.69669010422295,-33.51684266871822],[-70.69670577526563,-33.516829515947336],[-70.6967198317411,-33.51681513988476],[-70.69672583194412,-33.51680834901145],[-70.69672600643857,-33.5168081297912],[-70.6967262050681,-33.51680792548965],[-70.69673215929811,-33.5168003998521],[-70.69673813847918,-33.51679288810654],[-70.69673828648077,-33.51679265561553],[-70.69673846024698,-33.516792435989835],[-70.6968023668238,-33.51670235618142],[-70.6969845575013,-33.51664036362767],[-70.6971510600203,-33.51696867545825],[-70.69715330261718,-33.5169736580537],[-70.69736581839797,-33.51738739689808],[-70.6973695526354,-33.517395795913764],[-70.69753616946943,-33.517722665052936],[-70.69760285129064,-33.51801802290786],[-70.69760426904794,-33.51802704918018],[-70.69760822988545,-33.51804235020042],[-70.69761368631487,-33.51805732483147],[-70.69761606308893,-33.51806299637845],[-70.69761687462916,-33.51806466585997],[-70.697616921359,-33.51806479248366],[-70.69769389307761,-33.5182420274571],[-70.69752394866245,-33.518324129614626],[-70.69751623428931,-33.51832829188959],[-70.69750843669472,-33.518332343904255],[-70.6975054216694,-33.51833408787891],[-70.69750163353028,-33.518336188728384],[-70.69750113817358,-33.51833646423189],[-70.69720414968819,-33.518502112058606],[-70.69718630976425,-33.518513157823875],[-70.6971698483109,-33.51852561506389],[-70.69715492386088,-33.51853936380921],[-70.69714168014497,-33.51855427165244],[-70.69713024470782,-33.51857019502346],[-70.69712072767967,-33.51858698057198],[-70.69711322071561,-33.51860446664442],[-70.6971077961129,-33.518622484840655],[-70.69710450611471,-33.518640861635845],[-70.69710338240682,-33.51865942005158],[-70.6971044358126,-33.51867798136009],[-70.69710765618854,-33.518696366805834],[-70.69711301252194,-33.51871439932665],[-70.6971204532296,-33.51873190525919],[-70.69712990665451,-33.518748716011395],[-70.69714128175585,-33.518764669686064],[-70.69715446898579,-33.51877961264003],[-70.69716934134443,-33.518793400963915],[-70.69718575560297,-33.51880590186807],[-70.6972035536829,-33.518816994961355],[-70.69722256417853,-33.51882657341072],[-70.69724260400771,-33.518834544969955],[-70.69726348017504,-33.51884083286816],[-70.69728499163047,-33.51884537654911],[-70.69730693120566,-33.51884813225445],[-70.69732908760922,-33.51884907344508],[-70.69735124746144,-33.51884819105685],[-70.69737319734946,-33.51884549358768],[-70.69739472588256,-33.518841007015936],[-70.69741562572796,-33.518834774550044],[-70.6974356956077,-33.518826856212435],[-70.697454742237,-33.51881732826152],[-70.69775148380499,-33.518651817848585],[-70.69775687869615,-33.51864882591113],[-70.69775721010556,-33.518648621840626],[-70.69808429789425,-33.51849060124545],[-70.69808567645381,-33.518489854845804],[-70.69808721019919,-33.518489169880006],[-70.69809048749245,-33.51848753144451],[-70.69809068430662,-33.51848744515753],[-70.69855172648828,-33.51826050736768],[-70.69855231125007,-33.518260186195086],[-70.69855292876369,-33.51825991137657],[-70.69874937186695,-33.51816184269959],[-70.69876384247405,-33.51815553558448],[-70.6987719447853,-33.51815111063255]],[[-70.6980804887033,-33.51625663575753],[-70.69815942540518,-33.51641135540254],[-70.69816131651237,-33.51641461095913],[-70.69827947649868,-33.51663934433674],[-70.69828219578368,-33.51664573327809],[-70.69828803636415,-33.51665807061964],[-70.69843593450406,-33.516941107975356],[-70.69843671917279,-33.51694284397569],[-70.69861467263992,-33.51728733195364],[-70.69861697476524,-33.517292509384276],[-70.6988234444064,-33.51769269639023],[-70.69865409722446,-33.51777226364833],[-70.69856802337338,-33.51772815069862],[-70.69838447905386,-33.51736031860573],[-70.69838367532198,-33.51735843089625],[-70.69820587002485,-33.5169978130864],[-70.69820580675366,-33.516997700730265],[-70.69820575904899,-33.516997589137745],[-70.69802693864884,-33.51663622075859],[-70.69788198821874,-33.516339880398185],[-70.69788887766394,-33.51633730096888],[-70.69790814594698,-33.516328091815026],[-70.69792624381921,-33.516317345028874],[-70.69794299698783,-33.51630516410836],[-70.69794815573732,-33.51630059724823],[-70.69807999655677,-33.51625651839212],[-70.6980804887033,-33.51625663575753]],[[-70.69760910130336,-33.51678087135878],[-70.69778809705429,-33.517142597539255],[-70.69778809828033,-33.51714259970928],[-70.69796515726615,-33.51750170731693],[-70.69796616613361,-33.517504035922116],[-70.69796693853485,-33.51750557816797],[-70.69817690127593,-33.51792635779338],[-70.69818085058523,-33.51793329457713],[-70.69818465332057,-33.517940277643454],[-70.69818767181464,-33.51794516951281],[-70.69819827004198,-33.517960534417995],[-70.69821053889255,-33.51797500084328],[-70.69822023306571,-33.51798442109869],[-70.69809079614934,-33.518048133560704],[-70.6980470393552,-33.51794738027325],[-70.69798117411543,-33.51765564592143],[-70.69798108715472,-33.51765479606702],[-70.69797812658075,-33.5176364548926],[-70.69797304244582,-33.51761844343024],[-70.69796588332382,-33.51760093375719],[-70.697963348608,-33.51759627660313],[-70.69796258091574,-33.51759476231279],[-70.69796240648176,-33.517594419177456],[-70.69779190577547,-33.51725993387389],[-70.69779133847399,-33.517258312023955],[-70.69778904853466,-33.517253553791605],[-70.69778701064256,-33.51724871580542],[-70.69778490385146,-33.51724494161193],[-70.6977830441629,-33.51724107739025],[-70.69778195521965,-33.517239331173165],[-70.69757599112238,-33.51683835128766],[-70.6975756227977,-33.516837473864555],[-70.69757339810695,-33.516831563139355],[-70.69757194536395,-33.51682871347983],[-70.69757071828111,-33.51682579032197],[-70.69756759165237,-33.51682017336121],[-70.69756468601798,-33.51681447374913],[-70.69756290681143,-33.51681175708446],[-70.69756134357786,-33.51680894874829],[-70.69756110323766,-33.51680860864885],[-70.69740307118093,-33.516497001836875],[-70.69746053208203,-33.516477133862075],[-70.69760874957427,-33.51678015643517],[-70.6976089455305,-33.5167805069616],[-70.69760910130336,-33.51678087135878]]]}},{"type":"Feature","properties":{"numpos":"73650","TIPO":"TRAFO","TENSION":"MT","INCIDENCIA":"DF202671832124","CLITOTAL":"374","CANTAVISOS":"37","FECHA_INICIO":"10-10-2026 18:45","FECHA_FIN":"","DESCARGO":"","ESTADODESC":" ","ESTADOINC":"Asignado","CLI_PLAN":"0","FECHA_INIDESC":"","FECHA_FINDESC":"","FECHA_REPOSICION":"10-10-2026 22:14","id_alim":"2223"},"geometry":{"type":"Polygon","coordinates":[[[-70.69986193331431,-33.51448498841362],[-70.69988084034568,-33.5144947081643],[-70.69990079368647,-33.514502828760456],[-70.69992160117421,-33.51450927199586],[-70.6999430624203,-33.51451397581832],[-70.69996497073997,-33.5145168949272],[-70.6999871151428,-33.514518001209716],[-70.70000928236472,-33.51451728401175],[-70.70003125892183,-33.51451475024045],[-70.70005283316657,-33.51451042429757],[-70.70007379732598,-33.5145043478446],[-70.70009394950266,-33.51449657940151],[-70.70011309561926,-33.514487193783125],[-70.70013105128758,-33.51447628137858],[-70.70014764358434,-33.51446394728088],[-70.70016271271655,-33.51445031027471],[-70.70017611356039,-33.51443550169241],[-70.70018771705878,-33.51441966414932],[-70.70019741146443,-33.514402950170116],[-70.7002051034158,-33.514385520719955],[-70.70021071883625,-33.51436754365435],[-70.70021420364748,-33.514349192102486],[-70.70021552429019,-33.51433064279998],[-70.70021466804725,-33.5143120743868],[-70.70021164316611,-33.51429366568681],[-70.7002064787794,-33.51427559398563],[-70.70019922462419,-33.514258033323394],[-70.70019659256278,-33.51425254868612],[-70.70019659184119,-33.514252547372735],[-70.70017153656191,-33.51420030648397],[-70.70029728208097,-33.514450570659726],[-70.70030688054909,-33.514467323441174],[-70.70031839311314,-33.51448320747699],[-70.70033170890147,-33.51449806979474],[-70.70034669967619,-33.51451176726172],[-70.70036322106806,-33.51452416796331],[-70.70038111396691,-33.51453515247344],[-70.700400206054,-33.51454461500483],[-70.70042031346142,-33.51455246442766],[-70.70044124254304,-33.51455862514733],[-70.70046279173933,-33.51456303783245],[-70.70048475351858,-33.51456565998624],[-70.70050691637563,-33.514566466355845],[-70.70052906686874,-33.51456544917545],[-70.7005509916753,-33.514562618241165],[-70.70057247964621,-33.51455800081663],[-70.7005933238395,-33.51455164137049],[-70.70061332351324,-33.51454360114805],[-70.70063228605888,-33.51453395758146],[-70.70065002885627,-33.51452280354403],[-70.7006663810323,-33.51451024645578],[-70.70068118510662,-33.51449640724883],[-70.70069429850813,-33.51448141920282],[-70.70070559494813,-33.51446542666125],[-70.70071496563654,-33.51444858364152],[-70.70072232032942,-33.514431052351384],[-70.70072758819829,-33.51441300162703],[-70.70073071851192,-33.514394605306926],[-70.70073168112506,-33.51437604055772],[-70.70073046676862,-33.51435748616803],[-70.70072708713889,-33.514339120826556],[-70.70072157478481,-33.514321121401316],[-70.70071398279458,-33.514303661236156],[-70.70071398272741,-33.514303661102446],[-70.70071398265759,-33.51430366096351],[-70.70049501412701,-33.51386786238559],[-70.70028811319204,-33.51344655968513],[-70.7002874984055,-33.513445291485084],[-70.70028589731294,-33.51344240392757],[-70.70028452195841,-33.51343943585681],[-70.70028438142842,-33.51343917179153],[-70.70025093705483,-33.513373542725176],[-70.70017015233486,-33.51321460499755],[-70.70016987903837,-33.513213890837704],[-70.70016916321607,-33.51321202548213],[-70.70016555860686,-33.513204007008085],[-70.7001620272897,-33.51319596568282],[-70.70016130727838,-33.51319454541617],[-70.7000014616207,-33.512876845161315],[-70.70000099844368,-33.51287591931049],[-70.70000045224364,-33.512874807798504],[-70.7000003151578,-33.51287452945896],[-70.69988511221338,-33.51264114681781],[-70.69977006840595,-33.5124080778923],[-70.69954490490836,-33.51195150442146],[-70.69954344699833,-33.51194850613435],[-70.69951725913923,-33.511894478194144],[-70.69962193736278,-33.51185515731472],[-70.69967655647115,-33.5118350223759],[-70.69969639749624,-33.51182671194149],[-70.69971517056905,-33.51181681243787],[-70.69973269489405,-33.51180541920322],[-70.6997488017021,-33.51179264196116],[-70.69976333587583,-33.511778603764085],[-70.69977615744345,-33.511763439808085],[-70.69978714292678,-33.511747296130864],[-70.69979618653032,-33.51173032820537],[-70.69980320116022,-33.51171269944232],[-70.69980811926293,-33.51169457961674],[-70.69981089347564,-33.5116761432326],[-70.69981149708259,-33.51165756784248],[-70.69980992427207,-33.51163903233752],[-70.69980619019249,-33.511620715224666],[-70.69980033080637,-33.51160279290746],[-70.69979240254396,-33.511585437987335],[-70.69978248175978,-33.51156881760119],[-70.69977066399719,-33.51155309181196],[-70.69975706306825,-33.511538412067054],[-70.69974180995764,-33.511524919739884],[-70.69972505156119,-33.51151274476833],[-70.69970694927115,-33.51150200440352],[-70.69968767742198,-33.511492802080454],[-70.69966742161135,-33.511485226422074],[-70.69964637691282,-33.511479350385756],[-70.69962474599723,-33.51147523056058],[-70.6996027371808,-33.51147290662252],[-70.69958056241913,-33.511472400952265],[-70.69955843526589,-33.51147371841972],[-70.69953656881633,-33.51147684633706],[-70.69951517365496,-33.51148175458099],[-70.69949445582776,-33.511488395882765],[-70.69943911554999,-33.51150879665228],[-70.69943767510514,-33.51150933269012],[-70.69934707268818,-33.511543366162726],[-70.69934455971949,-33.51153818162735],[-70.69934382587256,-33.51153665998257],[-70.69934016898972,-33.511530033648846],[-70.69933667944923,-33.51152334429368],[-70.69933551664441,-33.51152160351859],[-70.69933451740094,-33.511519792871844],[-70.69933010278059,-33.511513498701326],[-70.69932584732283,-33.51150712807293],[-70.69932448642948,-33.511505491154594],[-70.69932328013415,-33.511503771271435],[-70.6993181502918,-33.51149786988027],[-70.69931316989937,-33.51149187933105],[-70.69931162402366,-33.51149036203377],[-70.69931022229385,-33.51148874947763],[-70.69930442663286,-33.51148329769923],[-70.6992987692698,-33.5114777449212],[-70.69929705329943,-33.511476361857326],[-70.69929546963458,-33.51147487215789],[-70.69928906397047,-33.51146992249569],[-70.69928278412026,-33.51146486096484],[-70.69928091458085,-33.511463625453956],[-70.6992791642326,-33.51146227295788],[-70.69927221025539,-33.5114578730796],[-70.69926536839633,-33.511453351541036],[-70.69926336329267,-33.51145227548178],[-70.69926146311768,-33.511451073214154],[-70.6992540277976,-33.51144726549269],[-70.6992466898206,-33.511443327491236],[-70.69924456846282,-33.51144242124657],[-70.69924253676082,-33.51144138078587],[-70.69923469170381,-33.51143820189151],[-70.69922692827734,-33.511434885352],[-70.69922471109524,-33.511434157649525],[-70.6992225674325,-33.51143328901589],[-70.69921438819041,-33.511430769562956],[-70.69920627408014,-33.511428106425335],[-70.69920398242623,-33.511427564273156],[-70.69920174744735,-33.51142687583197],[-70.69919331279051,-33.51142504008413],[-70.69918492613917,-33.51142305599562],[-70.69918258208317,-33.51142270461494],[-70.69918027731212,-33.51142220299626],[-70.69917166847064,-33.51142106863264],[-70.69916309004554,-33.51141978270101],[-70.6991607161618,-33.51141962547579],[-70.69915836379471,-33.51141931551045],[-70.69914966367551,-33.5114188934555],[-70.69914097609147,-33.51141831806499],[-70.69913859524186,-33.511418356509395],[-70.69913621793295,-33.51141824118248],[-70.69912751032219,-33.511418535500795],[-70.69911879724503,-33.51141867619271],[-70.69911643235814,-33.51141890993649],[-70.69911405300216,-33.51141899035871],[-70.69910542175877,-33.51141999821592],[-70.69909676709925,-33.51142085363529],[-70.6990944409501,-33.5114212804274],[-70.69909208246142,-33.51142155582422],[-70.69908361070826,-33.51142326751419],[-70.69907509781514,-33.51142482942296],[-70.69907283280568,-33.51142544515316],[-70.69907051789767,-33.51142591287238],[-70.69906228722212,-33.511428311910684],[-70.6990539980785,-33.51143056526694],[-70.69905181602182,-33.5114313640055],[-70.69904956698828,-33.51143201954279],[-70.69904165665575,-33.51143508282545],[-70.69903367109025,-33.51143800592835],[-70.6990315930007,-33.511438979983005],[-70.69902943150086,-33.511439817025206],[-70.69902191769178,-33.51144351505139],[-70.69901431260948,-33.51144707974999],[-70.69901235850013,-33.51144821974009],[-70.69901030535033,-33.5114492302261],[-70.69900326042644,-33.511453527382],[-70.69899610906825,-33.51145769934648],[-70.69899429775822,-33.511458994293385],[-70.69899237273131,-33.51146016849169],[-70.69898586453897,-33.511465023393605],[-70.69897923577619,-33.511469762445884],[-70.69897758470931,-33.51147119987861],[-70.6989758063444,-33.51147252648112],[-70.69896989756101,-33.51147789237384],[-70.69896385523218,-33.5114831528745],[-70.69896238030915,-33.51148471894985],[-70.69896076573282,-33.511486185180715],[-70.69895551326317,-33.51149201038806],[-70.69895011555933,-33.51149774167582],[-70.6989488309845,-33.5114994213117],[-70.69894739574603,-33.51150101305035],[-70.69894285017453,-33.51150724147249],[-70.6989381490786,-33.511513388352185],[-70.69893706722321,-33.51151516537281],[-70.69893582514476,-33.51151686729004],[-70.69893203024795,-33.511523438944174],[-70.69892807103437,-33.51152994221811],[-70.69892720231734,-33.51153179950988],[-70.69892616536093,-33.5115335952153],[-70.69892315768607,-33.5115404468129],[-70.69891997848457,-33.51154724385122],[-70.69891932301564,-33.511548876964646],[-70.69888187841244,-33.51164189434811],[-70.69887106723958,-33.51163175903729],[-70.69885473653491,-33.51161918282337],[-70.69883701292608,-33.51160800803016],[-70.69881806710067,-33.511598342276464],[-70.69879808151664,-33.511590278648306],[-70.69877724864521,-33.511583894802385],[-70.6987557691172,-33.511579252218326],[-70.69873384979097,-33.51157639560649],[-70.69871170176029,-33.511575352477465],[-70.69868953832139,-33.511576132877146],[-70.69866757291895,-33.51157872928996],[-70.69864601709045,-33.5115831167112],[-70.69862507842909,-33.51158925288794],[-70.69860495858462,-33.511597078725806],[-70.69858585132123,-33.51160651885821],[-70.6985679406517,-33.51161748237202],[-70.6985513990652,-33.51162986368313],[-70.69853638586615,-33.511643543553355],[-70.69852304564002,-33.51165839023866],[-70.69851150686092,-33.51167426075785],[-70.69850188065429,-33.51169100226964],[-70.69849425972666,-33.51170845354455],[-70.69848871747286,-33.51172644651762],[-70.69848530726901,-33.5117448079069],[-70.69848406195861,-33.511763360882306],[-70.69848499353607,-33.511781926768606],[-70.69848809303116,-33.511800326766],[-70.69849333059538,-33.51181838367231],[-70.6985006557893,-33.51183592358933],[-70.69850146319752,-33.51183758970495],[-70.69850151360426,-33.51183768064166],[-70.69850155324721,-33.51183777524412],[-70.69850555206249,-33.51184600196199],[-70.69850322495446,-33.51184665972555],[-70.69850055010085,-33.51184723584583],[-70.69849271832976,-33.51184962945151],[-70.69848482189606,-33.511851861399194],[-70.69848230502859,-33.51185281204318],[-70.69847971072718,-33.51185360493295],[-70.69810792150045,-33.511984886329536],[-70.6981034174395,-33.51198626154948],[-70.69767973648935,-33.51213573465559],[-70.69767485311296,-33.51213737828398],[-70.69767378385171,-33.5121377903074],[-70.69767227275712,-33.512138245744964],[-70.69739510148689,-33.5122348982524],[-70.6973950151025,-33.51223493263343],[-70.69739492513862,-33.51223495981987],[-70.69738573427773,-33.51223817239192],[-70.69735558583139,-33.51224861250454],[-70.69718080542096,-33.512306252985084],[-70.69716832172932,-33.512310309895305],[-70.69716632550241,-33.512311055528365],[-70.69716426660814,-33.51231166560209],[-70.69694079200949,-33.51238848135789],[-70.69692070733038,-33.512396370681834],[-70.69690164250015,-33.512405871091914],[-70.69688378112292,-33.51241689109448],[-70.69686729521312,-33.51242932456149],[-70.69685234353904,-33.51244305175239],[-70.69683907009359,-33.512457940467435],[-70.6968276027078,-33.512473847320656],[-70.69681805181952,-33.51249061912089],[-70.69681050940997,-33.51250809434692],[-70.69680504811778,-33.51252610470312],[-70.6968017205394,-33.51254447674015],[-70.69680055872257,-33.51256303352536],[-70.69680157385766,-33.5125815963468],[-70.69680475616968,-33.51259998643425],[-70.6968100750126,-33.512618026680904],[-70.69681747916422,-33.512635543349035],[-70.69682689731958,-33.512652367743144],[-70.69683823877756,-33.51266833783465],[-70.6968513943143,-33.51268329982233],[-70.69686623723516,-33.512697109613484],[-70.69688262459482,-33.51270963421169],[-70.69690039857387,-33.512720752997694],[-70.69691938799869,-33.51273035889092],[-70.6969394099901,-33.5127383593809],[-70.69696027172438,-33.51274467741812],[-70.69698177229061,-33.51274925215612],[-70.69700370462529,-33.51275203953738],[-70.69700835693925,-33.51275224391478],[-70.69709540088317,-33.5129222021355],[-70.69718102315302,-33.513096855271144],[-70.6971817369469,-33.51309850082804],[-70.69718401424055,-33.51310304299349],[-70.69718603896547,-33.513107668324324],[-70.69738669979468,-33.5135046209707],[-70.69738732849372,-33.51350585252416],[-70.6974304937655,-33.51358958806112],[-70.69743049376551,-33.51358958806113],[-70.69743352078622,-33.51359546011771],[-70.6974981653763,-33.51373085789487],[-70.69749990426988,-33.5137343958944],[-70.69760854882635,-33.513949254042124],[-70.69760922386666,-33.513950575035665],[-70.69767064397331,-33.51406951894759],[-70.69744128033008,-33.514148449459604],[-70.69731226449048,-33.5141412084357],[-70.69729008433461,-33.51414087739276],[-70.697267972245,-33.51414236903287],[-70.69724614117183,-33.51414566899084],[-70.69722480135894,-33.514150745486546],[-70.69720415831924,-33.51415754963085],[-70.69718441085553,-33.51416601589661],[-70.69716574914588,-33.51417606274947],[-70.69714835291225,-33.51418759343337],[-70.6971323896896,-33.51420049690205],[-70.6971180132125,-33.5142146488886],[-70.69710536193456,-33.51422991310224],[-70.69709455769501,-33.514246142540806],[-70.6970857045454,-33.514263180906354],[-70.69707888774734,-33.5142808641105],[-70.69707880027433,-33.51428120098892],[-70.69707634465624,-33.514282474603746],[-70.69689835459091,-33.51433981879903],[-70.69677422296387,-33.51433056401839],[-70.69675205670147,-33.514329826767074],[-70.69672991090651,-33.51433091301006],[-70.69670799885374,-33.514333812286324],[-70.69668653156691,-33.514338496674526],[-70.69666571578652,-33.51434492106172],[-70.6966457519789,-33.51435302357796],[-70.6966268324056,-33.514362726192076],[-70.69660913927187,-33.5143739354631],[-70.69659284297194,-33.5143865434402],[-70.69657810044802,-33.51440042870224],[-70.6965650536789,-33.51441545752713],[-70.69655382831256,-33.514431485179614],[-70.69654453245613,-33.51444835730508],[-70.69653725563475,-33.514465911416174],[-70.69653206792933,-33.51448397845752],[-70.69652901930155,-33.51450238443387],[-70.6965281391127,-33.51452095208572],[-70.69652943584089,-33.514539502596406],[-70.69653289699929,-33.5145578573143],[-70.69653848925635,-33.514575839473196],[-70.69654615875679,-33.51459327589476],[-70.69655583164014,-33.51460999865632],[-70.69656741475204,-33.51462584670803],[-70.69658079654141,-33.51464066742401],[-70.69659584813463,-33.51465431807206],[-70.69661242457668,-33.51466666718843],[-70.69663036622714,-33.51467759584377],[-70.69664950029767,-33.514686998788655],[-70.69666964251591,-33.5146947854671],[-70.69669059890043,-33.51470088088872],[-70.6967121676286,-33.51470522635095],[-70.69673414098054,-33.51470778000439],[-70.69691334245245,-33.51472114051706],[-70.69691630805988,-33.514721239203226],[-70.69691806724461,-33.51472141583044],[-70.69692564461839,-33.51472154989429],[-70.69693549893466,-33.51472187781395],[-70.69693604053613,-33.51472187356738],[-70.69693813540775,-33.514721770888514],[-70.69694024612551,-33.514721808232416],[-70.69694923724214,-33.51472122673821],[-70.69695818648297,-33.514720788095374],[-70.69696025949825,-33.514720513880576],[-70.69696236412507,-33.51472037776504],[-70.69697124265043,-33.51471906104803],[-70.69698009877371,-33.514717889574484],[-70.69698213001853,-33.51471744641157],[-70.69698420823347,-33.51471713820459],[-70.696992888469,-33.51471509920684],[-70.69700156637971,-33.51471320591921],[-70.69700353633019,-33.51471259801051],[-70.69700556807874,-33.514712120750055],[-70.69701396629337,-33.514709379418704],[-70.69702238255498,-33.514706782236075],[-70.69702427226252,-33.51470601536027],[-70.69702623795274,-33.51470537372259],[-70.6970342732006,-33.51470195680699],[-70.69703636546808,-33.5147011077286],[-70.69727106223286,-33.51462549388839],[-70.69727642584475,-33.514623499930615],[-70.69728214863994,-33.514621636000065],[-70.69757197521457,-33.51451313454458],[-70.69757499643293,-33.514511854057695],[-70.69785280373154,-33.51441625265487],[-70.69793794850536,-33.51458413004279],[-70.69800677190472,-33.51473304770601],[-70.6980071650242,-33.5147337881784],[-70.69800747528348,-33.514734549921315],[-70.69800881525734,-33.5147370170389],[-70.69800995030057,-33.514739562696384],[-70.69802097516883,-33.51476101381698],[-70.69819333172505,-33.51509680024258],[-70.69820308372711,-33.51511349073482],[-70.69821474181178,-33.51512930018156],[-70.69822819370597,-33.51514407632876],[-70.69824330986098,-33.51515767687357],[-70.69825994470014,-33.515169970834776],[-70.69827793802064,-33.515180839814334],[-70.69829711653662,-33.51519017913754],[-70.69831729554784,-33.51519789886116],[-70.69833828071853,-33.51520392463968],[-70.69835986994902,-33.51520819844129],[-70.69838185532204,-33.51521067910672],[-70.6984040251052,-33.515211342745744],[-70.6984261657901,-33.5152101829671],[-70.69844806414856,-33.51520721094028],[-70.69846950928626,-33.51520245528767],[-70.69849029467368,-33.515195961809134],[-70.69851022013528,-33.51518779304075],[-70.69852909377725,-33.51517802765275],[-70.69854673383568,-33.51516675969158],[-70.69856297042688,-33.51515409767437],[-70.69857764718364,-33.51514016354379],[-70.69859062276109,-33.51512509149365],[-70.69860177219789,-33.515109026676484],[-70.69861098811961,-33.515092123805616],[-70.69861818177291,-33.5150745456653],[-70.69862328388015,-33.51505646154285],[-70.69862624530657,-33.51503804559836],[-70.69862703753331,-33.51501947518749],[-70.69862565293225,-33.51500092915333],[-70.6986221048392,-33.51498258610411],[-70.69861642742552,-33.51496462269314],[-70.69860867536897,-33.514947211917466],[-70.69860867529485,-33.51494721177305],[-70.69860867529485,-33.51494721177305],[-70.69860867417823,-33.51494720959766],[-70.69849240238088,-33.51472068982347],[-70.69883104653617,-33.5146007876822],[-70.69883515099298,-33.51459912399151],[-70.69883959800994,-33.51459758335502],[-70.6992338471386,-33.51444156219927],[-70.6992370378444,-33.514440135069115],[-70.69924033424871,-33.51443888783761],[-70.69924681703802,-33.514435761057335],[-70.69925341588731,-33.51443280954085],[-70.69925642423397,-33.514431127311546],[-70.69925955882088,-33.514429615436306],[-70.69944928395182,-33.514327408294754],[-70.69969682165724,-33.514240885743426],[-70.69970317277718,-33.51423963107538],[-70.69977709470734,-33.51439376189047],[-70.69977710484872,-33.51439378035981],[-70.69977711218462,-33.51439379811861],[-70.69977974422463,-33.51439928276537],[-70.69978901822576,-33.51441616330264],[-70.69980022283363,-33.51443220111857],[-70.6998132501424,-33.51444724175973],[-70.69982797469233,-33.514461140375964],[-70.69984425467808,-33.5144737631154],[-70.69986193331431,-33.51448498841362]],[[-70.69862548359698,-33.51262216568612],[-70.69885128178512,-33.512535080132544],[-70.69887193231908,-33.51257927010218],[-70.6988725682597,-33.51258045595464],[-70.6988730825154,-33.51258168251734],[-70.69889011438629,-33.51261670565103],[-70.69887363798767,-33.512621661947506],[-70.69863490621708,-33.512704025266444],[-70.69831477410067,-33.512808798046656],[-70.69831100311539,-33.51281021458015],[-70.69830713514422,-33.512811433886064],[-70.69796757489846,-33.51293472625051],[-70.69764574485477,-33.51304584178237],[-70.69763234061507,-33.513019325312854],[-70.69764071297995,-33.51299247069616],[-70.69782931436244,-33.5129206264251],[-70.69804943283876,-33.51284042332099],[-70.69806122383746,-33.51283856815618],[-70.69808251955894,-33.512833364308214],[-70.69810310382046,-33.512826437011405],[-70.69812277838336,-33.512817852979865],[-70.6981413537701,-33.51280769488293],[-70.69815359529609,-33.51279946112201],[-70.69827893376927,-33.512746633045964],[-70.69829345865764,-33.51274209394127],[-70.69862041271986,-33.512624058541874],[-70.69862290655338,-33.51262303390477],[-70.69862548359698,-33.51262216568612]],[[-70.69880134962418,-33.51305613728529],[-70.69880323018221,-33.51305543086509],[-70.69880517208767,-33.51305485251761],[-70.6989761975018,-33.51299584813793],[-70.69908883304025,-33.51302017017037],[-70.69912145965274,-33.513083506147716],[-70.69862955982191,-33.513262250928626],[-70.69861253633162,-33.5132677015325],[-70.69826469797022,-33.51333040279199],[-70.69826429922908,-33.513330474983775],[-70.69826220734907,-33.5133308553724],[-70.69825314056742,-33.51333289898886],[-70.69824403802627,-33.513334827841135],[-70.69824243316076,-33.513335312394666],[-70.6982407858213,-33.51333568369818],[-70.69823200182624,-33.513338461904105],[-70.69822316881489,-33.51334112883455],[-70.69822117982673,-33.51334182351629],[-70.6982208194346,-33.51334194969452],[-70.69818830400651,-33.513353361439556],[-70.69818749477287,-33.51335368542123],[-70.69818665397493,-33.51335394699198],[-70.69786645317848,-33.51346883327617],[-70.69785558458894,-33.5134469066007],[-70.69785556287776,-33.513446868232855],[-70.69785554573929,-33.51344682827357],[-70.69783610881754,-33.5134076650542],[-70.69784234183409,-33.51338757881371],[-70.69814174406514,-33.51328420659124],[-70.69814359188433,-33.513283477808365],[-70.69814550340628,-33.5132828752425],[-70.69848314647247,-33.51316027886949],[-70.69880134962418,-33.51305613728529]],[[-70.69873666978661,-33.51363240923745],[-70.69874131393348,-33.51363113726797],[-70.69874603447853,-33.513630080908335],[-70.69875185020975,-33.51362825152258],[-70.6987577548639,-33.51362663431618],[-70.69879371346902,-33.513615121032956],[-70.69879572422629,-33.513614477133125],[-70.69880044725237,-33.51361273766085],[-70.69880527281163,-33.51361120835082],[-70.69880709662239,-33.51361054293031],[-70.6992964255543,-33.513432732175794],[-70.69932018382895,-33.51348221977909],[-70.69927021969005,-33.51352568106926],[-70.69886348209899,-33.5136688732923],[-70.69886186005375,-33.51366952452646],[-70.69886017960422,-33.51367006189677],[-70.69842097583374,-33.51383161211745],[-70.6981192960787,-33.513925995009856],[-70.69811188715929,-33.513914474974214],[-70.69811081486371,-33.51391314017378],[-70.69810917801694,-33.513910372611655],[-70.69809742908626,-33.51389461049958],[-70.69808389235726,-33.51387988892883],[-70.69806869819635,-33.51386634967559],[-70.69806409882378,-33.51386298340568],[-70.69806259864816,-33.51386003458083],[-70.69808274649188,-33.51380321341934],[-70.69836383698234,-33.51370235952976],[-70.69837819499573,-33.513697320379684],[-70.69872460254076,-33.51363487692792],[-70.69873060433018,-33.51363353385335],[-70.69873666978661,-33.51363240923745]],[[-70.69859691709387,-33.51418050615174],[-70.69904030566462,-33.51401741649124],[-70.69947372087083,-33.513864832162525],[-70.69948763885046,-33.513859972086976],[-70.69948933062847,-33.51385929790187],[-70.69949108782951,-33.51385873971801],[-70.69949128870665,-33.513858656216826],[-70.69949149623153,-33.513858589903144],[-70.69951139105872,-33.51385127684146],[-70.69952474136282,-33.51387588745546],[-70.69953101778609,-33.51388848523666],[-70.69927026574841,-33.513979626537896],[-70.6992702657484,-33.513979626537896],[-70.69925675524561,-33.51398434880828],[-70.69924879243722,-33.513987524800655],[-70.6992407549278,-33.513990565897224],[-70.69923878186972,-33.51399151754745],[-70.69923672624073,-33.5139923374415],[-70.69922917340767,-33.51399615192383],[-70.69922153044854,-33.513999838293245],[-70.69902740124266,-33.51410441781748],[-70.69867598272832,-33.5142434889413],[-70.69866806364662,-33.51424546608943],[-70.69864752764524,-33.51425249385046],[-70.69862791287146,-33.51426117386602],[-70.69862596965767,-33.514262250102504],[-70.69832072503347,-33.51437032647118],[-70.6982755989877,-33.514281353565586],[-70.69858512416562,-33.51418451606922],[-70.69859097052114,-33.51418240770843],[-70.69859691709387,-33.51418050615174]],[[-70.69910539026935,-33.51206570226856],[-70.69909644597787,-33.51204863613489],[-70.69910187894554,-33.512046720621115],[-70.6991048929337,-33.51206402227388],[-70.69910539026935,-33.51206570226856]],[[-70.69962701740506,-33.51310772906714],[-70.69961729720836,-33.513090191822506],[-70.6996051441902,-33.513066600262256],[-70.69960741890154,-33.51306877572107],[-70.69962701740506,-33.51310772906714]],[[-70.69974806121961,-33.51335033177679],[-70.69974474627034,-33.51335156495336],[-70.6996415592675,-33.513136631972465],[-70.69974179017963,-33.513335846883514],[-70.69974281935467,-33.51333853628761],[-70.69974806121961,-33.51335033177679]],[[-70.69809585294261,-33.51239985438161],[-70.69794312334552,-33.51246422728784],[-70.69794118911814,-33.5124645911198],[-70.69792012547383,-33.512470419968494],[-70.6978998452948,-33.51247795020232],[-70.69788054388938,-33.512487109301524],[-70.69787225914179,-33.51249199688109],[-70.69764759331375,-33.512573856784634],[-70.69764735762799,-33.51257393341064],[-70.6976454012912,-33.51257466388912],[-70.69764539954217,-33.51257466463014],[-70.69764539219676,-33.51257466737318],[-70.69764385855844,-33.51257524582773],[-70.69744788522034,-33.51264989822024],[-70.69743705184257,-33.51262874560379],[-70.6975229829177,-33.51260040649668],[-70.69752653390651,-33.51259920622111],[-70.69755877422516,-33.512588041701946],[-70.6975591119163,-33.51258790815368],[-70.69755946484145,-33.5125878015021],[-70.69756893589499,-33.512584490988026],[-70.69784339435473,-33.51248878436735],[-70.6978434070373,-33.51248878069314],[-70.69785002687794,-33.5124865526098],[-70.69785172835789,-33.51248589697002],[-70.69785348798466,-33.512485359711974],[-70.69809585294261,-33.51239985438161]],[[-70.69813874233941,-33.512385151872344],[-70.6981315599057,-33.51238725706262],[-70.69824163097289,-33.51234842420426],[-70.69814199757525,-33.51238439324565],[-70.69814068367843,-33.512384756648366],[-70.69813874233941,-33.512385151872344]]]}},{"type":"Feature","properties":{"numpos":"73651","TIPO":"TRAFO","TENSION":"MT","INCIDENCIA":"DF202671832124","CLITOTAL":"326","CANTAVISOS":"32","FECHA_INICIO":"10-10-2026 18:45","FECHA_FIN":"","DESCARGO":"","ESTADODESC":" ","ESTADOINC":"Asignado","CLI_PLAN":"0","FECHA_INIDESC":"","FECHA_FINDESC":"","FECHA_REPOSICION":"10-10-2026 22:14","id_alim":"2223"},"geometry":{"type":"Polygon","coordinates":[[[-70.70105715746658,-33.5170411868742],[-70.70106320631251,-33.51703788749984],[-70.7010680330869,-33.517035486107225],[-70.70130706910922,-33.51690285528133],[-70.70131063056193,-33.5169012854308],[-70.70168315296077,-33.516716866673214],[-70.70170324060996,-33.516705669166875],[-70.7017217889614,-33.516692742012374],[-70.70172843454418,-33.51668700170021],[-70.70173076832383,-33.51668520407951],[-70.70173372127813,-33.51668243513181],[-70.70173858668956,-33.51667823249224],[-70.70174022460779,-33.51667665756654],[-70.70174279026243,-33.51667393125904],[-70.70174554743323,-33.51667134589412],[-70.70174964847409,-33.51666664360767],[-70.70175395807019,-33.51666206415741],[-70.7017561922246,-33.51665914048939],[-70.70175863372775,-33.51665634104131],[-70.70176216497661,-33.51665132440182],[-70.70176591771938,-33.516646413471136],[-70.7017677988825,-33.516643320638615],[-70.70176990117967,-33.51664033402656],[-70.70177282857824,-33.51663505128192],[-70.70177598837805,-33.51662985623291],[-70.70177749846832,-33.51662662405883],[-70.70177924127798,-33.51662347900664],[-70.70178153656728,-33.5166179809725],[-70.70178407306106,-33.516612551898405],[-70.70178519757992,-33.51660921154383],[-70.70178656407337,-33.51660593830501],[-70.70178820506727,-33.51660027787801],[-70.70179009390962,-33.51659466711822],[-70.7017908220799,-33.51659125078081],[-70.70179179904447,-33.516587880848554],[-70.70179276984547,-33.5165821124989],[-70.70179399294082,-33.5165763741328],[-70.70179431780929,-33.516572914735605],[-70.70179489577686,-33.516569480540646],[-70.70179518693172,-33.516563659789604],[-70.70179573260621,-33.51655784911375],[-70.70179565110884,-33.51655437998706],[-70.70179582444868,-33.51655091458643],[-70.7017954330423,-33.516545097472964],[-70.70179529615325,-33.516539270467185],[-70.7017948091429,-33.51653582502686],[-70.70179457611772,-33.51653236178626],[-70.70179350580439,-33.51652660432826],[-70.7017926877866,-33.51652081711559],[-70.70179180002285,-33.516517428540816],[-70.70179116280745,-33.516514000813544],[-70.70178942377902,-33.516508358468876],[-70.70178793262758,-33.516502666774585],[-70.70178665272888,-33.516499367688326],[-70.70178561739124,-33.51649600849433],[-70.7017832262823,-33.51649053562643],[-70.70178107647224,-33.51648499424165],[-70.70177941683087,-33.51648181639667],[-70.70177799327564,-33.516478558104154],[-70.70160183615411,-33.5161294707948],[-70.70160125809767,-33.516127996652294],[-70.70151108698695,-33.51593145001169],[-70.70150829361104,-33.515926153323214],[-70.7015057361548,-33.51592077367344],[-70.70140261263788,-33.5157314513761],[-70.7014016786773,-33.515729271482115],[-70.70139936914003,-33.51572460409974],[-70.7013981185544,-33.51572160904779],[-70.70116521430616,-33.515243014713626],[-70.70116496605159,-33.51524256855838],[-70.7011647683227,-33.515242105022786],[-70.70116476129652,-33.515242090796434],[-70.70116476037968,-33.51524208864772],[-70.70116421707785,-33.51524098888268],[-70.70116394994086,-33.51524044799362],[-70.70116394936858,-33.51524044697894],[-70.70116394169804,-33.515240431452064],[-70.70116364100171,-33.51523982574683],[-70.70101944946613,-33.51495078678444],[-70.70101944946587,-33.514950786784],[-70.70101944946566,-33.5149507867835],[-70.70101710054419,-33.51494607823773],[-70.70085161700854,-33.51459720913346],[-70.70085122439691,-33.514596387040065],[-70.70072269331666,-33.51432906766179],[-70.70072187110979,-33.51432677317759],[-70.7007190350856,-33.51431860492873],[-70.70071867271264,-33.51431784759809],[-70.70071839428189,-33.51431707059764],[-70.70071455734471,-33.51430924680604],[-70.700710781954,-33.51430135653765],[-70.70071033303782,-33.51430063313776],[-70.70070996474821,-33.514299882168494],[-70.70070522719648,-33.51429240539836],[-70.70070055026609,-33.51428486882014],[-70.70070001926693,-33.51428418627961],[-70.70069956452413,-33.51428346860756],[-70.7006939705587,-33.514276411335246],[-70.70068843855937,-33.51426930056142],[-70.70068783072229,-33.5142686653977],[-70.70068729377019,-33.51426798798587],[-70.70068089592128,-33.51426141882712],[-70.7006745634767,-33.51425480169178],[-70.70067388477682,-33.51425421994951],[-70.70067327066094,-33.514253589389774],[-70.70066612932247,-33.514247572422086],[-70.70065905864297,-33.514241511842734],[-70.70065831572448,-33.51424098903755],[-70.70065763024685,-33.514240411485034],[-70.70065722870883,-33.514240133803966],[-70.70050827439174,-33.51411337010336],[-70.7004917177643,-33.51410061629543],[-70.7004737299686,-33.514089303917004],[-70.70045448910369,-33.51407954497288],[-70.70043418567515,-33.51407143608708],[-70.7004130207089,-33.51406505754633],[-70.70039120376089,-33.51406047250501],[-70.70036895084223,-33.51405772636003],[-70.70034648228061,-33.514056846301116],[-70.70032402053869,-33.514057841041925],[-70.70030178801167,-33.51406070073344],[-70.70028000482533,-33.514065397061735],[-70.70008375223465,-33.51411655266136],[-70.69992949052043,-33.514152873701015],[-70.69992711927559,-33.5141535387745],[-70.69992469232439,-33.51415405147637],[-70.69992384986095,-33.51415430525822],[-70.69992298351782,-33.51415449439624],[-70.69991575507214,-33.514156726141906],[-70.69990845473383,-33.51415877369877],[-70.69990617249202,-33.51415963034858],[-70.69990381747206,-33.51416033976918],[-70.69990300876111,-33.514160661499],[-70.69990216872128,-33.51416092085686],[-70.69989523683589,-33.51416373509592],[-70.69988821061717,-33.51416637241776],[-70.6998860393701,-33.51416741243694],[-70.69988377895045,-33.51416831170012],[-70.69988301178026,-33.514168698279455],[-70.69988220613375,-33.514169025359436],[-70.69987563752471,-33.51417239488082],[-70.69986895313153,-33.514175596678676],[-70.69986691380996,-33.51417681009316],[-70.69986476974069,-33.51417789049557],[-70.69986405149956,-33.5141783382015],[-70.69986328800506,-33.51417872985367],[-70.69985714586971,-33.51418262210352],[-70.69985086773633,-33.51418635764734],[-70.69984898000821,-33.514187732810704],[-70.69984697291119,-33.51418898390706],[-70.69984631051616,-33.51418948842794],[-70.69984559652657,-33.514189940880485],[-70.6998399399371,-33.514194318278534],[-70.69983412860343,-33.514198551690285],[-70.69983241068371,-33.51420007539478],[-70.69983055985485,-33.5142014850995],[-70.69982995968509,-33.51420204157657],[-70.69982930207652,-33.51420255047215],[-70.69982418541312,-33.514207370776404],[-70.69981889693965,-33.5142120613728],[-70.69981736541372,-33.514213718975576],[-70.69981568863827,-33.51421527368019],[-70.69981515647376,-33.514215876754264],[-70.69981456157936,-33.51421643719197],[-70.69981003400905,-33.51422165390814],[-70.69980531943442,-33.514226756589835],[-70.69980398909748,-33.514228532152806],[-70.69980250247959,-33.51423021685811],[-70.69980204344536,-33.514230860721334],[-70.69980151699431,-33.514231467303816],[-70.69979762200084,-33.5142370301349],[-70.69979352684689,-33.51424249581895],[-70.69979241055987,-33.51424437226192],[-70.69979112836918,-33.51424617072281],[-70.69979074688604,-33.514246849174405],[-70.69979029394834,-33.514247496059994],[-70.69974135378493,-33.5143259802038],[-70.69960266699941,-33.51437457121035],[-70.69960243590768,-33.51437464835957],[-70.69960184307337,-33.51437484708866],[-70.69932038254886,-33.51446958400685],[-70.69931212482828,-33.51447276609474],[-70.69930647521471,-33.51447449948001],[-70.69900896311003,-33.51457992006861],[-70.69898933972063,-33.514587827332655],[-70.69898850449025,-33.51458825123321],[-70.69871623824811,-33.51468048773596],[-70.69871427109909,-33.51468125706338],[-70.69844468276428,-33.51477281230433],[-70.69844235999284,-33.51477371469844],[-70.69843996008818,-33.51477446848942],[-70.69843229708336,-33.51477762412683],[-70.69842455807247,-33.514780630722576],[-70.69842235190148,-33.514781719567296],[-70.6984200519496,-33.514782666690685],[-70.6984127957054,-33.51478643597954],[-70.69840544515093,-33.5147900638077],[-70.69840337683812,-33.51479132865164],[-70.69840119897853,-33.51479245995021],[-70.69838929734638,-33.51479934172271],[-70.69838665219942,-33.51480103756118],[-70.69838387427949,-33.514802577252794],[-70.69827249100973,-33.5148711242782],[-70.69827250615987,-33.514871141551374],[-70.69826746072962,-33.51487399419135],[-70.69826465844585,-33.51487593906167],[-70.69826169305362,-33.514877734986364],[-70.69825609849426,-33.514881879928005],[-70.6982503784691,-33.51488584979836],[-70.69824781712018,-33.514888015497064],[-70.6982450763493,-33.5148900461005],[-70.69823999410531,-33.51489463009405],[-70.69823476573941,-33.51489905083557],[-70.69823246995932,-33.51490141659042],[-70.69822998023514,-33.51490366222755],[-70.69822545929144,-33.514908640940426],[-70.69822077289982,-33.5149134701704],[-70.69821876479111,-33.51491601329262],[-70.69821655009517,-33.51491845223734],[-70.69821263397559,-33.514923777519165],[-70.69820853470927,-33.514928968937284],[-70.69820683363209,-33.514931665035895],[-70.69820491526933,-33.51493427369453],[-70.69820164161494,-33.51493989405001],[-70.69819816902888,-33.51494539787518],[-70.6981967914153,-33.51494822108704],[-70.6981951878081,-33.514950974230345],[-70.69819258801375,-33.51495683532515],[-70.69818977568661,-33.51496259876483],[-70.69818873488222,-33.51496552199892],[-70.6981874613931,-33.51496839300992],[-70.6981855603071,-33.51497443820337],[-70.698183435516,-33.5149804059527],[-70.6981827416498,-33.51498340114653],[-70.69818181043505,-33.51498636228123],[-70.69818062612369,-33.51499253318078],[-70.69817920957755,-33.51499864794605],[-70.69817886946207,-33.515001686331665],[-70.69817828935697,-33.51500470899059],[-70.69817783293644,-33.51501094602261],[-70.6981771385706,-33.51501714906474],[-70.69817703213097,-33.51501915559584],[-70.69817703163483,-33.51501915872902],[-70.69817702983141,-33.515019198945836],[-70.6981767164603,-33.51502510641538],[-70.6981767246647,-33.51502600428058],[-70.69817623152116,-33.515037001570214],[-70.69817744136094,-33.515054828211746],[-70.69818065039766,-33.515072480141136],[-70.69818583009807,-33.51508980039933],[-70.69819293440598,-33.51510663497641],[-70.69839154076587,-33.515514890241946],[-70.69849048938423,-33.515717953236376],[-70.69848498994389,-33.51571988133269],[-70.69847239442797,-33.51572312407993],[-70.69845193027703,-33.51573029809335],[-70.6984324041357,-33.51573911772883],[-70.69841400405069,-33.51574949804893],[-70.69839690722435,-33.5157613390861],[-70.6983812783083,-33.51577452680521],[-70.69836726781759,-33.51578893420191],[-70.69835501068123,-33.515804422525655],[-70.69834462494275,-33.51582084261589],[-70.6983362106233,-33.515838036338664],[-70.69832984875839,-33.51585583810938],[-70.69832560061748,-33.51587407648754],[-70.69832350711378,-33.515892575827785],[-70.69832358841026,-33.51591115797139],[-70.69832584372537,-33.5159296439621],[-70.69833025134055,-33.51594785576961],[-70.69833676880933,-33.515965618003946],[-70.698345333366,-33.51598275960474],[-70.69835586253018,-33.51599911548859],[-70.69836825490098,-33.51601452813882],[-70.69838239113356,-33.516028849122705],[-70.69839813508848,-33.516041940520736],[-70.6984153351428,-33.516053676255034],[-70.69843382565023,-33.51606394330351],[-70.69843550017868,-33.51606477704383],[-70.69845410007841,-33.51607308041906],[-70.69847354236495,-33.51607989667251],[-70.69849365802783,-33.5160851665509],[-70.69851427220281,-33.51608884424352],[-70.69853520569207,-33.51609089778044],[-70.69855211706506,-33.51609122807321],[-70.6985559308151,-33.516091508997945],[-70.6985766942305,-33.51609143646903],[-70.69867183729562,-33.51608743939101],[-70.69879357043324,-33.516330820950934],[-70.69879367825884,-33.51633100993005],[-70.69879376550568,-33.51633121020473],[-70.69883368035131,-33.51641051511757],[-70.69884095208342,-33.5164231223761],[-70.69884766110432,-33.516438615903425],[-70.69889450727872,-33.51653262215138],[-70.69898812702746,-33.51672664458143],[-70.69898991260216,-33.51673023831888],[-70.6990866094247,-33.51691935134827],[-70.69908823023351,-33.516922444668594],[-70.69916047817618,-33.51705705411611],[-70.69936725658214,-33.517491123749735],[-70.69937647945365,-33.51750802405168],[-70.69938763556219,-33.51752408576242],[-70.69940061746897,-33.51753915419835],[-70.69941530015153,-33.51755308424168],[-70.6994315422077,-33.51756574173789],[-70.6994491872175,-33.5175770047878],[-70.69945321172094,-33.51757908549727],[-70.69950737358357,-33.517627367872095],[-70.6995117209092,-33.51763088633755],[-70.69951713602985,-33.51763559742323],[-70.69952060264247,-33.51763807468005],[-70.69952306810855,-33.51764007008016],[-70.69952785997742,-33.51764326080319],[-70.69953398971417,-33.51764764113888],[-70.6995376076331,-33.517649751394586],[-70.69954015178853,-33.51765144545016],[-70.69954535548275,-33.51765427055089],[-70.69955216985575,-33.517658245229285],[-70.6995558822,-33.517659985535104],[-70.69955846540343,-33.517661387963194],[-70.69956404454466,-33.51766381195105],[-70.6995715018558,-33.51766730785443],[-70.69957525256225,-33.517668681534225],[-70.69957783826997,-33.51766980495468],[-70.69958375315966,-33.517671794840155],[-70.69959180005306,-33.51767474197826],[-70.69959553489066,-33.517675758445584],[-70.69959808983248,-33.51767661797793],[-70.69960429777372,-33.517678143336994],[-70.69961286950681,-33.51768047620462],[-70.69961653704884,-33.51768115065969],[-70.69961903134559,-33.5176817635353],[-70.69962548694126,-33.517682796529996],[-70.69963450786929,-33.517684455462906],[-70.69963806040386,-33.51768480847654],[-70.69964046763353,-33.51768519367001],[-70.69964712305652,-33.517685709027496],[-70.69965650732884,-33.51768664153689],[-70.69965990168677,-33.51768669852975],[-70.69966219890905,-33.51768687641305],[-70.69966900414326,-33.51768685136379],[-70.69967865660588,-33.517687013431946],[-70.69968185489012,-33.51768680406073],[-70.69968402263561,-33.51768679608121],[-70.69969092568887,-33.51768621025307],[-70.69970074298199,-33.51768556757643],[-70.69970371318004,-33.517685125040664],[-70.69970573541498,-33.517684953423256],[-70.69971268250788,-33.517683788682014],[-70.6997225543428,-33.517682317856206],[-70.69972527081302,-33.517681678140875],[-70.69972713488305,-33.51768136561287],[-70.69973407061389,-33.51767960583073],[-70.69974388121524,-33.517677295481164],[-70.69974632503494,-33.5176764965522],[-70.69974802159577,-33.51767606608867],[-70.6997548890923,-33.51767369680615],[-70.69976451877932,-33.517670548685444],[-70.69976667794897,-33.51766962965591],[-70.69976820088813,-33.517669104242465],[-70.69977494194714,-33.51766611216501],[-70.69978426883516,-33.517662142264335],[-70.70021344810549,-33.51745670769753],[-70.70021360237149,-33.51745662519049],[-70.70022322985234,-33.51745208307135],[-70.70022548281868,-33.51745089629576],[-70.70022774857236,-33.51744989324847],[-70.70063419921028,-33.51724763895196],[-70.70063458605392,-33.51724747070878],[-70.70105715746658,-33.5170411868742]],[[-70.70039677427545,-33.514664909178514],[-70.70030817870605,-33.51448294737873],[-70.7003100516903,-33.51448454133558],[-70.70039677427545,-33.514664909178514]],[[-70.69961221436272,-33.514789031347746],[-70.69961524138037,-33.51487043771429],[-70.69948822187239,-33.51491751213168],[-70.69926931646556,-33.51499182527836],[-70.69926040090013,-33.514994836995285],[-70.69925998456603,-33.51499499795621],[-70.69925955201506,-33.51499512542877],[-70.6989635288708,-33.51509629304688],[-70.6989620585465,-33.51509686755673],[-70.69896053595541,-33.51509733692013],[-70.69872801838402,-33.51518007816833],[-70.69868843842491,-33.51509867888204],[-70.69888515068965,-33.515031873028974],[-70.69888582760237,-33.515031610046925],[-70.69889243736316,-33.51502946746945],[-70.69889440024743,-33.51502863762453],[-70.69917049826928,-33.51493510288912],[-70.69917173213865,-33.514934624607065],[-70.69917301056446,-33.51493423703643],[-70.6991817958803,-33.51493072362067],[-70.69919063096721,-33.5149272988941],[-70.69919180292881,-33.514926721609555],[-70.69919302984704,-33.514926230941285],[-70.69919648547173,-33.51492467016012],[-70.6994826134063,-33.51482328331649],[-70.69948668183116,-33.514821640132524],[-70.69948895034081,-33.5148209829021],[-70.69961242026086,-33.51477942416886],[-70.69961221436272,-33.514789031347746]],[[-70.69987114468461,-33.51523283015828],[-70.69970517228008,-33.51529451847949],[-70.69946203267966,-33.51537884968017],[-70.69945994371098,-33.515379677013186],[-70.6994577843405,-33.51538036594297],[-70.69922646379379,-33.515465274392554],[-70.69922244491265,-33.51546672469841],[-70.6989954409327,-33.515541200503435],[-70.69899314259371,-33.51554206577056],[-70.69899077254658,-33.515542782571835],[-70.69891789441556,-33.515568275105174],[-70.69889936087561,-33.51553056957023],[-70.69913581998247,-33.515446425660286],[-70.69942991906677,-33.515345915493526],[-70.69943858954804,-33.51534298656401],[-70.69943876566194,-33.5153429184757],[-70.69943894878575,-33.515342864911844],[-70.69966133466517,-33.51526737014549],[-70.69966456665884,-33.5152661149661],[-70.6996678913037,-33.5152650429411],[-70.69985765447205,-33.515194715096534],[-70.69987114468461,-33.51523283015828]],[[-70.70034450203933,-33.51591727457044],[-70.70034601273555,-33.51591701015776],[-70.70034783305444,-33.51591681849769],[-70.70035648414333,-33.51591517737771],[-70.70036572233431,-33.515913560443195],[-70.70036762683158,-33.51591306359789],[-70.7003693585983,-33.51591273507981],[-70.70037658228343,-33.51591072729893],[-70.7003864203167,-33.51590816075113],[-70.70038868604351,-33.51590736312868],[-70.70039030615762,-33.51590691282722],[-70.70039628429502,-33.51590468825325],[-70.70040640563342,-33.515901125153675],[-70.70040898600162,-33.515899961715256],[-70.70041047605298,-33.515899407239694],[-70.70041536946104,-33.515897083535755],[-70.70042549448566,-33.51589251835516],[-70.70042832936873,-33.51589092933899],[-70.70042967601803,-33.51589028986323],[-70.7004336300302,-33.515887958197816],[-70.70044351131929,-33.51588241950972],[-70.70044652792946,-33.51588035235564],[-70.70044772303235,-33.51587964760789],[-70.70045087032318,-33.515877376698455],[-70.70046029043937,-33.51587092149341],[-70.70046340459675,-33.51586833266417],[-70.70046444506599,-33.51586758191932],[-70.70049140212488,-33.51584612418908],[-70.70049147461371,-33.51584629238638],[-70.70051217539265,-33.5158879798585],[-70.70051093726465,-33.51588865694225],[-70.70009455037113,-33.51603230668557],[-70.69958139325435,-33.51619860626837],[-70.69957951857238,-33.516199304203475],[-70.69957758263277,-33.51619987454824],[-70.69930126146781,-33.51629428275126],[-70.6993010581296,-33.516293339547936],[-70.69930018144223,-33.51629075496031],[-70.69929952276435,-33.516288127832595],[-70.69929715281792,-33.51628182618334],[-70.69929499503901,-33.51627546477013],[-70.69929382009161,-33.51627296451618],[-70.69929285719992,-33.516270404201826],[-70.69928976137076,-33.51626432767456],[-70.69928686950168,-33.5162581738589],[-70.69928540759543,-33.51625578203522],[-70.69928414977684,-33.51625331317438],[-70.69928298213803,-33.51625152934433],[-70.69969765652054,-33.516094745579636],[-70.69970081850875,-33.51609338759995],[-70.70006172188623,-33.515955019021895],[-70.70034450203933,-33.51591727457044]],[[-70.7002599479954,-33.51638476764387],[-70.70026217139687,-33.51638393986914],[-70.70026446840716,-33.51638325578954],[-70.70068459314872,-33.51623831637041],[-70.70068726755086,-33.516243773587505],[-70.70068737307588,-33.51624396202172],[-70.70068745592069,-33.516244156570636],[-70.70072837965296,-33.51632714575095],[-70.70063844762313,-33.51636706261121],[-70.70045676051454,-33.516373197837474],[-70.70044756070565,-33.516373888432966],[-70.70043834858957,-33.51637445229083],[-70.70043651658233,-33.51637471747339],[-70.70043466484316,-33.51637485647634],[-70.70042559014473,-33.51637629907178],[-70.70041648836728,-33.51637761655041],[-70.70041469621222,-33.51637803086806],[-70.70041286965521,-33.516378321233674],[-70.70040400746036,-33.5163805019363],[-70.70039510367677,-33.51638256034765],[-70.70039336863341,-33.51638311981026],[-70.70039158484903,-33.51638355874225],[-70.70038302050523,-33.51638645655081],[-70.70037440046315,-33.51638923607141],[-70.69998941877739,-33.51653191238772],[-70.69998732175964,-33.51653279502704],[-70.6999851495192,-33.516533539156015],[-70.69955881591794,-33.516700482011046],[-70.69955169051573,-33.516703144147606],[-70.69949046809172,-33.516725580449354],[-70.69945902165253,-33.51666409332107],[-70.69946815655085,-33.516651802643274],[-70.69946880233252,-33.51665092848728],[-70.69947359471112,-33.51664440180343],[-70.69974643770313,-33.51655118185949],[-70.7002599479954,-33.51638476764387]],[[-70.70051797469586,-33.516750144981216],[-70.70066358314759,-33.51674522801309],[-70.70067880399796,-33.516747619288275],[-70.70070121598829,-33.51674923500915],[-70.70072370872344,-33.51674897696152],[-70.70074605947786,-33.51674684770067],[-70.700768046932,-33.51674286831077],[-70.70077321587154,-33.51674147019159],[-70.7004248390453,-33.51691153460205],[-70.70042378275335,-33.51691190512407],[-70.70041739910035,-33.516914789991105],[-70.70041090206053,-33.516917491424515],[-70.70040764238722,-33.51691919919283],[-70.70040425867275,-33.51692072834274],[-70.70039824333702,-33.516924123427884],[-70.70039209369574,-33.51692734527178],[-70.70039024408283,-33.516928540520404],[-70.70000665262872,-33.51711941952389],[-70.70000380039072,-33.51712057941969],[-70.69999470669303,-33.517125251082405],[-70.69999470669299,-33.51712525108241],[-70.69999036821368,-33.517127297916765],[-70.69998962648708,-33.51712768920202],[-70.69998912400551,-33.51712790304463],[-70.69974654104703,-33.517244019970036],[-70.69966565791644,-33.51707474426345],[-70.69973363684082,-33.51704983186789],[-70.69973435830197,-33.51704953132416],[-70.69973511155817,-33.51704928626458],[-70.69974481837679,-33.51704565967541],[-70.69974660911105,-33.51704490030623],[-70.69974846689429,-33.51704426390621],[-70.70017449405785,-33.51687744085549],[-70.70051797469586,-33.516750144981216]],[[-70.70022004241657,-33.51551746602246],[-70.70022443126608,-33.51551625850197],[-70.70023304876158,-33.515514033621066],[-70.70023496549629,-33.51551336017923],[-70.7002369402199,-33.51551281686587],[-70.70024408804176,-33.515510519041314],[-70.70024408804962,-33.51551051903841],[-70.7002440880578,-33.51551051903615],[-70.70026524132521,-33.515503718848365],[-70.7002038836586,-33.5155525592931],[-70.70008177264286,-33.51556885821433],[-70.70022004241657,-33.51551746602246]]]}},{"type":"Feature","properties":{"numpos":"96433","TIPO":"TRAFO","TENSION":"MT","INCIDENCIA":"DF202671832124","CLITOTAL":"101","CANTAVISOS":"16","FECHA_INICIO":"10-10-2026 18:45","FECHA_FIN":"","DESCARGO":"","ESTADODESC":" ","ESTADOINC":"Asignado","CLI_PLAN":"0","FECHA_INIDESC":"","FECHA_FINDESC":"","FECHA_REPOSICION":"10-10-2026 22:14","id_alim":"2223"},"geometry":{"type":"Polygon","coordinates":[[[-70.69587503221142,-33.51559573403935],[-70.69588202107997,-33.515595853652144],[-70.69588900015025,-33.51559618581522],[-70.69589052463965,-33.51559613289703],[-70.69589204900925,-33.51559618818303],[-70.69589462864836,-33.515596069426635],[-70.69589721164158,-33.51559611363358],[-70.6959041808532,-33.515595658860605],[-70.69591116518548,-33.51559541641889],[-70.69591267614173,-33.51559523858978],[-70.69591419964036,-33.51559516845365],[-70.69591675296141,-33.51559483847198],[-70.69591932868948,-33.515594670393575],[-70.69592621112628,-33.51559364561463],[-70.69593313345736,-33.51559283090298],[-70.69593461632897,-33.51559252987555],[-70.69593612428446,-33.51559233499275],[-70.69593862669736,-33.51559179696373],[-70.69594117035456,-33.515591418218676],[-70.69594353013686,-33.515590862438536],[-70.69594398904606,-33.51559080013073],[-70.69595318229305,-33.51558876092679],[-70.6959546933981,-33.5155884541676],[-70.69595509565383,-33.51558833651377],[-70.69596543393953,-33.51558604332147],[-70.69598621894588,-33.515579548719316],[-70.69600614389314,-33.51557137887126],[-70.69602501689234,-33.51556161245787],[-70.69604265618558,-33.515550343535566],[-70.69605889189654,-33.515537680630835],[-70.6960735676664,-33.515523745694935],[-70.6961494479545,-33.51544414011056],[-70.69616206420456,-33.51542952826798],[-70.6961729638586,-33.515413977401174],[-70.69618204806238,-33.515397628549884],[-70.69618923442715,-33.515380629991114],[-70.69619445777688,-33.515363135894376],[-70.6961976707393,-33.51534530492344],[-70.6961988441755,-33.51532729879715],[-70.69619817804976,-33.5153136090424],[-70.69619817926211,-33.51531311716207],[-70.69619813569733,-33.515312738644816],[-70.69619796744426,-33.515309280823004],[-70.69619754702528,-33.51530530617677],[-70.69619735618821,-33.51530415058875],[-70.69620230270141,-33.51527575741815],[-70.69629307032073,-33.515249595678746],[-70.69631267896335,-33.515243071685695],[-70.69633147604655,-33.51523504474361],[-70.69634389523152,-33.51522845252427],[-70.69634611423203,-33.51522748250354],[-70.69636468041585,-33.51521731193024],[-70.69638196708286,-33.51520566597871],[-70.69639780775273,-33.5151926568064],[-70.69641204987121,-33.51517840969931],[-70.69642455627915,-33.51516306186544],[-70.69643520653361,-33.5151467611133],[-70.69644389806759,-33.5151296644286],[-70.69645054717788,-33.51511193646205],[-70.69645508983106,-33.515093747943986],[-70.69645748228022,-33.515075274039965],[-70.69645770148611,-33.515056692663876],[-70.69645574533908,-33.51503818276447],[-70.69645163267923,-33.51501992260209],[-70.696445403115,-33.5150020880318],[-70.69643711664165,-33.51498485080993],[-70.69642685306343,-33.51496837693992],[-70.69641471122493,-33.514952825073635],[-70.69640080805924,-33.51493834498353],[-70.6963885336276,-33.51492785808839],[-70.69659718298483,-33.51485641014854],[-70.69661728064494,-33.51484854303291],[-70.69663636095761,-33.51483906369996],[-70.69665424016834,-33.51482806344135],[-70.69667074609025,-33.51481564819615],[-70.69668571976213,-33.51480193753055],[-70.69669901697957,-33.514787063486324],[-70.69671050968348,-33.51477116930918],[-70.69672008719357,-33.5147544080692],[-70.69672765727407,-33.51473694118673],[-70.69673314702209,-33.51471893687775],[-70.69673650356958,-33.514700568533826],[-70.69673769459251,-33.51468201305224],[-70.69673670862205,-33.51466344913249],[-70.69673355515505,-33.51464505555516],[-70.69672826456241,-33.51462700946025],[-70.69672088779664,-33.5146094846412],[-70.6967114959011,-33.514592649871226],[-70.6967001793257,-33.514576667277886],[-70.69668704705589,-33.51456169078176],[-70.69667222556295,-33.514547864614165],[-70.6966558575861,-33.51453532192803],[-70.69663810075768,-33.51452418351573],[-70.69661912608525,-33.51451455664574],[-70.69659911630457,-33.514506534029564],[-70.69657826411984,-33.51450019292899],[-70.69655677034793,-33.514495594411926],[-70.69653484198435,-33.51449278276436],[-70.69651269020989,-33.51449178506392],[-70.69649052835685,-33.51449261091891],[-70.69646856985462,-33.51449525237604],[-70.69644702617425,-33.51449968399681],[-70.69642610479197,-33.51450586310263],[-70.6958884156821,-33.51468998321078],[-70.69588485657867,-33.514691376378856],[-70.69588119920313,-33.51469257776027],[-70.69581225059699,-33.51471856403305],[-70.69574564369543,-33.51457778584561],[-70.69574159275703,-33.51456160255765],[-70.69573493411617,-33.51454387710611],[-70.69572623341207,-33.51452678370922],[-70.69571557443817,-33.51451048698529],[-70.6957030598469,-33.514495143880204],[-70.69569167220263,-33.514483762598815],[-70.69559550345866,-33.514301602059966],[-70.6955947599432,-33.51430020891147],[-70.69559005823281,-33.51429149359402],[-70.69558900893632,-33.514289445382815],[-70.69557931531975,-33.51427281660175],[-70.69556773023575,-33.514257059833234],[-70.69555436433397,-33.514242325569484],[-70.69553934527228,-33.51422875453677],[-70.69552281649769,-33.514216476351365],[-70.69550493587619,-33.5142056082815],[-70.69548587418494,-33.51419625412754],[-70.69546581348128,-33.514188503230436],[-70.69544494536387,-33.51418242961854],[-70.69542346914284,-33.51417809130055],[-70.69540158993613,-33.51417552971148],[-70.69537951671053,-33.51417476931694],[-70.69535746028585,-33.514175817379424],[-70.69533563132146,-33.514178663889034],[-70.69531423830429,-33.514183281658944],[-70.69529348555773,-33.51418962658525],[-70.69527357129004,-33.51419763806798],[-70.69525468570139,-33.51420723959001],[-70.69523700916731,-33.514218339447815],[-70.69522071051587,-33.51423083162727],[-70.69520594541531,-33.51424459681629],[-70.69519285488714,-33.514259503544196],[-70.69518156395937,-33.51427540943753],[-70.69517218047223,-33.51429216257967],[-70.69516479404824,-33.51430960296193],[-70.6951594752362,-33.51432756401171],[-70.69515627483726,-33.5143458741834],[-70.69515522341975,-33.5143643585968],[-70.69515619736191,-33.5143806103015],[-70.6951189412006,-33.51439476175998],[-70.69511682674336,-33.51439485634782],[-70.69509489717427,-33.514397661318824],[-70.69507340142071,-33.51440225329266],[-70.69505254649732,-33.514408588046415],[-70.69503253324743,-33.51441660457335],[-70.6950135544087,-33.514426225670405],[-70.69499579275714,-33.51443735868169],[-70.69498405926547,-33.51444634343876],[-70.69479834980311,-33.514517850233055],[-70.69477867243667,-33.514526430419984],[-70.69476009382132,-33.51453658488343],[-70.69474279287871,-33.51454821583087],[-70.6947269362262,-33.51456121125056],[-70.69471267657201,-33.51457544598999],[-70.69470015124467,-33.51459078296148],[-70.69468948087052,-33.514607074462056],[-70.69468076821188,-33.51462416359619],[-70.69467409717741,-33.51464188578652],[-70.69466953201399,-33.514660070358964],[-70.69466711668792,-33.51467854218635],[-70.69466687446149,-33.514697123374965],[-70.69466880766888,-33.51471563497776],[-70.69467289769356,-33.51473389871777],[-70.69467910514769,-33.514751738704916],[-70.6946873702512,-33.51476898313005],[-70.69469761340763,-33.51478546591944],[-70.6947097359705,-33.5148010283344],[-70.69472362119343,-33.51481552049979],[-70.6947391353544,-33.514828802847546],[-70.69475612904353,-33.51484074746083],[-70.694774438602,-33.51485123930594],[-70.69479388769818,-33.51486017734016],[-70.69481428902589,-33.51486747548485],[-70.69483544610816,-33.514873063454516],[-70.69485715518961,-33.514876887433665],[-70.69487920719855,-33.51487891059509],[-70.69490138976076,-33.51487911345455],[-70.69492348924464,-33.514877494058425],[-70.6949452928187,-33.51487406800256],[-70.69496659050134,-33.51486886828197],[-70.69498717718308,-33.51486194497314],[-70.69517075640447,-33.51479125834009],[-70.69517307752471,-33.514791221369826],[-70.69519510923375,-33.51478904873938],[-70.69521678062281,-33.51478507767591],[-70.6952378829833,-33.51477934642319],[-70.69525821308692,-33.51477191017671],[-70.69527757514267,-33.514762840552066],[-70.69529578268273,-33.51475222489517],[-70.6953126603581,-33.51474016544117],[-70.69531910907281,-33.51473455425233],[-70.69532680688776,-33.51473163029488],[-70.69539077877161,-33.51486544805804],[-70.69537854077704,-33.51487002898687],[-70.69535927182045,-33.514879236713305],[-70.69534117308366,-33.514889982155914],[-70.69533088698543,-33.514897459756654],[-70.69503775422659,-33.514998074770325],[-70.69502404860117,-33.51499881285037],[-70.69500215649607,-33.515001816931786],[-70.69498072132721,-33.51500660396866],[-70.69495994952578,-33.51501312785951],[-70.69494004113459,-33.51502132577614],[-70.69492118788149,-33.51503111876859],[-70.69490357133307,-33.51504241252555],[-70.694887361146,-33.51505509828251],[-70.6948727134332,-33.515069053869276],[-70.69485976926038,-33.515084144886494],[-70.69484865328747,-33.51510022599995],[-70.69483947256816,-33.51511714234017],[-70.6948323155187,-33.51513473099402],[-70.69482725106654,-33.51515282257341],[-70.6948243279864,-33.51517124284678],[-70.69482357443047,-33.51518981441695],[-70.69482499765732,-33.5152083584295],[-70.69482858396185,-33.51522669629537],[-70.69483133742857,-33.515237440290065],[-70.69483352604806,-33.515244316575966],[-70.69483552532945,-33.51525123319843],[-70.69483567739243,-33.51525159823427],[-70.69483578783742,-33.51525197362305],[-70.69483650104087,-33.51525366351666],[-70.69483705227539,-33.51525539540515],[-70.69484003498691,-33.51526205888625],[-70.69484283399208,-33.51526877805497],[-70.69484803503553,-33.51527953495941],[-70.69485736152534,-33.515296395264386],[-70.69486861602196,-33.51531240864376],[-70.69488169013908,-33.51532742087943],[-70.69489645796618,-33.515341287394776],[-70.6949127772811,-33.515353874647126],[-70.69493049091977,-33.51536506141378],[-70.6949494282897,-33.51537473995951],[-70.69496940701303,-33.51538281707416],[-70.69499023468279,-33.51538921497026],[-70.69500063401274,-33.51539147005782],[-70.69492548620953,-33.51541990132286],[-70.69492035358483,-33.51542029047568],[-70.6948985622874,-33.51542377150679],[-70.69487728325277,-33.51542902491128],[-70.69485672140851,-33.51543600009634],[-70.69483707477546,-33.51544462988755],[-70.6948185325607,-33.515454831175795],[-70.6948012733354,-33.515466505717626],[-70.69478546331507,-33.51547954108143],[-70.69477125475889,-33.51549381173008],[-70.69475878450334,-33.515509180230005],[-70.69474817264431,-33.515525498574625],[-70.69473952138065,-33.51554260960985],[-70.69473291402976,-33.51556034854744],[-70.69472841422517,-33.51557854455202],[-70.6947260653038,-33.5155970223863],[-70.69472588988842,-33.515615604098734],[-70.69472788966974,-33.5156341107372],[-70.6947308127278,-33.51564694980183],[-70.6947311529376,-33.51564978401241],[-70.69473552513327,-33.51566800183236],[-70.69474200804967,-33.51568577295708],[-70.69475053925387,-33.51570292624053],[-70.69476103658667,-33.515719296486836],[-70.69477339895376,-33.51573472604105],[-70.69478750729922,-33.51574906630757],[-70.69480322575222,-33.51576217918124],[-70.69482040293542,-33.51577393837729],[-70.69483887342278,-33.51578423064777],[-70.69485845933286,-33.51579295687189],[-70.6948789720418,-33.51580003301094],[-70.694900214,-33.51580539091745],[-70.69492198063458,-33.51580897899155],[-70.69494406231964,-33.51581076267795],[-70.69496624639513,-33.51581072479874],[-70.69498831921487,-33.515808865718746],[-70.69501006820418,-33.515805203342076],[-70.69503128390716,-33.51579977293967],[-70.69505176200386,-33.51579262680964],[-70.69507130527805,-33.51578383377359],[-70.69508972551664,-33.51577347851373],[-70.69509027062553,-33.51577310222658],[-70.69531615323623,-33.51568764202936],[-70.69532001448562,-33.51568667677905],[-70.6953342925349,-33.515681785786384],[-70.69533540977787,-33.51568142931663],[-70.69533576130702,-33.51568128265355],[-70.69534054791069,-33.515679642986164],[-70.69563821248204,-33.51556308569403],[-70.69583299548975,-33.51559058957601],[-70.695843264567,-33.5155920684065],[-70.69584426087305,-33.51559223188146],[-70.69584998559971,-33.51559310726609],[-70.69585300400044,-33.51559353526659],[-70.69585994521879,-33.51559422811321],[-70.69586685181444,-33.51559513168213],[-70.69586837515519,-33.5155952041845],[-70.6958698857152,-33.51559538436021],[-70.69587246682907,-33.5155954779728],[-70.69587503221142,-33.51559573403935]]]}},{"type":"Feature","properties":{"numpos":"30478","TIPO":"DESCARGO","TENSION":"MT","INCIDENCIA":"DF202671820636","CLITOTAL":"35","CANTAVISOS":"","FECHA_INICIO":"","FECHA_FIN":"","DESCARGO":"DF202671820636(TP20267213818068)","ESTADODESC":"789","ESTADOINC":" ","CLI_PLAN":"1","FECHA_INIDESC":"13-10-2026 10:30","FECHA_FINDESC":"13-10-2026 12:30","FECHA_REPOSICION":"13-10-2026 12:30","id_alim":""},"geometry":{"type":"Polygon","coordinates":[[[-70.5437254488357,-33.530902959405914],[-70.54381409895255,-33.53038808027501],[-70.54381438666975,-33.530385527735184],[-70.54381489021371,-33.53038299876751],[-70.54381542886357,-33.53037628170627],[-70.54381618434391,-33.5303695793116],[-70.54381617193698,-33.53036701544452],[-70.54381637707634,-33.53036445731908],[-70.54382679890485,-33.529878847552126],[-70.54382669330184,-33.5298760060628],[-70.54382681903815,-33.52987316514838],[-70.54382335114313,-33.52962920112363],[-70.54382501767164,-33.52951887610244],[-70.54415895787668,-33.529502571836545],[-70.54415951316699,-33.52950252173398],[-70.54416006866002,-33.52950251518823],[-70.54467411538388,-33.52947528799711],[-70.54469616450437,-33.52947320643018],[-70.54471786383512,-33.52946932487235],[-70.54473900439842,-33.529463680705405],[-70.54475938259803,-33.52945632828615],[-70.5447788021798,-33.52944733842283],[-70.54479707612185,-33.529436797693265],[-70.54481402843567,-33.52942480761099],[-70.54482949586102,-33.529411483647586],[-70.54484332943824,-33.529396954120735],[-70.54485539594276,-33.52938135895825],[-70.54486557916816,-33.529364848350575],[-70.54487378104527,-33.52934758130435],[-70.54487992258656,-33.529329724111015],[-70.54488394464684,-33.52931144874537],[-70.5448858084928,-33.529292931209376],[-70.54488549617592,-33.529274349837074],[-70.54488301070542,-33.52925588357717],[-70.54487837601908,-33.52923771026968],[-70.5448716367527,-33.52922000493321],[-70.54486285781022,-33.52920293807948],[-70.54485212373855,-33.52918667407117],[-70.5448395379134,-33.52917136953904],[-70.54482522154356,-33.529157171873585],[-70.54480931250374,-33.529144217805516],[-70.54479196400656,-33.529132632088974],[-70.54477334312718,-33.52912252630021],[-70.54475362919425,-33.52911399776301],[-70.54473301206288,-33.52910712861137],[-70.54471169028625,-33.52910198499862],[-70.54468986920352,-33.5290986164603],[-70.54466775896238,-33.529097055437084],[-70.54464557249509,-33.52909731696248],[-70.54422347697636,-33.52911967393766],[-70.54407516028307,-33.52905557751249],[-70.54405496649656,-33.52904787663331],[-70.54403396868678,-33.52904187054676],[-70.544012369073,-33.52903761709444],[-70.54399037567003,-33.52903515723917],[-70.54396820028504,-33.529034514670634],[-70.54394605647768,-33.52903569557707],[-70.54392415750355,-33.52903868858585],[-70.54390271426045,-33.52904346487284],[-70.54388193325738,-33.52904997844016],[-70.54386201462567,-33.52905816655898],[-70.54384315019188,-33.5290679503737],[-70.5438255216302,-33.529079235661406],[-70.54380929871303,-33.52909191373915],[-70.54379463767584,-33.52910586251068],[-70.54378167971271,-33.52912094764229],[-70.54377054961634,-33.52913702385645],[-70.54377000925298,-33.529138017749176],[-70.54373158875326,-33.529140396693975],[-70.54358870461645,-33.52914733009343],[-70.54358625021858,-33.52914755080312],[-70.54333572569122,-33.52916134312012],[-70.54333415420055,-33.52916080283961],[-70.54331290063836,-33.52915546480946],[-70.54329112468781,-33.529151897189095],[-70.54326903606199,-33.52915013433644],[-70.54326071584593,-33.52915015642019],[-70.54325801720256,-33.529149987222915],[-70.543247637734,-33.52915019113134],[-70.543246847485,-33.52915019322871],[-70.54324664255921,-33.52915021068184],[-70.5432358346159,-33.52915042300679],[-70.54321380984499,-33.529152677661884],[-70.54319215499906,-33.529156729474806],[-70.54317107862488,-33.52916253942467],[-70.54315078369835,-33.529170051558836],[-70.5431480973019,-33.529171322856755],[-70.54311992971277,-33.52917275382706],[-70.54311867102601,-33.52917282072214],[-70.54284220744753,-33.5291881620401],[-70.54282016593628,-33.529190298959946],[-70.54279848065171,-33.52919423497795],[-70.54277736043376,-33.5291999321884],[-70.54275700868057,-33.52920733572441],[-70.54273762138972,-33.52921637428629],[-70.54271938527074,-33.529226960828325],[-70.54270247594698,-33.52923899339683],[-70.54268705626428,-33.52925235611219],[-70.54267327472272,-33.529266920284705],[-70.54266126404642,-33.52928254565399],[-70.54265113990542,-33.529299081739715],[-70.54265009095579,-33.5293013094476],[-70.5426484787034,-33.52930398565644],[-70.54264047345555,-33.529321317321774],[-70.54263453515324,-33.529339222681465],[-70.54263072098676,-33.52935752929735],[-70.54262906768997,-33.52937606086689],[-70.54262959118638,-33.52939463892095],[-70.54263228643585,-33.529413084542675],[-70.54263712748298,-33.52943122009046],[-70.54264406770706,-33.52944887090877],[-70.54265304027105,-33.52946586701023],[-70.54266395876515,-33.52948204471262],[-70.54267671803898,-33.52949724821533],[-70.54269119521416,-33.52951133109973],[-70.54270725086776,-33.529524157739395],[-70.54272473037494,-33.5295356046062],[-70.54274346539812,-33.529545561460004],[-70.54276327550814,-33.52955393241036],[-70.54278396992194,-33.529560636839996],[-70.54280534933996,-33.52956561018124],[-70.54282720786547,-33.52956880453783],[-70.54284933498762,-33.529570189146234],[-70.54287151760875,-33.529569750671826],[-70.54288148911189,-33.5295691425958],[-70.54325583102973,-33.52954820753771],[-70.54325693238872,-33.529548100276386],[-70.5432580472286,-33.52954807467077],[-70.54326798280938,-33.52954702407575],[-70.54327369115673,-33.529546468139294],[-70.54329068963067,-33.52954626990031],[-70.5433724281098,-33.52954175127568],[-70.54337112391703,-33.52962805973432],[-70.54337112218131,-33.529632734516504],[-70.54337460140567,-33.52987488171554],[-70.54336449286978,-33.53034577914854],[-70.54327802385387,-33.53084797530045],[-70.54318307298551,-33.53136359980107],[-70.5431807710286,-33.5313820827482],[-70.54318064334828,-33.53140066565809],[-70.54318269117556,-33.53141916956713],[-70.54318689479007,-33.53143741627244],[-70.54319321371001,-33.531455230047975],[-70.54320158708187,-33.53147243933702],[-70.54321193426645,-33.531488878404325],[-70.54322415561548,-33.53150438893211],[-70.54323813343113,-33.53151882154502],[-70.54325373309969,-33.5315320372485],[-70.54327080438779,-33.53154390876757],[-70.5432891828893,-33.531554321772404],[-70.54330869160857,-33.531563175979585],[-70.54332914266527,-33.53157038611781],[-70.54335033910347,-33.53157588274908],[-70.54337207678871,-33.53157961293757],[-70.54339414637394,-33.53158154075931],[-70.54341633531557,-33.53158164764829],[-70.54343842992061,-33.531579932575085],[-70.54346021740457,-33.531576412056964],[-70.54348148794078,-33.53157111999872],[-70.54350203668119,-33.531564107366066],[-70.54352166572927,-33.531555441694934],[-70.5435401860458,-33.531545206440974],[-70.54355741926949,-33.53153350017583],[-70.54357319943476,-33.531520435637766],[-70.54358737456998,-33.53150613864606],[-70.5435998081612,-33.53149074688907],[-70.54361038046667,-33.531474408598356],[-70.54361898967014,-33.5314572811211],[-70.54362555286124,-33.53143952940456],[-70.54363000683405,-33.531421324407845],[-70.54372512164169,-33.53090479512905],[-70.54372523653048,-33.53090387260996],[-70.5437254488357,-33.530902959405914]]]}},{"type":"Feature","properties":{"numpos":"10730","TIPO":"DESCARGO","TENSION":"MT","INCIDENCIA":"DF202671820780","CLITOTAL":"76","CANTAVISOS":"","FECHA_INICIO":"","FECHA_FIN":"","DESCARGO":"DF202671820780(TP20267213818374)","ESTADODESC":"789","ESTADOINC":" ","CLI_PLAN":"1","FECHA_INIDESC":"11-10-2026 09:00","FECHA_FINDESC":"11-10-2026 14:00","FECHA_REPOSICION":"11-10-2026 14:00","id_alim":"2435"},"geometry":{"type":"Polygon","coordinates":[[[-70.58480663860892,-33.49742972581874],[-70.58481148167311,-33.497427404297035],[-70.58481439079691,-33.49742603425298],[-70.5848159027146,-33.497425331048376],[-70.58481973469759,-33.497429296660314],[-70.58483531366306,-33.49744252413988],[-70.58485236511046,-33.49745440856909],[-70.5848707248247,-33.497464835493844],[-70.58489021599111,-33.497473704496606],[-70.58491065089835,-33.49748093016359],[-70.58493183274605,-33.49748644290732],[-70.58495355754029,-33.49749018963672],[-70.58497561605812,-33.497492134268576],[-70.58499779586259,-33.497492258074935],[-70.58501988334865,-33.49749055986352],[-70.58504166580042,-33.49748705598917],[-70.58504929926842,-33.49748516238053],[-70.58504963802618,-33.497485108171844],[-70.58507091171434,-33.49747984952711],[-70.58509146774693,-33.49747286919368],[-70.58511110815716,-33.49746423439641],[-70.58512964379638,-33.4974540282936],[-70.58514689615575,-33.49744234917617],[-70.58516269908536,-33.49742930952094],[-70.58517690039442,-33.49741503490751],[-70.58518936331681,-33.49739966280877],[-70.58519996782839,-33.49738334126696],[-70.58520861180267,-33.4973662274679],[-70.58521521199447,-33.4973484862272],[-70.58521970484149,-33.49733028840302],[-70.58522204707647,-33.49731180925055],[-70.58522221614378,-33.497293226734186],[-70.58522021041658,-33.4972747198137],[-70.58521604921248,-33.49725646672073],[-70.58520977260744,-33.49723864324224],[-70.58520144104975,-33.497221421027774],[-70.5851239041272,-33.49708131675892],[-70.58512344430683,-33.49708058260287],[-70.58512306458118,-33.49707981697494],[-70.58511921547789,-33.497073018361576],[-70.58511833143639,-33.49707163640605],[-70.58511758483166,-33.49707019865957],[-70.5851085300911,-33.49705486584513],[-70.58510447159725,-33.49704831756383],[-70.58493672464884,-33.49679008997756],[-70.58477087679525,-33.49652113308691],[-70.58476968644747,-33.496519229255334],[-70.58467062251096,-33.49636295099701],[-70.58466782417233,-33.49635814210231],[-70.5846663922016,-33.49635596009519],[-70.58466515670624,-33.49635370759773],[-70.5845419949502,-33.49615542988473],[-70.58453080252686,-33.49613938634031],[-70.5845177870827,-33.49612433919087],[-70.58450307396399,-33.496110433348115],[-70.5844868048662,-33.49609780273231],[-70.58446913646948,-33.496086568982655],[-70.58445023892973,-33.49607684028573],[-70.58443029423994,-33.496068710333745],[-70.58440949447746,-33.49606225742212],[-70.58438803995428,-33.49605754369559],[-70.58436613728796,-33.49605461454968],[-70.5843439974118,-33.496053498193525],[-70.58432183354357,-33.496054205378215],[-70.584299859132,-33.496056729293265],[-70.5842782858014,-33.49606104563215],[-70.5842573213135,-33.49606711282651],[-70.58423716756671,-33.496074872446336],[-70.58423431009382,-33.496076271764956],[-70.58423178865591,-33.49607720096357],[-70.58421245895828,-33.496086314197754],[-70.58419428848227,-33.49609697093804],[-70.58417745221907,-33.496109068554766],[-70.5841621123109,-33.4961224905418],[-70.58414841648963,-33.49613710763868],[-70.58413649665385,-33.49615277907536],[-70.58412646759872,-33.49616935392773],[-70.58411842591039,-33.49618667257145],[-70.58411244903579,-33.49620456821881],[-70.58410859453667,-33.49622286852523],[-70.58410689953529,-33.496241397248916],[-70.58410738035685,-33.496259975948156],[-70.58411003237214,-33.49627842569987],[-70.58411483004214,-33.49629656882267],[-70.58412172716393,-33.49631423058811],[-70.5841306573155,-33.49633124090336],[-70.58415079001124,-33.496364991695906],[-70.58414368158971,-33.4963744268095],[-70.58413373782815,-33.496391037706346],[-70.58412578524455,-33.49640838521437],[-70.58411990042768,-33.49642630226791],[-70.58411614005277,-33.496444616316246],[-70.58411454033562,-33.49646315098524],[-70.58411511668376,-33.49648172777591],[-70.58411786354802,-33.49650016778355],[-70.58412275447593,-33.496518293420635],[-70.58412974236643,-33.496535930127074],[-70.58413875992338,-33.49655290805137],[-70.58414972030369,-33.49656906368637],[-70.58416251795354,-33.49658424144397],[-70.58417702962502,-33.49659829515354],[-70.58419311556295,-33.496611089469546],[-70.58421062085081,-33.49662250117522],[-70.58422937690277,-33.49663242036899],[-70.58424920308708,-33.496640751523124],[-70.58426990846594,-33.49664741440365],[-70.58429129363415,-33.49665234484296],[-70.58431315263961,-33.496655495358034],[-70.58433110120347,-33.49665658274633],[-70.58435769174571,-33.49669760761606],[-70.58435930075404,-33.49670018949927],[-70.58452803385448,-33.49697093713334],[-70.58453113726628,-33.4969759171979],[-70.58453283528247,-33.49697858972014],[-70.58460512086924,-33.4970902001042],[-70.58459443090761,-33.4970951720814],[-70.58459391873797,-33.49709543864557],[-70.58459338319439,-33.49709566263005],[-70.58458923640939,-33.497097615544504],[-70.58458813427764,-33.497098139210095],[-70.5842350467474,-33.49724434307099],[-70.58400022114975,-33.49734002271364],[-70.58373587778165,-33.497446060277525],[-70.58371636633596,-33.49745489793381],[-70.58369798276404,-33.49746529532308],[-70.58368090410926,-33.49747715231328],[-70.58366529484816,-33.49749035471572],[-70.58365130530655,-33.497504775384634],[-70.58363907021167,-33.497520275441616],[-70.5836287073948,-33.4975367056132],[-70.58362031665632,-33.49755390766826],[-70.58361397880466,-33.49757171594201],[-70.58360975487798,-33.49758995893127],[-70.58360768555633,-33.49760846094632],[-70.58360779076979,-33.49762704380267],[-70.58361006950645,-33.49764552853722],[-70.5836144998222,-33.4976637371317],[-70.58362103905195,-33.497681494227166],[-70.58362962422045,-33.49769862881269],[-70.58364017264877,-33.497714975872405],[-70.58365258275049,-33.49773037797471],[-70.58366673501004,-33.497744686788366],[-70.58368249313364,-33.497757764511135],[-70.58369970536187,-33.4977694851968],[-70.58371820593123,-33.49777973596823],[-70.58373781667053,-33.49778841810431],[-70.58375834871684,-33.49779544799094],[-70.58377960433427,-33.49780075792606],[-70.58380137881842,-33.49780429677184],[-70.58382346246779,-33.49780603044706],[-70.58384564260342,-33.49780594225545],[-70.58386770561707,-33.497804033046336],[-70.5838894390285,-33.49780032120662],[-70.58391063353183,-33.49779484248362],[-70.58393108501127,-33.49778764964079],[-70.58419605193635,-33.49768136181738],[-70.58419665998707,-33.49768108640017],[-70.5841972956846,-33.49768085898406],[-70.5844333902378,-33.49758466218812],[-70.58443468287585,-33.49758413122907],[-70.58479453908471,-33.497435124446774],[-70.58480052840855,-33.49743233005095],[-70.58480663860892,-33.49742972581874]]]}},{"type":"Feature","properties":{"numpos":"95122","TIPO":"DESCARGO","TENSION":"MT","INCIDENCIA":"DF202671820633","CLITOTAL":"185","CANTAVISOS":"","FECHA_INICIO":"","FECHA_FIN":"","DESCARGO":"DF202671820633(TP20267213818085)","ESTADODESC":"789","ESTADOINC":" ","CLI_PLAN":"1","FECHA_INIDESC":"13-10-2026 10:30","FECHA_FINDESC":"13-10-2026 17:30","FECHA_REPOSICION":"13-10-2026 17:30","id_alim":"2614"},"geometry":{"type":"Polygon","coordinates":[[[-70.61510702994421,-33.54542048696504],[-70.61512704984648,-33.545411717444814],[-70.61514592477069,-33.545401318913335],[-70.61516346630407,-33.54538939517084],[-70.61517949934424,-33.54537606524242],[-70.61519386384715,-33.54536146218998],[-70.6152064164246,-33.54534573178384],[-70.61521703177554,-33.54532903104776],[-70.61521766881458,-33.54532789541433],[-70.61522610690086,-33.545310708368966],[-70.61523249250172,-33.545292911529955],[-70.61523676412152,-33.54527467629084],[-70.61523888062356,-33.54525617826713],[-70.61523882162614,-33.54523759560498],[-70.61523658769882,-33.54521910726553],[-70.61523220035689,-33.54520089130145],[-70.61522570185416,-33.545183123142145],[-70.61521715477583,-33.545165973904375],[-70.6152066414359,-33.54514960874423],[-70.61519426308432,-33.545134185266654],[-70.61518013893189,-33.54511985200759],[-70.61516440500208,-33.54510674700358],[-70.6151472128212,-33.54509499646246],[-70.61513885130718,-33.54509034504972],[-70.61515672936866,-33.54508721014837],[-70.61517790001442,-33.54508163695768],[-70.61519831633933,-33.54507435302033],[-70.61521778172212,-33.54506542848503],[-70.6152361086998,-33.54505494930044],[-70.6152531207731,-33.545043016387446],[-70.61526865410623,-33.545029744667026],[-70.61528255910481,-33.54501526195371],[-70.61529470185646,-33.54499970772449],[-70.61530496542039,-33.544983231775625],[-70.61531325095376,-33.544965992779936],[-70.61531947866338,-33.54494815675875],[-70.6153235885742,-33.544929895482966],[-70.61532554110686,-33.54491138481886],[-70.61532531745873,-33.544892803034266],[-70.61532291978511,-33.544874329081885],[-70.61531837117826,-33.54485614087582],[-70.61531171544496,-33.54483841357819],[-70.61530301668473,-33.54482131791213],[-70.61529235867229,-33.544805018517884],[-70.61527984405083,-33.544789672366974],[-70.61526559334344,-33.54477542725071],[-70.61524974379246,-33.54476242035672],[-70.61523244803763,-33.54475077694796],[-70.61521387264618,-33.54474060915629],[-70.61519419650865,-33.544732014902564],[-70.6151736091162,-33.54472507695369],[-70.61515230873563,-33.544719862125575],[-70.61513050050004,-33.54471642063953],[-70.61510839443335,-33.544714785638824],[-70.61489119761315,-33.54470768675969],[-70.61489767959276,-33.54458479174005],[-70.61489775717169,-33.54458437583142],[-70.61489785498003,-33.544582934574414],[-70.61489809504556,-33.54458150505699],[-70.61489848430732,-33.54457366110591],[-70.61489901622419,-33.54456582303043],[-70.61489894485486,-33.5445643806858],[-70.61489901643189,-33.54456293834841],[-70.61489893621832,-33.544561753837435],[-70.6149096053928,-33.54437266515503],[-70.61492217240425,-33.54417503273047],[-70.61517660652957,-33.544189394331106],[-70.61517764460571,-33.54418941016876],[-70.61517950798293,-33.544189554433544],[-70.61520378621137,-33.544190336497095],[-70.61522802451243,-33.544188932971196],[-70.61525194309155,-33.54418536005753],[-70.61527526584487,-33.54417965899999],[-70.61527609637365,-33.544179414733904],[-70.6152966483378,-33.54417240379291],[-70.61531628067127,-33.544163739789006],[-70.61533480430317,-33.54415350616183],[-70.61535204084036,-33.54414180146731],[-70.61536782428526,-33.54412873842862],[-70.61538200263473,-33.544114442850564],[-70.61539443934382,-33.54409905240793],[-70.61540501464077,-33.54408271531957],[-70.61541362668052,-33.5440655889211],[-70.61542019252542,-33.54404783814944],[-70.61542464894393,-33.54402963395453],[-70.61542695301966,-33.54401115165288],[-70.61542708256445,-33.543992569239286],[-70.6154250363321,-33.54397406567249],[-70.61542083403032,-33.543955819151805],[-70.61541451613084,-33.543938005400925],[-70.61540614347963,-33.5439207959757],[-70.61539579671084,-33.54390435661186],[-70.61538357547032,-33.54388884562896],[-70.6153695974557,-33.543874412405685],[-70.61535399728322,-33.543861195941325],[-70.615336925191,-33.54384932351707],[-70.61531854559233,-33.543838909470296],[-70.61529903549223,-33.543830054093426],[-70.61527858278282,-33.54382284266816],[-70.61525738443386,-33.54381734464405],[-70.61523564459587,-33.54381361296981],[-70.61521357263406,-33.54381168358329],[-70.61520884934919,-33.54381166048647],[-70.6152079807999,-33.54381162911433],[-70.61520702388287,-33.54381153542671],[-70.6148626040598,-33.54379209438756],[-70.61485167090129,-33.543790656363385],[-70.61482951584142,-33.54378958609307],[-70.61481511175205,-33.543790075428525],[-70.6144759172067,-33.54377739570224],[-70.61447196692183,-33.5437768213169],[-70.61444983535726,-33.543775451989866],[-70.61444418952848,-33.54377556745982],[-70.61442339959723,-33.54377391624008],[-70.6144345861049,-33.54362656099645],[-70.61443484365076,-33.54360662602705],[-70.6144347615265,-33.54360498369713],[-70.61443274628506,-33.54358647773885],[-70.61442857455481,-33.54356822629533],[-70.61442228651308,-33.543550405137715],[-70.61441394271829,-33.54353318589314],[-70.61440362352667,-33.54351673439189],[-70.61439142831848,-33.54350120907047],[-70.61437747454073,-33.543486759445614],[-70.61436189657618,-33.54347352467457],[-70.61434484444908,-33.543461632214836],[-70.61432648238048,-33.54345119659674],[-70.61430698720655,-33.543442318320466],[-70.61428654667566,-33.5434350828882],[-70.61426535764033,-33.543429559980744],[-70.61424362416136,-33.54342580278643],[-70.61422155554273,-33.54342384748888],[-70.61419936431592,-33.54342371291859],[-70.6141772641932,-33.54342540037161],[-70.61415546800947,-33.54342889359697],[-70.61413418567261,-33.54343415895326],[-70.61411362214203,-33.543441145732565],[-70.6140939754548,-33.54344978664882],[-70.61407543481847,-33.543459998485766],[-70.61405817878907,-33.54347168289837],[-70.61404237355129,-33.54348472735993],[-70.61402817131827,-33.543499006245725],[-70.61401570886558,-33.543514382042844],[-70.614005106214,-33.54353070667446],[-70.61399646547365,-33.543547822925916],[-70.61398986986062,-33.54356556595872],[-70.61398538289542,-33.543583764898095],[-70.61398304779127,-33.54360224447848],[-70.61398302194257,-33.54360523245395],[-70.61397579711992,-33.54370039556044],[-70.61394242559247,-33.54374360161754],[-70.6136711830982,-33.5437377096057],[-70.61365723521868,-33.543736524814626],[-70.6136371979689,-33.54373647579368],[-70.61323088209625,-33.543719524239876],[-70.61321789388467,-33.543717822780664],[-70.61319573804779,-33.54371676393887],[-70.61317356495526,-33.54371752866003],[-70.61317207194243,-33.54371770399707],[-70.61295152651032,-33.543713922425326],[-70.61284528122859,-33.543643475979216],[-70.61285309380527,-33.543516774549744],[-70.61285314928467,-33.543498191859754],[-70.61285102932382,-33.54347969409686],[-70.61284675434048,-33.543461459404476],[-70.6128403655063,-33.543443663392374],[-70.61283192435042,-33.54342647744557],[-70.61282151216672,-33.543410067073665],[-70.61280922923098,-33.543394590317014],[-70.61279519383508,-33.54338019622473],[-70.61277954114775,-33.543367023419165],[-70.6127624219129,-33.5433551987611],[-70.61274400099784,-33.54334483612787],[-70.61272445580542,-33.54333603531682],[-70.61270397456578,-33.543328881084065],[-70.6126827545234,-33.543323442328465],[-70.6126610000377,-33.54331977142784],[-70.61263892061501,-33.54331790373487],[-70.61263560077373,-33.543317896779016],[-70.61263557106754,-33.543317894483884],[-70.61263526353301,-33.54331789607242],[-70.6126167288908,-33.5433178572363],[-70.6126149391906,-33.54331800105406],[-70.61261337969603,-33.54331800910921],[-70.61259739006813,-33.543319411275014],[-70.61259463858218,-33.54331963238005],[-70.61259437547545,-33.54331967563109],[-70.6125913085984,-33.543319944572],[-70.61256957033005,-33.5433236822329],[-70.61254837424113,-33.54332918609643],[-70.61252792446044,-33.54333640315774],[-70.61250841792959,-33.543345263913025],[-70.61249004250645,-33.543355683028885],[-70.61247297515591,-33.543367560164036],[-70.61245738024566,-33.54338078093583],[-70.61244340796327,-33.54339521802151],[-70.61243119286985,-33.54341073238465],[-70.61242085260396,-33.54342717461393],[-70.6124124867489,-33.54344438636215],[-70.6124061758734,-33.54346220187117],[-70.61240198075586,-33.54348044956815],[-70.61239994179888,-33.543498953717965],[-70.61239313021042,-33.54363176267341],[-70.6123899569274,-33.543683221355806],[-70.61237494817999,-33.543683954408124],[-70.61235302728038,-33.54368684958199],[-70.61233155082536,-33.5436915299973],[-70.61231072564374,-33.543697950579435],[-70.61229075229237,-33.54370604949509],[-70.61227182312471,-33.54371574874774],[-70.61225412043841,-33.54372695492879],[-70.6122378147197,-33.54373956011722],[-70.61222306300148,-33.54375344291869],[-70.61221000735108,-33.54376846963483],[-70.61219877350203,-33.54378449555068],[-70.6121981776341,-33.5437854499943],[-70.61218880704624,-33.543802459406194],[-70.61218148928404,-33.54382016085721],[-70.61217629595957,-33.54383838112295],[-70.61217327789552,-33.543856941901794],[-70.61217246462778,-33.5438756615598],[-70.61217386411633,-33.54389435690811],[-70.61217746266733,-33.54391284499568],[-70.61218322506703,-33.54393094489957],[-70.61219109492629,-33.54394847949542],[-70.61220099523248,-33.54396527719094],[-70.61221282910294,-33.543981173604905],[-70.61222648073307,-33.54399601317595],[-70.61224181652962,-33.5440096506848],[-70.61225868641793,-33.54402195267547],[-70.61227692531058,-33.54403279876125],[-70.61229635472296,-33.544042082802804],[-70.61231678451982,-33.544049713946876],[-70.61233801477611,-33.54405561751538],[-70.61235983773332,-33.544059735736234],[-70.61236143783115,-33.54405990096129],[-70.61235739465499,-33.54411396877916],[-70.61234848957523,-33.544128999063425],[-70.61234062287413,-33.544146375090925],[-70.61233482799541,-33.54416431311405],[-70.61233116074817,-33.544182640380136],[-70.61232965645131,-33.5442011803877],[-70.61233032959342,-33.54421975458641],[-70.61233317369316,-33.54423818409647],[-70.61233816136165,-33.54425629143145],[-70.61234524456613,-33.54427390220752],[-70.61234721232819,-33.544277562037465],[-70.61233511853193,-33.54448010996304],[-70.61232394393211,-33.5445812642938],[-70.61224554076911,-33.54457772977377],[-70.61225142174013,-33.54449956750675],[-70.6122517287078,-33.544480986535525],[-70.61224985920035,-33.54446246984213],[-70.61224583122352,-33.544444195752334],[-70.61223968357022,-33.54442634025535],[-70.61223147544688,-33.54440907530903],[-70.61222128590315,-33.544392567183834],[-70.6122092130707,-33.544376974861514],[-70.61219537321804,-33.54436244850413],[-70.61217989963075,-33.5443491280079],[-70.61216294132795,-33.54433714165586],[-70.61214466162707,-33.54432660488262],[-70.61212523657107,-33.54431761916249],[-70.61210485323309,-33.54431027103245],[-70.61208370791482,-33.54430463125859],[-70.61206200425607,-33.544300754154726],[-70.61203995127366,-33.5442986770593],[-70.61201776134845,-33.544298419975775],[-70.61199564818021,-33.54429998538005],[-70.61197382472945,-33.54430335819655],[-70.61195250116664,-33.54430850594345],[-70.6119318828482,-33.544315379045464],[-70.61191216833883,-33.5443239113113],[-70.61189354749928,-33.5443340205711],[-70.61187619965789,-33.544345609467655],[-70.61186029188354,-33.544358566394145],[-70.61184597737689,-33.54437276656887],[-70.61183339399469,-33.54438807323694],[-70.61182266292236,-33.54440433898731],[-70.61181388750676,-33.54442140717236],[-70.61180715226092,-33.5444391134165],[-70.61180252205014,-33.54445728719927],[-70.61180004146713,-33.54447575349738],[-70.61177995322058,-33.54474272159241],[-70.61177970186196,-33.54476251504829],[-70.6117819195013,-33.544782222329076],[-70.61178658190684,-33.54480162808206],[-70.61179363813137,-33.544820520249345],[-70.61180301106896,-33.544838692385184],[-70.6118145982973,-33.54485594591192],[-70.61182072065594,-33.544863174771464],[-70.61182227449373,-33.54486523791932],[-70.61182447902445,-33.54486761239345],[-70.6118282731971,-33.5448720922899],[-70.61183003189048,-33.54487395433384],[-70.61183306628561,-33.54487686162992],[-70.61183589533321,-33.54487990876273],[-70.61184036306008,-33.544883852769665],[-70.6118446357308,-33.54488794647335],[-70.61184799497,-33.54489059004366],[-70.6118511678943,-33.54489339102755],[-70.61185607703727,-33.54489695026636],[-70.61186080711337,-33.54490067262237],[-70.61186445868627,-33.54490302714878],[-70.61186794509388,-33.544905554871605],[-70.61187324858194,-33.54490869485371],[-70.61187839029878,-33.544912010220514],[-70.61188229890647,-33.544914053186055],[-70.61188606535812,-33.54491628314984],[-70.61189171228204,-33.54491897340309],[-70.61189721595095,-33.54492185007997],[-70.61190134384945,-33.54492356198093],[-70.61190535417848,-33.544925472542566],[-70.6119112902765,-33.54492768691141],[-70.61191710276789,-33.54493009743704],[-70.61192141013423,-33.54493146196564],[-70.6119256257923,-33.54493303455044],[-70.61193179397067,-33.54493475145565],[-70.6119378592278,-33.544936672864694],[-70.61194230454434,-33.54493767706061],[-70.61194668497187,-33.54493889634681],[-70.61195302585365,-33.544940099001025],[-70.61195928543354,-33.544941513037664],[-70.61196382588807,-33.54494214740727],[-70.61196832890468,-33.544943001479],[-70.61197478140315,-33.544943678056356],[-70.61198117503784,-33.54494457134213],[-70.61198576693387,-33.54494482994446],[-70.6119903491465,-33.54494531041215],[-70.61199776228243,-33.54494577987675],[-70.61200021649991,-33.5449458341394],[-70.61200265859267,-33.54494604525484],[-70.61229745701728,-33.544959335390345],[-70.6122969500436,-33.54496931514847],[-70.61229477396837,-33.545003976611476],[-70.61229184842117,-33.545006495291474],[-70.61227800926162,-33.54502102217834],[-70.61226593719387,-33.54503661496244],[-70.61225574847913,-33.545053123477246],[-70.61224754124112,-33.54507038873712],[-70.61224139452108,-33.545088244468616],[-70.6122373675165,-33.5451065187115],[-70.61223549901096,-33.54512503547502],[-70.61223580700057,-33.54514361643266],[-70.61223589489919,-33.54514478380427],[-70.61223835808205,-33.545163155398605],[-70.61224294898096,-33.54518123831122],[-70.61224962383868,-33.54519886018322],[-70.6122583190344,-33.54521585305014],[-70.61226895169015,-33.545232054942794],[-70.61227963437732,-33.545245126022806],[-70.61227733452677,-33.54528175887629],[-70.61227725831635,-33.54530034151331],[-70.6122793576868,-33.545318840924686],[-70.61228361242138,-33.545337078950865],[-70.61228998154593,-33.54535487994941],[-70.61229840372347,-33.54537207248662],[-70.61230879784473,-33.54538849098858],[-70.61232106380943,-33.54540397733557],[-70.6123350834901,-33.54541838238507],[-70.61235072186979,-33.54543156740806],[-70.61236782834229,-33.54544340542494],[-70.61238623816264,-33.54545378242858],[-70.61240577403363,-33.545462598482274],[-70.61242624781332,-33.54546976868212],[-70.61244746232703,-33.54547522397479],[-70.6124692132662,-33.54547891182258],[-70.61249129115608,-33.54548079670925],[-70.61249794457841,-33.5454808158294],[-70.61251054633912,-33.54548125258565],[-70.61253233070282,-33.545480245592735],[-70.61255389779201,-33.54547748546645],[-70.61257504685935,-33.54547299789817],[-70.6125955810484,-33.54546682465843],[-70.61261530922626,-33.545459023208046],[-70.61263404776254,-33.54544966616327],[-70.6126516222386,-33.5454388406198],[-70.61266786907109,-33.54542664734221],[-70.61277751411946,-33.545336000592194],[-70.61286963542189,-33.54534125705916],[-70.61286290651275,-33.54543938436966],[-70.61286272299608,-33.54545796647667],[-70.6128647155189,-33.545476474167735],[-70.61286886489349,-33.545494729203504],[-70.61287513116038,-33.5455125557778],[-70.61288345397313,-33.54552978221055],[-70.61289375317945,-33.545546242601425],[-70.61290592959315,-33.54556177842734],[-70.6129198659492,-33.54557624006926],[-70.61293542803311,-33.54558948825308],[-70.61295246597348,-33.545601395390996],[-70.61297081568533,-33.54561184681019],[-70.61299030045038,-33.54562074185725],[-70.61301073261885,-33.54562799486758],[-70.61303191541678,-33.54563353599031],[-70.61305364484114,-33.54563731186112],[-70.61307571162432,-33.54563928611611],[-70.6130979032498,-33.54563943974209],[-70.61312000599871,-33.54563777125952],[-70.6131418070081,-33.54563429673697],[-70.61316309632109,-33.54562904963626],[-70.6131836689088,-33.545622080490155],[-70.61320332664498,-33.545613456415815],[-70.61322188021416,-33.545603260468205],[-70.61323915093482,-33.54559159084051],[-70.61325497248019,-33.54557855991817],[-70.6132691924802,-33.545564293196634],[-70.6132816739888,-33.54554892807281],[-70.61329229680273,-33.54553261252177],[-70.61330095861932,-33.54551550367161],[-70.61330757602157,-33.54549776629036],[-70.61331208528138,-33.54547957119891],[-70.61331444297349,-33.545461093626216],[-70.61331815155263,-33.54540700752805],[-70.61338952087019,-33.54536854134904],[-70.61365071635498,-33.54538142239913],[-70.61367290761623,-33.54538160336046],[-70.6136950132024,-33.54537996210605],[-70.61371682022325,-33.54537651444224],[-70.61373811866393,-33.545371293572124],[-70.61375870340773,-33.5453643497759],[-70.61377837621127,-33.54535574992657],[-70.613796947614,-33.545345576845854],[-70.61381423876264,-33.545333928506636],[-70.61383008313368,-33.545320917089356],[-70.61384432813725,-33.54530666790166],[-70.61385683658644,-33.54529131817156],[-70.6138674880186,-33.545275015725885],[-70.6138761798554,-33.54525791756652],[-70.61388282839074,-33.545240188358534],[-70.61388736959672,-33.54522199884417],[-70.61388975974037,-33.54520352419854],[-70.61388997580464,-33.545184942342715],[-70.61388801571013,-33.54516643223008],[-70.61388653098786,-33.54515984765059],[-70.61388866134719,-33.545163242683046],[-70.61389142867651,-33.545168181400435],[-70.61389436014846,-33.545172324536836],[-70.61389670104535,-33.54517605508973],[-70.61389957999768,-33.545179701903606],[-70.6139025086099,-33.54518384099693],[-70.61400369007595,-33.545312331453204],[-70.61400740082264,-33.54531657492252],[-70.6140108959407,-33.545320951354334],[-70.61401522853365,-33.54532583913503],[-70.61402913351675,-33.54534003278406],[-70.61404461459246,-33.54535303222907],[-70.61406152624912,-33.54536471528352],[-70.61407970952828,-33.5453749721341],[-70.6140989935189,-33.54538370637278],[-70.61411919696371,-33.54539083590327],[-70.61414012996302,-33.545396293712386],[-70.61416159575968,-33.545400028500126],[-70.61418339258849,-33.54540200516186],[-70.61449969077033,-33.54541775185553],[-70.6145011263422,-33.54541776503365],[-70.61450249569631,-33.545417876860114],[-70.61499065981067,-33.545437086412356],[-70.61499703609624,-33.54543744875717],[-70.61501962631405,-33.54543778521331],[-70.6150421438768,-33.54543623244426],[-70.6150643640095,-33.54543280595009],[-70.61508606490618,-33.54542753993486],[-70.61510702994421,-33.54542048696504]],[[-70.61389739279308,-33.54466296502451],[-70.61389214504025,-33.54466269036345],[-70.61390789425066,-33.54449036748313],[-70.61389739279308,-33.54466296502451]],[[-70.6133742059441,-33.54463649132277],[-70.61336828183128,-33.54463600185318],[-70.61338092152204,-33.544348962287245],[-70.61338099824712,-33.544348459709326],[-70.61338115695473,-33.54434387359361],[-70.61338126313504,-33.54434387770868],[-70.61339443688344,-33.544105534307675],[-70.61348632967713,-33.54410936805393],[-70.61346560287974,-33.54436697949335],[-70.61346557428418,-33.544366977660765],[-70.61346515038679,-33.54437161556232],[-70.61346512379006,-33.54437184651762],[-70.61346512393266,-33.54437190499947],[-70.61344063931693,-33.544639792849416],[-70.6133742059441,-33.54463649132277]],[[-70.61291323176083,-33.544687866947065],[-70.61289617301227,-33.544963176417475],[-70.61275969894962,-33.544955389122265],[-70.61276771834743,-33.54472433562431],[-70.61276790101424,-33.544723099904296],[-70.6127679013465,-33.54472308876777],[-70.6127679029792,-33.54472307771199],[-70.61276802445366,-33.54471898713544],[-70.61278867202198,-33.544509359825355],[-70.61278915959358,-33.54450317586864],[-70.61280590983078,-33.544220400492755],[-70.61280616486748,-33.544213698472326],[-70.61280639662475,-33.544199982018036],[-70.6128146201022,-33.544088594810766],[-70.61284230981916,-33.54409029529598],[-70.61284284232238,-33.544090305455946],[-70.61284785939773,-33.54409063206364],[-70.61285488917952,-33.54409081920424],[-70.61286075716315,-33.544091162024586],[-70.61294239663158,-33.54409256194089],[-70.61292947247578,-33.54432636757149],[-70.61292947290853,-33.54432647259258],[-70.61292925505016,-33.54432817825171],[-70.61291362990345,-33.544682973541555],[-70.61291343578726,-33.5446861799298],[-70.61291323176083,-33.544687866947065]],[[-70.6144580759096,-33.544353501075115],[-70.61445802584866,-33.54435475600134],[-70.61445783754807,-33.54435474855091],[-70.61444642620368,-33.54455697192523],[-70.61444642745957,-33.544557383930126],[-70.61444639564532,-33.54455763707753],[-70.61443942862648,-33.54468971514476],[-70.61440546443734,-33.54468840583765],[-70.61435121878361,-33.54464712727981],[-70.61436459285056,-33.544427297702704],[-70.61436475384066,-33.544425198262076],[-70.6143651716771,-33.54442261885842],[-70.61436546451512,-33.54441593049454],[-70.61436597668451,-33.54440925139202],[-70.61436590519212,-33.54440749403363],[-70.61438444322195,-33.54415123840019],[-70.61442238196219,-33.544154251638254],[-70.61442809604176,-33.54415447461103],[-70.61443364948524,-33.544154909288146],[-70.61447045063812,-33.54415628503101],[-70.61445790954656,-33.54435349365704],[-70.6144580759096,-33.544353501075115]],[[-70.61386605727877,-33.54506299708112],[-70.6138657457278,-33.54506683152516],[-70.61386565908343,-33.54507091284259],[-70.61386516496805,-33.54508073540644],[-70.61386537993853,-33.54508406175395],[-70.61386534270753,-33.545085815492584],[-70.61386577807461,-33.54509022231492],[-70.61386633956128,-33.54509891048006],[-70.61386699419245,-33.545102531958996],[-70.61386721211834,-33.54510473782226],[-70.61386820863123,-33.5451092503436],[-70.61386871444748,-33.54511204856429],[-70.61385910045476,-33.54509662821976],[-70.61384695135078,-33.545081077452],[-70.61383304044304,-33.54506659870088],[-70.61381750170146,-33.545053331404155],[-70.61380048477257,-33.54504140333253],[-70.6137926725709,-33.54503693965167],[-70.6138678547431,-33.545040874608155],[-70.61386610685673,-33.54506238689538],[-70.61386607977552,-33.54506254986579],[-70.61386605727877,-33.54506299708112]]]}},{"type":"Feature","properties":{"numpos":"13131","TIPO":"DESCARGO","TENSION":"MT","INCIDENCIA":"DF202671814624","CLITOTAL":"259","CANTAVISOS":"","FECHA_INICIO":"","FECHA_FIN":"","DESCARGO":"DF202671814624(TP20267213817647)","ESTADODESC":"789","ESTADOINC":" ","CLI_PLAN":"1","FECHA_INIDESC":"13-10-2026 09:30","FECHA_FINDESC":"13-10-2026 15:30","FECHA_REPOSICION":"13-10-2026 15:30","id_alim":"2723"},"geometry":{"type":"Polygon","coordinates":[[[-70.73036771115045,-33.47434334453103],[-70.73036989667304,-33.47434270569863],[-70.73037213477264,-33.47434221096561],[-70.73047944410014,-33.47431370273905],[-70.73048145559211,-33.47431316892607],[-70.73048145559227,-33.47431316892602],[-70.73048314473331,-33.47431272065906],[-70.73066864848492,-33.474264055023106],[-70.73066902571526,-33.474263938739924],[-70.73066941436767,-33.47426385284536],[-70.73067942989496,-33.47426073159754],[-70.73068945859521,-33.474257640197614],[-70.73068982040859,-33.47425749348755],[-70.73069019714332,-33.47425737608154],[-70.73069979938275,-33.47425344715844],[-70.73070941822213,-33.47424954685764],[-70.73070976113412,-33.474249371133624],[-70.73071012232299,-33.47424922334688],[-70.73071921879858,-33.47424452458677],[-70.73072833514279,-33.474239852947065],[-70.73072865585095,-33.47423964990139],[-70.73072899801546,-33.474239473157176],[-70.73073750112299,-33.474234049811976],[-70.7307460271763,-33.474228651824006],[-70.73074632259203,-33.47422842341214],[-70.73074664243694,-33.47422821941259],[-70.7307544702876,-33.47422212371176],[-70.73076232393835,-33.47421605136196],[-70.73076259121656,-33.47421579978369],[-70.73076288566169,-33.47421557049343],[-70.73076996286895,-33.474208861142],[-70.7307770684822,-33.47420217291087],[-70.73077730504892,-33.47420190058902],[-70.7307775712585,-33.47420164821625],[-70.73078382966463,-33.474194389829535],[-70.73079011881,-33.47418715012838],[-70.73079032238697,-33.47418685968557],[-70.7307905577973,-33.47418658666081],[-70.73079593713024,-33.474178849141786],[-70.7308013492405,-33.47417112769262],[-70.73080151786715,-33.474170821925895],[-70.73080172021109,-33.47417053087857],[-70.73080616866555,-33.47416238874371],[-70.73081065161914,-33.47415425990884],[-70.73081078367156,-33.47415394176304],[-70.73081095100044,-33.47415363549604],[-70.73081442573596,-33.474145167158454],[-70.73081793635997,-33.47413670922349],[-70.73081803056641,-33.47413638176245],[-70.7308181612688,-33.47413606322534],[-70.73082062882206,-33.4741273502404],[-70.73082313330801,-33.47411864465956],[-70.73082318876125,-33.47411831103693],[-70.73082328157841,-33.474117983297404],[-70.73082471818621,-33.474109109576],[-70.7308261924151,-33.47410024018891],[-70.7308262085811,-33.47409990361768],[-70.73082626261919,-33.474099569832],[-70.73082665444691,-33.47409062083266],[-70.7308270842217,-33.47408167305674],[-70.73082706094482,-33.474081336778276],[-70.73082707568344,-33.47408100016101],[-70.7308264189582,-33.47407206206757],[-70.73082580014061,-33.4740631220747],[-70.73082573764503,-33.474062789327526],[-70.73082571294228,-33.4740624531205],[-70.73080820250217,-33.47393029490137],[-70.73080817968149,-33.47393017614542],[-70.73080817067846,-33.47393005609622],[-70.73080793060106,-33.473928264860504],[-70.73080759355743,-33.473926524996806],[-70.7308074226039,-33.47392476818628],[-70.73080581762117,-33.47391735737808],[-70.73080437741315,-33.47390992283132],[-70.73080383850028,-33.47390821903133],[-70.73080346289564,-33.47390648472295],[-70.73080099888303,-33.47389924143795],[-70.73079869607535,-33.473891960993626],[-70.73079796048339,-33.47389030966583],[-70.73079738384503,-33.47388861456193],[-70.73079408453276,-33.473881608556724],[-70.73079094130323,-33.47387455232938],[-70.73079001611642,-33.473872969376906],[-70.73078924399779,-33.473871329802215],[-70.73078514116051,-33.47386462854845],[-70.73078118778047,-33.47385786449311],[-70.73078008190895,-33.47385636516065],[-70.7307791217461,-33.47385479690513],[-70.7307742548967,-33.473848464939316],[-70.73076952943968,-33.47384205819735],[-70.73076825353365,-33.47384065692422],[-70.73076711457351,-33.47383917509101],[-70.73076153058264,-33.47383327339318],[-70.73075607855762,-33.47382728566483],[-70.73075464490479,-33.47382599594602],[-70.73075333811622,-33.473824614805885],[-70.73074709076081,-33.47381920021237],[-70.73074096467393,-33.47381368916254],[-70.7307393870812,-33.47381252341874],[-70.73073792504928,-33.47381125627274],[-70.73073107449471,-33.473806380928686],[-70.73072433334363,-33.473801399631675],[-70.73072262700407,-33.47380036908956],[-70.73072102380895,-33.47379922814095],[-70.73071932336788,-33.4737981336539],[-70.73071897012602,-33.473797906753376],[-70.73039281480732,-33.47358883099644],[-70.7300127331628,-33.47334138682425],[-70.72973455886577,-33.47315814388029],[-70.72973316710483,-33.47315722755856],[-70.72973181955334,-33.473156333256476],[-70.72973133026507,-33.47315600945997],[-70.72970502404615,-33.473138650103564],[-70.7294319137317,-33.47295840677321],[-70.72943180658149,-33.4729583429386],[-70.72943170731287,-33.47295827070622],[-70.72943001730347,-33.472957158019085],[-70.72942872017306,-33.472956387155605],[-70.72942750490452,-33.47295552769024],[-70.72942584188819,-33.4729544641282],[-70.72939735564967,-33.47293622582771],[-70.72901171524958,-33.472689325761266],[-70.72901147239682,-33.4726891704956],[-70.72901082793936,-33.47268875904493],[-70.72901017342356,-33.472688330896],[-70.72900972071929,-33.47268803553566],[-70.72897738376567,-33.472666992954565],[-70.72869378837154,-33.472482414579616],[-70.72867563015168,-33.47247175068798],[-70.72865631215767,-33.47246262974055],[-70.72863602043155,-33.47245513957656],[-70.72861495039278,-33.47244935233],[-70.7285933049562,-33.47244532373489],[-70.7285712925779,-33.472443092588605],[-70.72854912524777,-33.47244268037821],[-70.72852701644791,-33.472444091073584],[-70.72850517909683,-33.472447311089],[-70.7284838234988,-33.47245230941426],[-70.72846315531882,-33.47245903791304],[-70.72844337360172,-33.472467431786725],[-70.72842466885548,-33.4724774101981],[-70.72840722121653,-33.47248887705022],[-70.72839119871482,-33.472501721911584],[-70.72837675565586,-33.47251582107973],[-70.72836403113443,-33.47253103877252],[-70.72835314769517,-33.47254722843578],[-70.7283442101523,-33.472564234154675],[-70.72833730458021,-33.47258189215521],[-70.72833249748452,-33.4726000323815],[-70.72832983516143,-33.47261848013345],[-70.72832934325196,-33.472637057749246],[-70.72833102649483,-33.47265558631622],[-70.72833486868086,-33.472673887394066],[-70.728340832809,-33.47269178473313],[-70.72834886144258,-33.47270910597194],[-70.72835887726248,-33.47272568429704],[-70.72837078381161,-33.47274136004964],[-70.72838446642399,-33.47275598226312],[-70.72839979332883,-33.47276941011703],[-70.72841661691967,-33.472781514293175],[-70.72867606221679,-33.47295037490461],[-70.72870529394324,-33.47303560995078],[-70.72861630696937,-33.47313645518832],[-70.72837539958029,-33.47338766400275],[-70.72834767893094,-33.473369080107304],[-70.72834463772557,-33.47336723885395],[-70.72834174550235,-33.47336523591564],[-70.72805468353155,-33.47318555053511],[-70.72803628914255,-33.47317517462694],[-70.72801676978821,-33.4731663596638],[-70.72799631344974,-33.47315919053815],[-70.72797511713189,-33.473153736292176],[-70.72795338496556,-33.473150049453054],[-70.72793132624213,-33.47314816552679],[-70.72790915339779,-33.4731481026566],[-70.72788707996776,-33.47314986144797],[-70.72786531852985,-33.47315342496294],[-70.72784407865741,-33.47315875888319],[-70.72782356490083,-33.47316581184046],[-70.72780397481787,-33.47317451591142],[-70.72778549707103,-33.47318478727155],[-70.72776830961055,-33.473196527002585],[-70.72775257796093,-33.47320962204508],[-70.72773845362654,-33.47322394628722],[-70.72772607263276,-33.473239361779235],[-70.72771555421593,-33.473255720062056],[-70.72770699967492,-33.473272863596904],[-70.72770049139571,-33.47329062728255],[-70.72769609205768,-33.473308840045306],[-70.72769384403024,-33.47332732648646],[-70.72769376896446,-33.47334590857157],[-70.72769586758464,-33.473364407344924],[-70.72770011968129,-33.47338264465312],[-70.72770648430564,-33.473400444860616],[-70.72771490016406,-33.47341763654135],[-70.72772528620813,-33.4734340541296],[-70.72773754241533,-33.473449539514505],[-70.72775155075216,-33.47346394356281],[-70.72776717631092,-33.473477127555086],[-70.72778426860889,-33.47348896452169],[-70.72795113328175,-33.473593413192226],[-70.72793224357623,-33.47359672050018],[-70.72791108807095,-33.473602285209935],[-70.72789068527123,-33.473609560906226],[-70.72787123166621,-33.473618477520574],[-70.72785291460407,-33.47362894918164],[-70.72783591048764,-33.47364087504211],[-70.7278203830757,-33.47365414025003],[-70.72780648190577,-33.47366861705476],[-70.72779434085408,-33.47368416603731],[-70.72778407684619,-33.47370063745299],[-70.72777578873092,-33.47371787267352],[-70.72776955632845,-33.473735705714645],[-70.72776543966137,-33.473753964834735],[-70.72776347837676,-33.47377247418859],[-70.72776369136423,-33.473791055521126],[-70.72776607657399,-33.4738095298839],[-70.72777061103653,-33.47382771935851],[-70.72777725108371,-33.473845448770085],[-70.72778593276938,-33.47386254737439],[-70.72779657248506,-33.47387885050201],[-70.72780906776522,-33.47389420114445],[-70.72782329827389,-33.47390845146608],[-70.7278391269637,-33.47392146422792],[-70.72784745557875,-33.47392708104881],[-70.72782740227503,-33.4739451903071],[-70.72779279694603,-33.47395270874772],[-70.72772605555139,-33.473908579450985],[-70.72770799505861,-33.47389779927068],[-70.72768876069944,-33.47388855454217],[-70.72766853771049,-33.47388093429677],[-70.72764752084922,-33.473875011921216],[-70.7276259125184,-33.47387084445092],[-70.72760392081676,-33.47386847202064],[-70.72758175753508,-33.47386791747815],[-70.72755963611647,-33.473869186163945],[-70.72753776960093,-33.47387226586003],[-70.72751636857365,-33.47387712690747],[-70.72749563913705,-33.473883722492076],[-70.72747578092594,-33.47389198909515],[-70.72745698518496,-33.47390184710528],[-70.7274394329268,-33.47391320158496],[-70.727423293189,-33.47392594318495],[-70.72740872140604,-33.47393994919721],[-70.72739585791238,-33.473955084736744],[-70.727384826591,-33.473971204040616],[-70.72737573368033,-33.47398815187154],[-70.727368666751,-33.47400576501305],[-70.72736369386257,-33.47402387384128],[-70.7273608629079,-33.47404230395852],[-70.72736020115204,-33.47406087787279],[-70.72736171496942,-33.47407941670709],[-70.72736538978252,-33.47409774192223],[-70.72737119020218,-33.47411567703614],[-70.72737906036836,-33.47413304932351],[-70.72738892448805,-33.47414969147931],[-70.72740068756521,-33.474165443230035],[-70.7274142363155,-33.47418015287712],[-70.72742944025738,-33.47419367875811],[-70.72744615296858,-33.47420589061077],[-70.72757384548646,-33.474290320767224],[-70.72759910159758,-33.47430702130795],[-70.72759938867951,-33.474307211835075],[-70.72759982447867,-33.47430750951394],[-70.72770190121895,-33.47437723707435],[-70.72768898770178,-33.47439188709157],[-70.72761929327784,-33.4744017518319],[-70.72752237538712,-33.474344211654284],[-70.72752187223635,-33.47434394299822],[-70.72752140099364,-33.47434363638459],[-70.7274992456587,-33.47433062929039],[-70.72749755937797,-33.47432963778122],[-70.7274957363764,-33.47432867415051],[-70.72749400994806,-33.474327592797465],[-70.72748636277306,-33.47432371930392],[-70.72747880509675,-33.47431972434762],[-70.72747687816825,-33.47431891510311],[-70.72747503357913,-33.47431798077026],[-70.72746697018742,-33.47431475408704],[-70.72745898165756,-33.47431139917442],[-70.72745696935935,-33.47431075210947],[-70.72745502437381,-33.47430997379494],[-70.72744662242012,-33.47430742499668],[-70.72743827997007,-33.47430474243713],[-70.72743620168158,-33.4743042637833],[-70.72743417503082,-33.47430364898264],[-70.72742551543016,-33.47430180261557],[-70.72741689940177,-33.47429981824344],[-70.72741477513793,-33.4742995126104],[-70.72741268633962,-33.47429906724447],[-70.7274038524882,-33.47429794108994],[-70.72739504585802,-33.474296674015754],[-70.72739289607655,-33.474296544346906],[-70.7273907652468,-33.47429627270476],[-70.72738184221869,-33.47429587760822],[-70.72737292979905,-33.47429534003456],[-70.72737077520338,-33.47429538757867],[-70.7273686228631,-33.47429529227638],[-70.72735969659155,-33.474295632042804],[-70.72735076421323,-33.47429582914677],[-70.72734862555319,-33.474296053445975],[-70.72734647243047,-33.47429613540138],[-70.72733762887964,-33.47429720675868],[-70.72732876256588,-33.47429813664209],[-70.72732666043778,-33.474298535536256],[-70.72732452726822,-33.47429879396009],[-70.72731585160578,-33.47430058659059],[-70.72730713674353,-33.474302240298194],[-70.72730509139195,-33.474302809945804],[-70.72730299871898,-33.4743032423493],[-70.72729457449589,-33.47430573898914],[-70.72728609501351,-33.474308100594975],[-70.7272841261361,-33.47430883551005],[-70.72728209411326,-33.47430943772896],[-70.72727400245918,-33.474312614334195],[-70.72726584001803,-33.47431566109493],[-70.72726396657603,-33.47431655419989],[-70.72726201477278,-33.47431732043454],[-70.72725433361427,-33.47432114641294],[-70.72724656682293,-33.47432484898675],[-70.72724480685865,-33.474325891680536],[-70.7272429540717,-33.47432681455176],[-70.72723575738213,-33.47433125305734],[-70.72722846103892,-33.474335575786554],[-70.72722683150168,-33.474336758027526],[-70.7272250955744,-33.474337828647585],[-70.72721845266182,-33.47434283693525],[-70.72721169703419,-33.474347738189955],[-70.72721021361731,-33.47434904859255],[-70.72720861126761,-33.47435025665081],[-70.72720258610674,-33.47435578648828],[-70.72719643625514,-33.47436121906692],[-70.72719511324479,-33.474362645011254],[-70.7271936599041,-33.47436397887358],[-70.72719228856002,-33.47436536871479],[-70.72719184434723,-33.47436582033866],[-70.72707026501142,-33.47448981778078],[-70.72705704550197,-33.474504736373085],[-70.72704563451627,-33.474520669011596],[-70.72703614194913,-33.47453746225672],[-70.72702865922004,-33.4745549543808],[-70.72702325839286,-33.474572976925415],[-70.72701999148178,-33.474591356323856],[-70.72701888995029,-33.47460991557255],[-70.72701996440809,-33.474628475935866],[-70.72702320450898,-33.47464685866723],[-70.7270285790503,-33.47466488673067],[-70.72703603627352,-33.47468238650578],[-70.72704550436248,-33.47469918945975],[-70.72705689213522,-33.474715133770516],[-70.72707008992184,-33.47473006588506],[-70.72708497062078,-33.47474384199844],[-70.72710139092287,-33.47475632943857],[-70.72711919269146,-33.47476740794401],[-70.72713820448531,-33.474776970822155],[-70.72715824320976,-33.47478492597677],[-70.72717911588,-33.474791196794946],[-70.72720062147974,-33.474795722884984],[-70.72722255289702,-33.47479846065789],[-70.72724469891897,-33.47479938374728],[-70.72726684626588,-33.47479848326333],[-70.72728878164536,-33.474795767878256],[-70.72731029380637,-33.474791263742944],[-70.72733117557387,-33.47478501423496],[-70.72735122584392,-33.474777079540885],[-70.7273702515207,-33.47476753607665],[-70.72738806937586,-33.47475647575152],[-70.72740450781342,-33.47474400508307],[-70.72740824031798,-33.47474055808877],[-70.72743118794824,-33.47475418208087],[-70.72770302524364,-33.47492399625726],[-70.72770471292434,-33.4749270266937],[-70.72771601478374,-33.47494301388784],[-70.72772913209133,-33.47495799573888],[-70.72774393852058,-33.4749718279629],[-70.72776029147761,-33.47498437734739],[-70.72777803347432,-33.474995523034366],[-70.72779699364516,-33.47500515768424],[-70.72781698939261,-33.47501318850955],[-70.7278378281458,-33.47501953816868],[-70.727859309215,-33.4750241455106],[-70.72786329054483,-33.47502465790778],[-70.72791515041668,-33.47505630576202],[-70.72791505439221,-33.47505665848409],[-70.72791226502005,-33.47507509305058],[-70.7279116451928,-33.47509366797414],[-70.7279132008811,-33.4751122043682],[-70.72791691710418,-33.47513052371695],[-70.7279227580741,-33.475148449594826],[-70.72793066754029,-33.4751658093655],[-70.72794056933122,-33.475182435844495],[-70.72795236808807,-33.47519816890921],[-70.72796595018292,-33.47521285704112],[-70.72798118481305,-33.47522635878491],[-70.72799792526065,-33.47523854411082],[-70.72801601030585,-33.47524929566697],[-70.72803526577924,-33.47525850990943],[-70.72805550623934,-33.47526609809958],[-70.72807653675852,-33.47527198715856],[-70.72809815480021,-33.47527612037122],[-70.72812015216957,-33.47527845793227],[-70.72814231701857,-33.4752789773296],[-70.72827256967965,-33.47527667017317],[-70.72841389855239,-33.4753680740997],[-70.72843457340906,-33.47538152425613],[-70.72843663801791,-33.47538273618122],[-70.7284385870601,-33.4753840757785],[-70.72844183668761,-33.4753860941711],[-70.72844321810783,-33.475386867173334],[-70.72860707630362,-33.475488992810206],[-70.72860737201636,-33.47548917680108],[-70.72860910438206,-33.47549025283534],[-70.72861079881069,-33.47549120102066],[-70.72861239720633,-33.47549225985791],[-70.72861489984611,-33.475493606307985],[-70.72876529815899,-33.475598190656385],[-70.728767148695,-33.475599353879474],[-70.72876888588418,-33.47560063398996],[-70.72877601428334,-33.47560492667316],[-70.72878303639119,-33.47560934067799],[-70.72878501406873,-33.475610346293756],[-70.7287868926164,-33.4756114775445],[-70.72879448876881,-33.47561516401863],[-70.72880199333197,-33.47561897996124],[-70.72880407910476,-33.475619818284954],[-70.72880608091948,-33.47562078978142],[-70.72881407167007,-33.475623834543626],[-70.72882198641489,-33.4756270156741],[-70.7288241601957,-33.475627678632215],[-70.72882626599883,-33.475628481018276],[-70.72883457439195,-33.47563085474568],[-70.72884282309475,-33.475633370427836],[-70.72884506394874,-33.475633851635656],[-70.72884725346019,-33.47563447718388],[-70.72885579948091,-33.475636157016],[-70.72886430270181,-33.47563798302236],[-70.72886658904831,-33.475638277845604],[-70.72886884118165,-33.47563872053153],[-70.72887754252636,-33.47563969029055],[-70.72888621837448,-33.47564080903565],[-70.72888852819459,-33.475640914634994],[-70.72889082126042,-33.47564117019532],[-70.72889959413023,-33.47564142054191],[-70.72890835905152,-33.47564182125151],[-70.72891067010015,-33.47564173660992],[-70.72891298201496,-33.47564180258347],[-70.72892174192172,-33.47564133110665],[-70.72893051150471,-33.475641009921716],[-70.72893280152515,-33.47564073585439],[-70.7289351100237,-33.475640611605776],[-70.72894377260391,-33.47563942284621],[-70.72895246239244,-33.47563838285992],[-70.72895470933048,-33.47563792200628],[-70.72895699218044,-33.47563760873212],[-70.72896547400819,-33.4756357141383],[-70.72897400031438,-33.47563396536639],[-70.72897618253053,-33.475633322164704],[-70.72897841774677,-33.47563282288205],[-70.72898663713723,-33.47563024070004],[-70.72899491784729,-33.47562779998426],[-70.72899701432547,-33.47562698062901],[-70.72899918038158,-33.4756263001462],[-70.7290070581772,-33.475623055243936],[-70.7290150135429,-33.475619946089964],[-70.72901700409284,-33.47561895847199],[-70.72901908012834,-33.47561810334254],[-70.72902654046102,-33.47561422697053],[-70.72903409386781,-33.475610479321254],[-70.72903595931936,-33.47560933295192],[-70.72903792534082,-33.475608311411236],[-70.72904489636328,-33.475603840901286],[-70.72905197506742,-33.475599490848786],[-70.72905369745523,-33.47559819676835],[-70.72905553452873,-33.475597018654476],[-70.72906194910632,-33.475591997060064],[-70.72906848493567,-33.47558708649818],[-70.72907004767207,-33.4755856571694],[-70.72907173810566,-33.47558433382823],[-70.72907753446243,-33.475578809510296],[-70.72908346447336,-33.475573385730634],[-70.72908485250846,-33.47557183491878],[-70.72908638002225,-33.47557037909491],[-70.72909150233603,-33.47556440525605],[-70.72909676941957,-33.47555852049263],[-70.7290979693859,-33.47555686313288],[-70.72909931926912,-33.475555288846785],[-70.72910371820939,-33.47554892301851],[-70.72910827164083,-33.47554263394504],[-70.72910927198207,-33.47554088599877],[-70.72911043123469,-33.475539208411696],[-70.7291140644376,-33.47553251190055],[-70.72911786036512,-33.47552587908451],[-70.72911865144754,-33.47552405738544],[-70.72911960890539,-33.47552229265352],[-70.72917938832835,-33.47539600409894],[-70.72918060727724,-33.475394147409226],[-70.72918228397363,-33.47539086803081],[-70.72918419422922,-33.47538767962081],[-70.72918664793717,-33.47538233274089],[-70.72918934018227,-33.47537706709278],[-70.7291906252456,-33.47537366577872],[-70.72919215338318,-33.47537033581001],[-70.72919396989973,-33.47536481312489],[-70.72919603330573,-33.475359351686635],[-70.72919691436034,-33.47535586119349],[-70.72919804566335,-33.47535242173557],[-70.72919920749479,-33.47534677643182],[-70.72920062219036,-33.47534117180012],[-70.72920109075146,-33.475337625743286],[-70.72920181432507,-33.47533410992008],[-70.72920231028272,-33.47532839636514],[-70.72920306264396,-33.47532270251564],[-70.72920311419932,-33.47531913504561],[-70.72920342307535,-33.47531557671646],[-70.72920347349044,-33.475313781423544],[-70.72920348244614,-33.47531345018896],[-70.72920896178276,-33.475102648240494],[-70.7292252917623,-33.47485591873197],[-70.72930097627811,-33.47464317255438],[-70.72937525653109,-33.47461074288415],[-70.72965478090458,-33.47453414448632],[-70.72965620680084,-33.47453368770183],[-70.72965767368616,-33.474533333615746],[-70.7300001980245,-33.47443516132328],[-70.73002715799139,-33.474427426796495],[-70.73036771115045,-33.47434334453103]],[[-70.72948575871226,-33.47390681564451],[-70.72938203294731,-33.47393571158898],[-70.72943404949524,-33.473881706367074],[-70.72945285266559,-33.4738857621899],[-70.72948575871226,-33.47390681564451]],[[-70.73017122514251,-33.47398014526339],[-70.7301583119759,-33.47396503948097],[-70.73014369423906,-33.47395106716225],[-70.73012751270896,-33.47393836286768],[-70.73010992322241,-33.473927048946],[-70.7300910951754,-33.473917234355966],[-70.73007120989162,-33.47390901361689],[-70.73005045887632,-33.47390246589858],[-70.7300290419721,-33.4738976542588],[-70.73002103864827,-33.473896546046845],[-70.73002214097706,-33.47388104176323],[-70.73002224539083,-33.47387967585671],[-70.73002224738711,-33.47387956349462],[-70.73002226235754,-33.47387945182261],[-70.73002241243334,-33.47387027370444],[-70.7300225754928,-33.47386109574193],[-70.73002256433774,-33.47386098375692],[-70.73002256617504,-33.47386087139294],[-70.73002164206737,-33.47385172514238],[-70.73002073089923,-33.473842577979816],[-70.73002070670026,-33.47384246745033],[-70.73002069538678,-33.4738423554765],[-70.730018705996,-33.47383332917683],[-70.73001672937593,-33.47382430090631],[-70.7300166923661,-33.47382419289687],[-70.73001666801082,-33.47382408239155],[-70.73001640833358,-33.473823327922176],[-70.73011625931487,-33.47388833366392],[-70.73011695182896,-33.47388874047252],[-70.7301175975308,-33.4738891981736],[-70.73025364760619,-33.47397641090801],[-70.73023778624257,-33.47398062468967],[-70.73018118082152,-33.47399460042484],[-70.73017122514251,-33.47398014526339]],[[-70.72847743175429,-33.47433941797497],[-70.72851599848062,-33.47436594740859],[-70.72848906592452,-33.47440018680151],[-70.72848756186788,-33.47440162063954],[-70.72841807286161,-33.474361216417265],[-70.72816275949184,-33.47419907441953],[-70.72820494691592,-33.47416097665386],[-70.72822686306341,-33.474176316666956],[-70.7282301052376,-33.474178368333135],[-70.72823318396269,-33.4741805815866],[-70.72847743175429,-33.47433941797497]],[[-70.72837002370484,-33.47479420798217],[-70.72837937424588,-33.47479964375038],[-70.72844466981759,-33.474853704526986],[-70.72844434150514,-33.4749107735345],[-70.72807738760214,-33.47468683831961],[-70.72806950415968,-33.474681242310695],[-70.72806856842581,-33.47468064160699],[-70.7280676991112,-33.47467997448988],[-70.72806348263761,-33.47467732566746],[-70.72805943459953,-33.474674498318016],[-70.72803030947327,-33.47465610794751],[-70.72802982761974,-33.47465583368236],[-70.72802937824964,-33.474655523092665],[-70.72802231130986,-33.47465110847293],[-70.72805964756976,-33.474608751348164],[-70.72814891687293,-33.47466544360905],[-70.72815282747992,-33.47466768275439],[-70.72815658164484,-33.4746701026532],[-70.72837002370484,-33.47479420798217]]]}},{"type":"Feature","properties":{"numpos":"99374","TIPO":"TRAFO","TENSION":"MT","INCIDENCIA":"DF202671831901","CLITOTAL":"1","CANTAVISOS":"","FECHA_INICIO":"10-10-2026 18:45","FECHA_FIN":"","DESCARGO":"","ESTADODESC":" ","ESTADOINC":"Asignado","CLI_PLAN":"0","FECHA_INIDESC":"","FECHA_FINDESC":"","FECHA_REPOSICION":"10-10-2026 20:26","id_alim":"2834"},"geometry":{"type":"Polygon","coordinates":[[[-70.79912632647665,-33.3631947953466],[-70.7991042307842,-33.36319602753936],[-70.79908238541749,-33.36319907114137],[-70.79906100075807,-33.36320389684133],[-70.7990402827507,-33.36321045816544],[-70.79902043092014,-33.36321869192497],[-70.79900163644957,-33.36322851882477],[-70.79898408033947,-33.36323984422698],[-70.79896793166445,-33.36325255906236],[-70.79895334594505,-33.36326654088065],[-70.79894046365,-33.36328165502985],[-70.79892940884328,-33.363297755953],[-70.7989202879895,-33.36331468858984],[-70.79891318892841,-33.363332289870236],[-70.79890818002899,-33.36335039028457],[-70.79890530953092,-33.36336881551614],[-70.79890460508005,-33.36338738811999],[-70.79890607346196,-33.36340592923181],[-70.79890970053675,-33.3634242602904],[-70.79891545137494,-33.36344220475744],[-70.79892327059403,-33.36345958981758],[-70.79893308289162,-33.36347624804277],[-70.79894479377073,-33.36349201900472],[-70.79895829044976,-33.363506750819866],[-70.79897344294864,-33.36352030161228],[-70.7989901053405,-33.36353254087981],[-70.79900811715717,-33.363543350751065],[-70.79902730493457,-33.36355262712054],[-70.79904748388311,-33.36356028065127],[-70.79906845966755,-33.3635662376352],[-70.79909003027849,-33.363570440702944],[-70.79911198797791,-33.36357284937647],[-70.79913412129977,-33.363573440458865],[-70.79914486507401,-33.36357328472305],[-70.79916696086069,-33.36357205251994],[-70.7991888063164,-33.36356900890018],[-70.79921019105613,-33.3635641831757],[-70.79923090913199,-33.36355762182119],[-70.79925076101661,-33.3635493880265],[-70.79926955552466,-33.36353956108807],[-70.79928711165421,-33.3635282356452],[-70.79930326032985,-33.36351552076867],[-70.79931784603093,-33.36350153891026],[-70.79933072828948,-33.36348642472348],[-70.79934178304273,-33.363470323766734],[-70.79935090382814,-33.3634533911015],[-70.79935800280853,-33.363435789799006],[-70.79936301161796,-33.363417689369726],[-70.79936588202008,-33.3633992641309],[-70.79936658637276,-33.36338069152774],[-70.79936511789403,-33.36336215042457],[-70.79936149072753,-33.36334381938223],[-70.79935573980615,-33.36332587493845],[-70.79934792051553,-33.36330848990768],[-70.79933810816078,-33.3632918317169],[-70.79932639724097,-33.36327606079309],[-70.79931290053928,-33.36326132901833],[-70.79929774803657,-33.3632477782671],[-70.79928108565979,-33.363235539039984],[-70.79926307387649,-33.36322472920684],[-70.79924388614948,-33.36321545287178],[-70.79922370726635,-33.36320779937048],[-70.7992027315598,-33.363201842409964],[-70.79918116103622,-33.363197639358724],[-70.79915920343028,-33.36319523069417],[-70.7991370702044,-33.36319463961303],[-70.79912632647665,-33.3631947953466]]]}},{"type":"Feature","properties":{"numpos":"99374","TIPO":"TRAFO","TENSION":"MT","INCIDENCIA":"DF202671831901","CLITOTAL":"1","CANTAVISOS":"","FECHA_INICIO":"10-10-2026 18:45","FECHA_FIN":"","DESCARGO":"","ESTADODESC":" ","ESTADOINC":"Asignado","CLI_PLAN":"0","FECHA_INIDESC":"","FECHA_FINDESC":"","FECHA_REPOSICION":"10-10-2026 20:26","id_alim":"2834"},"geometry":{"type":"Polygon","coordinates":[[[-70.79912632647665,-33.3631947953466],[-70.7991042307842,-33.36319602753936],[-70.79908238541749,-33.36319907114137],[-70.79906100075807,-33.36320389684133],[-70.7990402827507,-33.36321045816544],[-70.79902043092014,-33.36321869192497],[-70.79900163644957,-33.36322851882477],[-70.79898408033947,-33.36323984422698],[-70.79896793166445,-33.36325255906236],[-70.79895334594505,-33.36326654088065],[-70.79894046365,-33.36328165502985],[-70.79892940884328,-33.363297755953],[-70.7989202879895,-33.36331468858984],[-70.79891318892841,-33.363332289870236],[-70.79890818002899,-33.36335039028457],[-70.79890530953092,-33.36336881551614],[-70.79890460508005,-33.36338738811999],[-70.79890607346196,-33.36340592923181],[-70.79890970053675,-33.3634242602904],[-70.79891545137494,-33.36344220475744],[-70.79892327059403,-33.36345958981758],[-70.79893308289162,-33.36347624804277],[-70.79894479377073,-33.36349201900472],[-70.79895829044976,-33.363506750819866],[-70.79897344294864,-33.36352030161228],[-70.7989901053405,-33.36353254087981],[-70.79900811715717,-33.363543350751065],[-70.79902730493457,-33.36355262712054],[-70.79904748388311,-33.36356028065127],[-70.79906845966755,-33.3635662376352],[-70.79909003027849,-33.363570440702944],[-70.79911198797791,-33.36357284937647],[-70.79913412129977,-33.363573440458865],[-70.79914486507401,-33.36357328472305],[-70.79916696086069,-33.36357205251994],[-70.7991888063164,-33.36356900890018],[-70.79921019105613,-33.3635641831757],[-70.79923090913199,-33.36355762182119],[-70.79925076101661,-33.3635493880265],[-70.79926955552466,-33.36353956108807],[-70.79928711165421,-33.3635282356452],[-70.79930326032985,-33.36351552076867],[-70.79931784603093,-33.36350153891026],[-70.79933072828948,-33.36348642472348],[-70.79934178304273,-33.363470323766734],[-70.79935090382814,-33.3634533911015],[-70.79935800280853,-33.363435789799006],[-70.79936301161796,-33.363417689369726],[-70.79936588202008,-33.3633992641309],[-70.79936658637276,-33.36338069152774],[-70.79936511789403,-33.36336215042457],[-70.79936149072753,-33.36334381938223],[-70.79935573980615,-33.36332587493845],[-70.79934792051553,-33.36330848990768],[-70.79933810816078,-33.3632918317169],[-70.79932639724097,-33.36327606079309],[-70.79931290053928,-33.36326132901833],[-70.79929774803657,-33.3632477782671],[-70.79928108565979,-33.363235539039984],[-70.79926307387649,-33.36322472920684],[-70.79924388614948,-33.36321545287178],[-70.79922370726635,-33.36320779937048],[-70.7992027315598,-33.363201842409964],[-70.79918116103622,-33.363197639358724],[-70.79915920343028,-33.36319523069417],[-70.7991370702044,-33.36319463961303],[-70.79912632647665,-33.3631947953466]]]}},{"type":"Feature","properties":{"numpos":"99374","TIPO":"TRAFO","TENSION":"MT","INCIDENCIA":"DF202671831901","CLITOTAL":"1","CANTAVISOS":"","FECHA_INICIO":"10-10-2026 18:45","FECHA_FIN":"","DESCARGO":"","ESTADODESC":" ","ESTADOINC":"Asignado","CLI_PLAN":"0","FECHA_INIDESC":"","FECHA_FINDESC":"","FECHA_REPOSICION":"10-10-2026 20:26","id_alim":"2834"},"geometry":{"type":"Polygon","coordinates":[[[-70.79912632647665,-33.3631947953466],[-70.7991042307842,-33.36319602753936],[-70.79908238541749,-33.36319907114137],[-70.79906100075807,-33.36320389684133],[-70.7990402827507,-33.36321045816544],[-70.79902043092014,-33.36321869192497],[-70.79900163644957,-33.36322851882477],[-70.79898408033947,-33.36323984422698],[-70.79896793166445,-33.36325255906236],[-70.79895334594505,-33.36326654088065],[-70.79894046365,-33.36328165502985],[-70.79892940884328,-33.363297755953],[-70.7989202879895,-33.36331468858984],[-70.79891318892841,-33.363332289870236],[-70.79890818002899,-33.36335039028457],[-70.79890530953092,-33.36336881551614],[-70.79890460508005,-33.36338738811999],[-70.79890607346196,-33.36340592923181],[-70.79890970053675,-33.3634242602904],[-70.79891545137494,-33.36344220475744],[-70.79892327059403,-33.36345958981758],[-70.79893308289162,-33.36347624804277],[-70.79894479377073,-33.36349201900472],[-70.79895829044976,-33.363506750819866],[-70.79897344294864,-33.36352030161228],[-70.7989901053405,-33.36353254087981],[-70.79900811715717,-33.363543350751065],[-70.79902730493457,-33.36355262712054],[-70.79904748388311,-33.36356028065127],[-70.79906845966755,-33.3635662376352],[-70.79909003027849,-33.363570440702944],[-70.79911198797791,-33.36357284937647],[-70.79913412129977,-33.363573440458865],[-70.79914486507401,-33.36357328472305],[-70.79916696086069,-33.36357205251994],[-70.7991888063164,-33.36356900890018],[-70.79921019105613,-33.3635641831757],[-70.79923090913199,-33.36355762182119],[-70.79925076101661,-33.3635493880265],[-70.79926955552466,-33.36353956108807],[-70.79928711165421,-33.3635282356452],[-70.79930326032985,-33.36351552076867],[-70.79931784603093,-33.36350153891026],[-70.79933072828948,-33.36348642472348],[-70.79934178304273,-33.363470323766734],[-70.79935090382814,-33.3634533911015],[-70.79935800280853,-33.363435789799006],[-70.79936301161796,-33.363417689369726],[-70.79936588202008,-33.3633992641309],[-70.79936658637276,-33.36338069152774],[-70.79936511789403,-33.36336215042457],[-70.79936149072753,-33.36334381938223],[-70.79935573980615,-33.36332587493845],[-70.79934792051553,-33.36330848990768],[-70.79933810816078,-33.3632918317169],[-70.79932639724097,-33.36327606079309],[-70.79931290053928,-33.36326132901833],[-70.79929774803657,-33.3632477782671],[-70.79928108565979,-33.363235539039984],[-70.79926307387649,-33.36322472920684],[-70.79924388614948,-33.36321545287178],[-70.79922370726635,-33.36320779937048],[-70.7992027315598,-33.363201842409964],[-70.79918116103622,-33.363197639358724],[-70.79915920343028,-33.36319523069417],[-70.7991370702044,-33.36319463961303],[-70.79912632647665,-33.3631947953466]]]}},{"type":"Feature","properties":{"numpos":"99374","TIPO":"TRAFO","TENSION":"MT","INCIDENCIA":"DF202671831901","CLITOTAL":"1","CANTAVISOS":"","FECHA_INICIO":"10-10-2026 18:45","FECHA_FIN":"","DESCARGO":"","ESTADODESC":" ","ESTADOINC":"Asignado","CLI_PLAN":"0","FECHA_INIDESC":"","FECHA_FINDESC":"","FECHA_REPOSICION":"10-10-2026 20:26","id_alim":"2834"},"geometry":{"type":"Polygon","coordinates":[[[-70.79912632647665,-33.3631947953466],[-70.7991042307842,-33.36319602753936],[-70.79908238541749,-33.36319907114137],[-70.79906100075807,-33.36320389684133],[-70.7990402827507,-33.36321045816544],[-70.79902043092014,-33.36321869192497],[-70.79900163644957,-33.36322851882477],[-70.79898408033947,-33.36323984422698],[-70.79896793166445,-33.36325255906236],[-70.79895334594505,-33.36326654088065],[-70.79894046365,-33.36328165502985],[-70.79892940884328,-33.363297755953],[-70.7989202879895,-33.36331468858984],[-70.79891318892841,-33.363332289870236],[-70.79890818002899,-33.36335039028457],[-70.79890530953092,-33.36336881551614],[-70.79890460508005,-33.36338738811999],[-70.79890607346196,-33.36340592923181],[-70.79890970053675,-33.3634242602904],[-70.79891545137494,-33.36344220475744],[-70.79892327059403,-33.36345958981758],[-70.79893308289162,-33.36347624804277],[-70.79894479377073,-33.36349201900472],[-70.79895829044976,-33.363506750819866],[-70.79897344294864,-33.36352030161228],[-70.7989901053405,-33.36353254087981],[-70.79900811715717,-33.363543350751065],[-70.79902730493457,-33.36355262712054],[-70.79904748388311,-33.36356028065127],[-70.79906845966755,-33.3635662376352],[-70.79909003027849,-33.363570440702944],[-70.79911198797791,-33.36357284937647],[-70.79913412129977,-33.363573440458865],[-70.79914486507401,-33.36357328472305],[-70.79916696086069,-33.36357205251994],[-70.7991888063164,-33.36356900890018],[-70.79921019105613,-33.3635641831757],[-70.79923090913199,-33.36355762182119],[-70.79925076101661,-33.3635493880265],[-70.79926955552466,-33.36353956108807],[-70.79928711165421,-33.3635282356452],[-70.79930326032985,-33.36351552076867],[-70.79931784603093,-33.36350153891026],[-70.79933072828948,-33.36348642472348],[-70.79934178304273,-33.363470323766734],[-70.79935090382814,-33.3634533911015],[-70.79935800280853,-33.363435789799006],[-70.79936301161796,-33.363417689369726],[-70.79936588202008,-33.3633992641309],[-70.79936658637276,-33.36338069152774],[-70.79936511789403,-33.36336215042457],[-70.79936149072753,-33.36334381938223],[-70.79935573980615,-33.36332587493845],[-70.79934792051553,-33.36330848990768],[-70.79933810816078,-33.3632918317169],[-70.79932639724097,-33.36327606079309],[-70.79931290053928,-33.36326132901833],[-70.79929774803657,-33.3632477782671],[-70.79928108565979,-33.363235539039984],[-70.79926307387649,-33.36322472920684],[-70.79924388614948,-33.36321545287178],[-70.79922370726635,-33.36320779937048],[-70.7992027315598,-33.363201842409964],[-70.79918116103622,-33.363197639358724],[-70.79915920343028,-33.36319523069417],[-70.7991370702044,-33.36319463961303],[-70.79912632647665,-33.3631947953466]]]}},{"type":"Feature","properties":{"numpos":"4027","TIPO":"DESCARGO","TENSION":"MT","INCIDENCIA":"DF202671819680","CLITOTAL":"380","CANTAVISOS":"","FECHA_INICIO":"","FECHA_FIN":"","DESCARGO":"DF202671819680(TP20267213818169)","ESTADODESC":"789","ESTADOINC":" ","CLI_PLAN":"1","FECHA_INIDESC":"13-10-2026 10:30","FECHA_FINDESC":"13-10-2026 14:30","FECHA_REPOSICION":"13-10-2026 14:30","id_alim":"3117"},"geometry":{"type":"Polygon","coordinates":[[[-70.66100111339541,-33.42688530615623],[-70.66102172850856,-33.42687848587141],[-70.66104144709468,-33.42687000410823],[-70.66106007925228,-33.42685994255126],[-70.66107744554299,-33.42684839809927],[-70.6610933787196,-33.42683548193225],[-70.661107725337,-33.4268213184405],[-70.66112034722964,-33.426806044026755],[-70.66113112284235,-33.42678980579249],[-70.66113994840086,-33.42677276012125],[-70.66114673891119,-33.42675507117257],[-70.66115142897816,-33.42673690930095],[-70.66115397343518,-33.42671844941536],[-70.66115434777905,-33.426699869294694],[-70.66115254840606,-33.42668134787565],[-70.66114859264653,-33.42666306352943],[-70.6611425185978,-33.42664519234413],[-70.66113438475746,-33.426627906428614],[-70.66112426945983,-33.42661137225532],[-70.6611122701215,-33.42659574905689],[-70.66109850230322,-33.42658118729268],[-70.66108309859683,-33.42656782719993],[-70.66106620734847,-33.42655579744302],[-70.66104799122981,-33.42654521387456],[-70.66102862567149,-33.42653617841954],[-70.66100829717365,-33.42652877809388],[-70.66098720150987,-33.42652308416642],[-70.66022211945052,-33.42635081858639],[-70.66021920704536,-33.42635028976814],[-70.66021634546424,-33.426349586670405],[-70.6602083785319,-33.42634832358657],[-70.6602004598542,-33.426346885756224],[-70.66019749982199,-33.4263465988663],[-70.66019456967724,-33.42634613431838],[-70.66018091300802,-33.426344546490654],[-70.66009229796104,-33.42632059093871],[-70.66008063562302,-33.42631772635798],[-70.66008063281231,-33.42631772561046],[-70.66008063272493,-33.42631772559112],[-70.66008063263524,-33.42631772557128],[-70.6595140836328,-33.42619234304108],[-70.6594950069084,-33.42618545782032],[-70.65947389015959,-33.42617981929929],[-70.65927552871194,-33.42613571449536],[-70.65957730288444,-33.42508077681908],[-70.65958140833378,-33.425062515685084],[-70.65958335942682,-33.42504400505722],[-70.6595831373748,-33.42502542320301],[-70.65958074431764,-33.42500694907585],[-70.65957620330309,-33.42498876059148],[-70.65956955806486,-33.42497103291471],[-70.65956087260136,-33.42495393677237],[-70.65955023055922,-33.42493763680921],[-70.65953773442789,-33.424922290002314],[-70.65952350455234,-33.42490804414924],[-70.6595076779743,-33.42489503644478],[-70.6595049399853,-33.424893190450184],[-70.65950590202877,-33.42488941994402],[-70.65950639137041,-33.42488690428228],[-70.65950668448899,-33.42488568256889],[-70.65960301115351,-33.424549823117694],[-70.65960306851753,-33.424549658907786],[-70.65960458437988,-33.424544370190006],[-70.65960468071786,-33.4245439427317],[-70.65960482427163,-33.42454352469288],[-70.65970378848434,-33.4241911350716],[-70.65970428166507,-33.42418889036147],[-70.65979643776606,-33.423865201016575],[-70.65979688062664,-33.42386381271492],[-70.65979722802135,-33.423862461144864],[-70.65979770598254,-33.423861146477094],[-70.65979778778038,-33.423860804126576],[-70.65979859690239,-33.42385844772171],[-70.65986866146257,-33.42360894081216],[-70.65992333097415,-33.42341551597857],[-70.65992737739238,-33.423397245592255],[-70.6599292686984,-33.42337873060197],[-70.65992898667929,-33.42336014931722],[-70.65992653405236,-33.423341680685894],[-70.6599219344392,-33.42332350257084],[-70.65991523213775,-33.42330579003696],[-70.65990649169598,-33.42328871366528],[-70.65989579729003,-33.423272437910164],[-70.6598832519136,-33.423257119515476],[-70.65986897638592,-33.42324290600524],[-70.65985310818833,-33.42322993426272],[-70.65983580014019,-33.42321832921236],[-70.65981721892709,-33.423208202616536],[-70.65979754349564,-33.42319965199942],[-70.6597769633302,-33.42319275970768],[-70.65975567662795,-33.42318759211751],[-70.65973388839029,-33.42318419899533],[-70.65971180844852,-33.42318261301859],[-70.6596896494432,-33.4231828494611],[-70.65966762477628,-33.4231849060458],[-70.65964594655598,-33.423188762966866],[-70.6596248235542,-33.42319438308029],[-70.65960445919588,-33.42320171226166],[-70.65958504959997,-33.423210679927415],[-70.65956678169084,-33.42322119971452],[-70.65954983139801,-33.423233170312244],[-70.65953436196182,-33.42324647643777],[-70.65952052236149,-33.42326098994638],[-70.65950844588033,-33.423276571065614],[-70.65949824882205,-33.42329306974128],[-70.65949002939072,-33.42331032708253],[-70.65948386674502,-33.42332817689214],[-70.65942915847475,-33.42352173537501],[-70.65942912849376,-33.423521870741475],[-70.65942908306324,-33.42352200304736],[-70.65941981865468,-33.42355499401392],[-70.65932269233907,-33.42352190998652],[-70.65932268976042,-33.4235219092295],[-70.65932268728271,-33.42352190826424],[-70.65931223168616,-33.423518838990184],[-70.65930177627662,-33.42351576953207],[-70.65930177362199,-33.42351576899065],[-70.6593017710433,-33.423515768233656],[-70.6592971936056,-33.42351463260871],[-70.65928849413494,-33.42351285849996],[-70.65927981594201,-33.42351094335678],[-70.65927776307316,-33.42351057959096],[-70.65910566988514,-33.423474886698],[-70.65910136207326,-33.42347417929063],[-70.65909809809129,-33.423473515307975],[-70.65909594831103,-33.423473059917754],[-70.65909571466146,-33.423473030453515],[-70.6588087942016,-33.42341466264846],[-70.65880811749841,-33.423414554156594],[-70.65880745555853,-33.42341439394829],[-70.65858044878647,-33.42336944054376],[-70.65862417294255,-33.42321280382121],[-70.65871596360964,-33.42288894782949],[-70.65872002370737,-33.42287067957151],[-70.65872192888887,-33.42285216557288],[-70.65872166080756,-33.42283358413362],[-70.65871922204661,-33.42281511420312],[-70.65871463609395,-33.42279693365666],[-70.65870794711606,-33.422779217582665],[-70.65869921953254,-33.42276213659619],[-70.65868853739573,-33.422745855196034],[-70.65867600358114,-33.42273053018048],[-70.6586617387967,-33.42271630913724],[-70.65864588042027,-33.4227033290222],[-70.6586285811766,-33.42269171484038],[-70.65861000766651,-33.42268157844214],[-70.65859033876248,-33.42267301744604],[-70.65856976388591,-33.422666114298664],[-70.65854848118313,-33.422660935480785],[-70.65852669561698,-33.42265753086698],[-70.65850461699304,-33.42265593324534],[-70.65848245793919,-33.42265615800179],[-70.65846043185782,-33.42265820297187],[-70.65843875087081,-33.42266204846156],[-70.65841762377667,-33.42266765743698],[-70.65839725403977,-33.42267497588096],[-70.65837783783088,-33.42268393331336],[-70.65835956213802,-33.4226944434697],[-70.65834260296566,-33.42270640513196],[-70.65832712363965,-33.42271970310342],[-70.65831327323454,-33.42273420931787],[-70.65830118513759,-33.4227497840731],[-70.6582909757644,-33.42276627737619],[-70.65828274343768,-33.422783530388095],[-70.65827656744025,-33.422801376953245],[-70.6581846754931,-33.42312558446573],[-70.65818460463954,-33.42312590325889],[-70.65818449905234,-33.42312621229772],[-70.65807384910654,-33.42352259464922],[-70.65807345949077,-33.42352439264899],[-70.65807284360979,-33.423526352119175],[-70.65803093969049,-33.42369115234159],[-70.657958509315,-33.4239223234041],[-70.65795767949622,-33.423925623042706],[-70.6579566068968,-33.42392886731319],[-70.6579566051882,-33.423928875547865],[-70.65795660140179,-33.42392888700528],[-70.65795504195057,-33.42393470069911],[-70.65795504195057,-33.42393470069913],[-70.65792017971164,-33.42406466824205],[-70.65787632963888,-33.42420783896121],[-70.6578758620616,-33.42420975051489],[-70.65787521921396,-33.424211625932095],[-70.65781915596652,-33.42441168549414],[-70.65781907915395,-33.42441170415973],[-70.65781318117475,-33.42441283385372],[-70.6578071926674,-33.42441412435329],[-70.65757497165626,-33.42436810806252],[-70.65757497165595,-33.42436810806247],[-70.65757497165576,-33.42436810806241],[-70.65747321128629,-33.42434794334785],[-70.65669269066568,-33.424189042617016],[-70.65667092460556,-33.424185549642296],[-70.6566488550581,-33.42418386245023],[-70.65662669456374,-33.424183997289305],[-70.6566046565388,-33.424185952861016],[-70.65658295322014,-33.42418971033231],[-70.65656179362132,-33.42419523351693],[-70.65654138151977,-33.42420246922399],[-70.65652191349422,-33.42421134777006],[-70.6565035770317,-33.42422178365045],[-70.6564865487219,-33.42423367636243],[-70.65647099255656,-33.42424691137327],[-70.65645705835014,-33.42426136122314],[-70.65644488029699,-33.424276886752644],[-70.656434575679,-33.424293338442965],[-70.65642624373612,-33.424310557855804],[-70.65641996471054,-33.42432837915911],[-70.6564157990739,-33.424346630724294],[-70.65641378694487,-33.424365136778995],[-70.65641393297985,-33.424382017255546],[-70.65640935214861,-33.42438947216548],[-70.65640118151651,-33.42440674584575],[-70.65639506937059,-33.42442460789622],[-70.65639107457532,-33.424442886295864],[-70.65638923560412,-33.42446140501389],[-70.65638957016863,-33.42447998570496],[-70.65639207504817,-33.42449844942687],[-70.65639672612076,-33.4245166183637],[-70.65640347859527,-33.42453431753836],[-70.65641226744278,-33.42455137649783],[-70.65642300802277,-33.424567630954535],[-70.65643559689833,-33.42458292436868],[-70.65644991283214,-33.42459710945579],[-70.65646581795413,-33.424610049605185],[-70.65648315908916,-33.42462162019558],[-70.65650176923234,-33.42463170979529],[-70.65652146915716,-33.424640221235514],[-70.65654206914178,-33.42464707254596],[-70.65656337079606,-33.4246521977444],[-70.65656337082501,-33.4246521977501],[-70.65656337082501,-33.4246521977501],[-70.65656338730926,-33.424652200991474],[-70.65744383848758,-33.424825324824184],[-70.65744327772437,-33.42482906270676],[-70.65744268021639,-33.42484763875292],[-70.65744425697771,-33.42486617445945],[-70.65744799282457,-33.42488449131726],[-70.65745385178003,-33.42490241292477],[-70.65746177742031,-33.424919766686784],[-70.65747169341816,-33.424936385476656],[-70.65748350427789,-33.424952109245886],[-70.65749709625503,-33.424966786565385],[-70.65751233845165,-33.424980276084085],[-70.65752908407714,-33.4249924478899],[-70.65754717186174,-33.42500318476111],[-70.65755500026303,-33.4250069244148],[-70.65755473996249,-33.425007933215525],[-70.6574271340017,-33.42545039130045],[-70.65731606695176,-33.425826952074246],[-70.65731180824072,-33.42584518853155],[-70.65730970175659,-33.42586368719483],[-70.6573097677873,-33.42588226991191],[-70.65731200569837,-33.42590075772103],[-70.65731639393881,-33.42591897257433],[-70.65732289024874,-33.42593673905254],[-70.65733143206623,-33.42595388605443],[-70.65734193712989,-33.425970248444536],[-70.65735430427088,-33.42598566864362],[-70.65736841438739,-33.42599999814615],[-70.65738413159148,-33.426013098950634],[-70.65740130451785,-33.42602484488861],[-70.65741976778148,-33.4260351228397],[-70.65743934357043,-33.4260438338211],[-70.6574598433584,-33.42605089394086],[-70.65748106972016,-33.426056235205785],[-70.65748572378902,-33.42605699937529],[-70.65748743950277,-33.42605989921447],[-70.65748894066216,-33.42606191271447],[-70.6574902598931,-33.42606400889669],[-70.65749223453942,-33.42606651557957],[-70.65749400933497,-33.42606913102067],[-70.65749670874725,-33.42607233201881],[-70.65749918716647,-33.42607565631281],[-70.65750091664509,-33.426077536936106],[-70.65750247440154,-33.4260795144041],[-70.65750473235497,-33.426081846515245],[-70.65750680450553,-33.42608430369741],[-70.65750986509686,-33.42608726741985],[-70.6575127201718,-33.42609037200771],[-70.65751466134148,-33.42609210159634],[-70.6575164425944,-33.42609394135003],[-70.65751896208289,-33.426096076481166],[-70.65752131165883,-33.42609835169131],[-70.65752470395407,-33.426101049595694],[-70.65752790818884,-33.42610390457838],[-70.65753004237129,-33.426105466428496],[-70.65753202995063,-33.42610715079454],[-70.65753478669599,-33.42610906843437],[-70.65753739108318,-33.42611113971193],[-70.65754108241268,-33.42611354581586],[-70.65754460494877,-33.4261161236982],[-70.6575469115955,-33.42611750272286],[-70.65754908635537,-33.42611901552288],[-70.65755205380667,-33.42612069725243],[-70.65755488792483,-33.42612254460312],[-70.65755884273906,-33.426124635734396],[-70.65756264965239,-33.42612691168981],[-70.65756510654315,-33.42612809456597],[-70.65756744754586,-33.426129421270666],[-70.65757059713452,-33.42613085093876],[-70.65757363367923,-33.42613245652895],[-70.657577813891,-33.42613421254872],[-70.65758186851882,-33.426136164658445],[-70.65758445197679,-33.4261371399571],[-70.65758693669319,-33.42613826782439],[-70.65759023810696,-33.426139431701394],[-70.6575934478139,-33.426140780031695],[-70.65759781316524,-33.42614218402839],[-70.65760207645917,-33.42614379349244],[-70.65760476158013,-33.42614455179022],[-70.65760736610544,-33.42614546998637],[-70.65761078757852,-33.426146356894854],[-70.65761413950699,-33.42614743495101],[-70.6576506593383,-33.42615748675821],[-70.65767202926818,-33.426162408987004],[-70.65767834812878,-33.426163317992774],[-70.65768329401641,-33.42616470970809],[-70.65768331772186,-33.42616471530966],[-70.657683320813,-33.42616471617914],[-70.65768457043474,-33.42616501132468],[-70.65814645024432,-33.42627415212719],[-70.65815920743383,-33.42628154983716],[-70.65817858265079,-33.426290570675484],[-70.658198919056,-33.42629795564953],[-70.65822002079778,-33.42630363363758],[-70.65837801701865,-33.42633907940381],[-70.65837892180186,-33.42633976308149],[-70.65839675986818,-33.42635079009557],[-70.658415801036,-33.426360297922855],[-70.65843586192779,-33.42636819499728],[-70.65845674934526,-33.42637440526528],[-70.65847826213003,-33.42637886891825],[-70.65850019310098,-33.42638154296856],[-70.65852233104958,-33.426382401663496],[-70.65854446277382,-33.42638143673338],[-70.65855945334663,-33.42637953539876],[-70.65861900861928,-33.42639229121776],[-70.65860317698483,-33.4264507539692],[-70.65860276561487,-33.426452714091454],[-70.65860220563559,-33.42645453828065],[-70.6586003807,-33.42646197835769],[-70.65852668158921,-33.42672375878621],[-70.65852265437303,-33.426742032179284],[-70.65852078260897,-33.426760548570684],[-70.6585210843245,-33.42677912963752],[-70.65852355661532,-33.426797596433836],[-70.65852817567325,-33.42681577111418],[-70.6585348970155,-33.426833478646174],[-70.65854365591298,-33.4268505484962],[-70.65855436801358,-33.42686681627185],[-70.65856693015466,-33.42688212530505],[-70.65858122135639,-33.42689632816087],[-70.65859710398684,-33.426909288057495],[-70.65861442508749,-33.42692088018345],[-70.65863301784634,-33.42693099289966],[-70.65865270320437,-33.42693952881469],[-70.65867329157993,-33.42694640572251],[-70.6586945846947,-33.42695155739442],[-70.65871637748313,-33.42695493421669],[-70.65873846006748,-33.42695650366854],[-70.65876061977897,-33.42695625063525],[-70.65878264320611,-33.42695417755368],[-70.6588043182499,-33.42695030438894],[-70.6588254361666,-33.426944668442005],[-70.658845793578,-33.42693732399047],[-70.65886519443019,-33.42692834176588],[-70.65888345188166,-33.42691780827244],[-70.65890039010274,-33.42690582495404],[-70.65891584596893,-33.426892507217154],[-70.65892967063186,-33.42687798331942],[-70.6589417309528,-33.426862393134485],[-70.65895191078494,-33.42684588680484],[-70.6589601120917,-33.426828623295904],[-70.65896625589112,-33.42681076886507],[-70.65904072504276,-33.42654624845272],[-70.65904132656284,-33.4265435189897],[-70.65904213380021,-33.42654088928859],[-70.65904418440401,-33.42653252901134],[-70.65905759573116,-33.42648300299448],[-70.65982011235928,-33.42665175635334],[-70.65995949687638,-33.42668260316331],[-70.66006108241022,-33.42671006504666],[-70.66006935889457,-33.42671193194169],[-70.66007758378117,-33.42671395281789],[-70.66008005480928,-33.42671434457743],[-70.66008248328404,-33.426714892358845],[-70.66009093814547,-33.42671607003299],[-70.66009935965697,-33.42671740518756],[-70.66011858733582,-33.42671964074322],[-70.66087007238451,-33.426888844715265],[-70.66089173214166,-33.426892777422985],[-70.66091374731539,-33.42689491101587],[-70.66093590588619,-33.42689522494615],[-70.66095799445355,-33.426893716190506],[-70.66097980029109,-33.42689039927923],[-70.66100111339541,-33.42688530615623]],[[-70.65895459810798,-33.425133756372546],[-70.65871082528712,-33.42601261851823],[-70.65866917977017,-33.426002562153],[-70.65865947076834,-33.426000412483674],[-70.65864393849658,-33.42599728150916],[-70.65859648165664,-33.42598744283366],[-70.65858968016897,-33.425986373805834],[-70.65853509067117,-33.42597247690451],[-70.65853071234469,-33.425971402686436],[-70.65844010021455,-33.425950001771064],[-70.65793266997939,-33.425829597017454],[-70.65816609989989,-33.42497166515049],[-70.65895459810798,-33.425133756372546]]]}},{"type":"Feature","properties":{"numpos":"18586","TIPO":"DESCARGO","TENSION":"MT","INCIDENCIA":"DF202671824634","CLITOTAL":"18","CANTAVISOS":"","FECHA_INICIO":"","FECHA_FIN":"","DESCARGO":"DF202671824634(TP20267213817810)","ESTADODESC":"789","ESTADOINC":" ","CLI_PLAN":"1","FECHA_INIDESC":"13-10-2026 09:30","FECHA_FINDESC":"13-10-2026 17:30","FECHA_REPOSICION":"13-10-2026 17:30","id_alim":"3312"},"geometry":{"type":"Polygon","coordinates":[[[-70.77786060824448,-33.5335604463051],[-70.77802938744344,-33.533351084610715],[-70.77802938744348,-33.533351084610665],[-70.77803915215021,-33.53333897197028],[-70.7780440120631,-33.5333322547501],[-70.77804899328014,-33.53332560014336],[-70.77804975921207,-33.533324311218315],[-70.77805065007522,-33.5333230798947],[-70.7780547004021,-33.53331599608763],[-70.77805710792887,-33.53331194465406],[-70.77813308450447,-33.53330762906587],[-70.77813729169834,-33.53330721561857],[-70.77814152109676,-33.53330701673605],[-70.77816811951028,-33.53330466516998],[-70.77816994252265,-33.5333045083345],[-70.77819187643493,-33.53330170477993],[-70.77821337659968,-33.533297114248995],[-70.77823423595731,-33.53329078095137],[-70.77825425361983,-33.53328276588056],[-70.77827323680535,-33.533273146226556],[-70.7782910026948,-33.53326201463242],[-70.77830738019264,-33.53324947830207],[-70.77832221157452,-33.53323565796774],[-70.77833535400636,-33.53322068672744],[-70.77834668091977,-33.53320470876289],[-70.77835608323116,-33.53318787795112],[-70.77836347039202,-33.53317035638248],[-70.77836877126107,-33.533152312799565],[-70.77837193478933,-33.53313392097215],[-70.77837293051162,-33.53311535802369],[-70.77837174884,-33.53309680272561],[-70.77836840115599,-33.5330784337754],[-70.77836291970094,-33.53306042807589],[-70.77835535726541,-33.533042959031505],[-70.77834578668086,-33.53302619487829],[-70.77833430011808,-33.53301029706374],[-70.77832100819953,-33.53299541869192],[-70.77830603893399,-33.53298170304915],[-70.77828953648378,-33.532969282223995],[-70.77827165977625,-33.532958275835234],[-70.77825258097347,-33.532948789879846],[-70.77823248381398,-33.5329409157123],[-70.77821156184349,-33.532934729164715],[-70.77819001655088,-33.532930289816605],[-70.77816805542788,-33.532927640421086],[-70.77814588997072,-33.53292680649317],[-70.77812373364348,-33.53292779606405],[-70.77812159458699,-33.53292798008875],[-70.77812096257817,-33.53292803521267],[-70.77809825975139,-33.532930042367056],[-70.77780373054938,-33.532946771772366],[-70.77780259498917,-33.53294688336281],[-70.77780145211004,-33.53294691087389],[-70.77765219040971,-33.53295665851097],[-70.77752520810107,-33.53295513104883],[-70.77735184236994,-33.532890352594805],[-70.77708816736359,-33.53272983501001],[-70.77708715798778,-33.532729210327524],[-70.77708583355476,-33.53272847195857],[-70.77708458787582,-33.53272764301391],[-70.77708284355582,-33.53272659492443],[-70.77707036544963,-33.53271984851639],[-70.7770686883285,-33.53271891352401],[-70.77706839066221,-33.53271878082837],[-70.77706420283647,-33.53271651663949],[-70.7770444723285,-33.53270801703811],[-70.77702384204657,-33.53270117797564],[-70.7770025106706,-33.53269606531564],[-70.77698068363213,-33.53269272829556],[-70.77695857113618,-33.53269119905254],[-70.77693638613677,-33.53269149231402],[-70.77691434228619,-33.53269360525577],[-70.77689265187746,-33.532697517529165],[-70.77687152379977,-33.53270319145718],[-70.77685116152702,-33.53271057239717],[-70.77683176115805,-33.532719589267046],[-70.77681350952837,-33.53273015522998],[-70.77679658241071,-33.53274216853051],[-70.77678114282227,-33.53275551347456],[-70.77676733945484,-33.5327700615436],[-70.77675530524276,-33.53278567263232],[-70.77674515608268,-33.532802196397896],[-70.77673698971745,-33.53281947370792],[-70.77673088479465,-33.53283733817275],[-70.77672690010924,-33.53285561774812],[-70.77672507403724,-33.5328741363919],[-70.77672542416613,-33.53289271575943],[-70.77672794712531,-33.53291117692126],[-70.77673261861871,-33.53292934208605],[-70.7767393936585,-33.532947036313104],[-70.77674820699846,-33.53296408919696],[-70.77675897376224,-33.53298033650857],[-70.77677159026067,-33.532995621776934],[-70.77678593499043,-33.53300979779599],[-70.77680186980412,-33.53302272804239],[-70.7768168558296,-33.53303270060152],[-70.77681841544725,-33.53303376876426],[-70.77681906608407,-33.53303417143101],[-70.77681924124064,-33.533034287990176],[-70.77681969392634,-33.533034559990625],[-70.77682013860978,-33.53303483519674],[-70.77682032343097,-33.53303493823438],[-70.77682098556399,-33.53303533608321],[-70.77682110707087,-33.53303540177716],[-70.77682157029874,-33.533035713985754],[-70.77710513529865,-33.53320834023238],[-70.77710632334197,-33.533208991345525],[-70.77710744054129,-33.53320972516333],[-70.77711560371135,-33.533214077498364],[-70.77712370102765,-33.533218515271955],[-70.77712495955653,-33.53321906572751],[-70.77712615726232,-33.53321970430477],[-70.77713479052191,-33.53322336559591],[-70.77714336824506,-33.533227117320166],[-70.77714468513925,-33.53322756181693],[-70.77714595181682,-33.53322809900375],[-70.77731266522113,-33.533290391870274],[-70.77731612311825,-33.53329402207172],[-70.77733159315326,-33.53330734233635],[-70.77734854770192,-33.53331932858072],[-70.77736682348234,-33.533329865370185],[-70.77738624448823,-33.533338851229225],[-70.77740662368389,-33.5333461996186],[-70.77742776480555,-33.53335183976891],[-70.77744946425146,-33.53335571736216],[-70.77747151304281,-33.53335779505483],[-70.77747831534091,-33.533357874092964],[-70.7774733908243,-33.533363982642655],[-70.77747320236146,-33.53336424294447],[-70.77747299336535,-33.533364477342964],[-70.77746108682113,-33.53337934740735],[-70.77744964859234,-33.53339526967565],[-70.77744012897935,-33.533412054193484],[-70.77743261966216,-33.53342953931719],[-70.77742719296072,-33.533447556655815],[-70.77742390113838,-33.53346593269274],[-70.77742277589853,-33.533484490456864],[-70.77742382807924,-33.533503051226724],[-70.77742704754881,-33.53352143625186],[-70.77743240330332,-33.533539468474295],[-70.77743984376511,-33.53355697423349],[-70.77744929727953,-33.533573784939044],[-70.7774606728049,-33.53358973869419],[-70.77747386078931,-33.533604681855024],[-70.77748873422561,-33.53361847051016],[-70.77750514987459,-33.533630971866764],[-70.77752294964435,-33.53364206552934],[-70.77754196211295,-33.53365164465932],[-70.77756200417923,-33.533659617004],[-70.77758288282618,-33.53366590578486],[-70.77760439697995,-33.533670450437214],[-70.77762633944623,-33.53367320719332],[-70.77764849890568,-33.533674149504016],[-70.77767066194923,-33.53367326829427],[-70.77769261513326,-33.53367057205077],[-70.77771414703531,-33.53366608674002],[-70.77773505029019,-33.533659855558284],[-70.77775512358707,-33.53365193851565],[-70.77777417360828,-33.533642411858075],[-70.7777920168911,-33.533631367333],[-70.7778084815946,-33.533618911305766],[-70.77782340915459,-33.53360516373535],[-70.77783665581073,-33.5335902570189],[-70.77783874341263,-33.53358764980206],[-70.77784781732129,-33.53357783971094],[-70.77785962013361,-33.53356210515797],[-70.77786060824448,-33.5335604463051]]]}},{"type":"Feature","properties":{"numpos":"99081","TIPO":"DESCARGO","TENSION":"MT","INCIDENCIA":"DF202671818684","CLITOTAL":"27","CANTAVISOS":"","FECHA_INICIO":"","FECHA_FIN":"","DESCARGO":"DF202671818684(TP20267213817807)","ESTADODESC":"789","ESTADOINC":" ","CLI_PLAN":"1","FECHA_INIDESC":"13-10-2026 10:30","FECHA_FINDESC":"13-10-2026 16:30","FECHA_REPOSICION":"13-10-2026 16:30","id_alim":"5715"},"geometry":{"type":"Polygon","coordinates":[[[-70.84820813348044,-33.448237471671845],[-70.84821799460046,-33.44825411296645],[-70.8482297540049,-33.448269863862244],[-70.84824329844484,-33.448284572668946],[-70.84825849748022,-33.448298097732156],[-70.84827520473605,-33.4483103087975],[-70.84829325931207,-33.44832108826525],[-70.84831248733234,-33.44833033232265],[-70.84833270361976,-33.44833795194394],[-70.84833967611071,-33.448340242176215],[-70.84836051651136,-33.44834612379675],[-70.84838194040638,-33.44835027869108],[-70.84840374473237,-33.44835266747765],[-70.84842572281994,-33.448353267514754],[-70.84842755589668,-33.448353167739434],[-70.84843378938507,-33.44835370470439],[-70.84845595482571,-33.448353783189525],[-70.84847802270966,-33.44835204001253],[-70.84849978050975,-33.44834849196137],[-70.84852101868522,-33.4483431732059],[-70.84854153269971,-33.44833613496902],[-70.84856112499111,-33.448327445033264],[-70.84857960687417,-33.44831718708796],[-70.8485968003578,-33.448305459923255],[-70.84860608068611,-33.44829774566044],[-70.84860651857231,-33.44829750816019],[-70.84860988054143,-33.448295931110806],[-70.84861582570493,-33.44829246016674],[-70.84862189891689,-33.448289166183315],[-70.84862490803795,-33.44828715765886],[-70.8486280696744,-33.44828531181101],[-70.8486335808113,-33.44828136876584],[-70.84863923919643,-33.44827759191251],[-70.84864199876988,-33.44827534597992],[-70.84864253579771,-33.44827496175327],[-70.84864999630939,-33.44827070681268],[-70.84866701239733,-33.44825879921627],[-70.84868255426109,-33.44824555078436],[-70.84869647222419,-33.44823108910713],[-70.84870863224933,-33.448215553459015],[-70.84871891722943,-33.4481990934573],[-70.84872722811538,-33.44818186762123],[-70.8487334848698,-33.4481640418454],[-70.84873762723792,-33.44814578780205],[-70.84873961532784,-33.448127281287746],[-70.84873942999448,-33.448108700530426],[-70.8487370730241,-33.44809022447283],[-70.84873256711698,-33.44807203104938],[-70.84872595566868,-33.44805429547238],[-70.84871730235221,-33.44803718854478],[-70.84870669050463,-33.4480208750152],[-70.84869422232455,-33.44800551199135],[-70.8486800178878,-33.44799124742698],[-70.8486642139911,-33.44797821869706],[-70.8486469628345,-33.44796655127483],[-70.84862843055572,-33.44795635752341],[-70.84860879563014,-33.44794773561365],[-70.84858824715201,-33.44794076857883],[-70.84856857235636,-33.44793502221213],[-70.84856515595445,-33.447934179513815],[-70.84856181409664,-33.44793314792363],[-70.84855336087256,-33.44793092682717],[-70.8481988849088,-33.44783183256518],[-70.84817753902166,-33.44782682635815],[-70.8481557105803,-33.447823598203776],[-70.84813360980326,-33.447822179190766],[-70.84811144953166,-33.44782258298499],[-70.84808944317969,-33.4478248056977],[-70.8480678026792,-33.4478288259232],[-70.84804673643882,-33.44783460494479],[-70.84802644733686,-33.4478420871077],[-70.84800713076757,-33.44785120035507],[-70.84798897275942,-33.447861856921854],[-70.84797214818352,-33.44787395418003],[-70.84795681906958,-33.447887375627026],[-70.84794313304546,-33.44790199200747],[-70.84793122191543,-33.44791766255821],[-70.84792120039086,-33.44793423636377],[-70.84791316498531,-33.44795155380978],[-70.84790719308525,-33.44796944812009],[-70.84790334220455,-33.447987746962994],[-70.84790164943055,-33.448006274110796],[-70.84790213106706,-33.448024851136935],[-70.84790478247697,-33.44804329913448],[-70.84790957812713,-33.448061440438885],[-70.84791647183403,-33.44807910033924],[-70.84792539720857,-33.44809610876064],[-70.84793626829543,-33.44811230190222],[-70.84794898040074,-33.4481275238147],[-70.84796341110045,-33.44814162790215],[-70.84797942141915,-33.448154478333976],[-70.84799685716861,-33.44816595135286],[-70.84801555043265,-33.44817593646686],[-70.84803532118428,-33.448184337513354],[-70.84805597901948,-33.448191073585235],[-70.84820613023604,-33.44823304871903],[-70.84820813348044,-33.448237471671845]]]}},{"type":"Feature","properties":{"numpos":"99082","TIPO":"DESCARGO","TENSION":"MT","INCIDENCIA":"DF202671818684","CLITOTAL":"27","CANTAVISOS":"","FECHA_INICIO":"","FECHA_FIN":"","DESCARGO":"DF202671818684(TP20267213817807)","ESTADODESC":"789","ESTADOINC":" ","CLI_PLAN":"1","FECHA_INIDESC":"13-10-2026 10:30","FECHA_FINDESC":"13-10-2026 16:30","FECHA_REPOSICION":"13-10-2026 16:30","id_alim":"5715"},"geometry":{"type":"Polygon","coordinates":[[[-70.848072138869,-33.448194410154024],[-70.8480939728688,-33.44819761223156],[-70.84811607613167,-33.448199004836425],[-70.84813823578976,-33.44819857455697],[-70.84816023843202,-33.44819632553716],[-70.84818187215967,-33.44819227943642],[-70.84820292862685,-33.44818647522122],[-70.84822320504719,-33.448178968789705],[-70.84824250614679,-33.44816983243338],[-70.84826064604485,-33.448159154140825],[-70.8482774500438,-33.44814703675044],[-70.84829275631178,-33.44813359695987],[-70.84830641744122,-33.44811896420221],[-70.84831830186835,-33.44810327939946],[-70.84832829514028,-33.448086693605376],[-70.84833630101718,-33.4480693665506],[-70.84834224239918,-33.44805146510453],[-70.84834606206873,-33.44803316166813],[-70.84834772324164,-33.44801463251363],[-70.84834720992129,-33.44799605608699],[-70.84834452705262,-33.44797761128923],[-70.84833970047444,-33.447959475753706],[-70.84833277667057,-33.447941824135206],[-70.84832382232216,-33.44792482642812],[-70.84831292366529,-33.44790864632918],[-70.84830018566069,-33.447893439661094],[-70.84828573098274,-33.44787935287178],[-70.84826969883801,-33.44786652162423],[-70.84825224362471,-33.44785506948971],[-70.84823353344572,-33.44784510675807],[-70.84821374848963,-33.44783672937531],[-70.8481930792955,-33.44783001801979],[-70.84784968948256,-33.447734477458305],[-70.84784758647024,-33.44773390190764],[-70.8478410552219,-33.44773214406475],[-70.8478255735398,-33.447727721474465],[-70.84782389327977,-33.44772724764264],[-70.84753732568294,-33.44764748349452],[-70.84751597209849,-33.44764250052763],[-70.84749413871545,-33.447639296137666],[-70.8474720357999,-33.44763790118456],[-70.84744987621362,-33.44763832910244],[-70.84742787336414,-33.44764057577024],[-70.84740623914962,-33.44764461955156],[-70.84738518191814,-33.447650421502836],[-70.84736490446127,-33.4476579257485],[-70.8473456020611,-33.447667060019015],[-70.84732746060962,-33.447677736346854],[-70.84731065481851,-33.44768985191373],[-70.84729534653661,-33.4477032900407],[-70.84728168319113,-33.44771792131176],[-70.84726979636793,-33.447733604820364],[-70.8472598005443,-33.44775018952627],[-70.84725179198631,-33.447767515710076],[-70.84724584782185,-33.44778541651155],[-70.84724202529766,-33.4478037195364],[-70.84724036122809,-33.447822248516694],[-70.84724087164038,-33.44784082500824],[-70.8472435516204,-33.447859270109184],[-70.8472483753598,-33.447877406182954],[-70.84725529640455,-33.447895058568946],[-70.84726424810229,-33.447912057264645],[-70.84727514424418,-33.447928238562895],[-70.84728787989508,-33.44794344662842],[-70.84730233240414,-33.447957534998665],[-70.84731836258594,-33.44797036799437],[-70.84733581606092,-33.447981822026186],[-70.84735452474222,-33.447991786784975],[-70.84737430845436,-33.44800016630418],[-70.84739497666853,-33.44800687988404],[-70.8475947251628,-33.44806247860086],[-70.84759828665915,-33.44806570656802],[-70.84760038453202,-33.448067268446906],[-70.84760234160356,-33.4480689561534],[-70.84760234223879,-33.44806895660318],[-70.84760234281835,-33.448068957102976],[-70.8476086706383,-33.44807343750159],[-70.84761485979823,-33.44807804536646],[-70.84761713031764,-33.44807942742397],[-70.84761927517359,-33.448080946106465],[-70.84761927585828,-33.44808094650184],[-70.84761927649355,-33.44808094695165],[-70.847626097312,-33.4480848856022],[-70.84763279583447,-33.44808896296863],[-70.84763521715918,-33.44809015187722],[-70.84763752911691,-33.44809148692717],[-70.84763752984459,-33.448091487264406],[-70.84763753052934,-33.44809148765983],[-70.84764477858567,-33.44809484668744],[-70.84764641820776,-33.44809565176745],[-70.84765003870523,-33.44809999796559],[-70.84766360583403,-33.44811469205892],[-70.84767882572528,-33.4481282006131],[-70.84769555180314,-33.44814039353278],[-70.84771362298606,-33.448151153392935],[-70.84773286523817,-33.448160376569696],[-70.84775309324532,-33.44816797423833],[-70.84777411219976,-33.448173873228804],[-70.84779571967636,-33.448178016730246],[-70.84781770758201,-33.4481803648383],[-70.8478398641598,-33.448180894939284],[-70.84786197602838,-33.44817960192807],[-70.84788383023702,-33.448176498257176],[-70.84790521631648,-33.44817161381686],[-70.84792592830591,-33.44816499564731],[-70.84794073339133,-33.44815881033277],[-70.84805078440696,-33.44818942944169],[-70.848072138869,-33.448194410154024]]]}},{"type":"Feature","properties":{"numpos":"99081","TIPO":"DESCARGO","TENSION":"MT","INCIDENCIA":"DF202671818684","CLITOTAL":"27","CANTAVISOS":"","FECHA_INICIO":"","FECHA_FIN":"","DESCARGO":"DF202671818684(TP20267213817807)","ESTADODESC":"789","ESTADOINC":" ","CLI_PLAN":"1","FECHA_INIDESC":"13-10-2026 10:30","FECHA_FINDESC":"13-10-2026 16:30","FECHA_REPOSICION":"13-10-2026 16:30","id_alim":"5715"},"geometry":{"type":"Polygon","coordinates":[[[-70.84820813348044,-33.448237471671845],[-70.84821799460046,-33.44825411296645],[-70.8482297540049,-33.448269863862244],[-70.84824329844484,-33.448284572668946],[-70.84825849748022,-33.448298097732156],[-70.84827520473605,-33.4483103087975],[-70.84829325931207,-33.44832108826525],[-70.84831248733234,-33.44833033232265],[-70.84833270361976,-33.44833795194394],[-70.84833967611071,-33.448340242176215],[-70.84836051651136,-33.44834612379675],[-70.84838194040638,-33.44835027869108],[-70.84840374473237,-33.44835266747765],[-70.84842572281994,-33.448353267514754],[-70.84842755589668,-33.448353167739434],[-70.84843378938507,-33.44835370470439],[-70.84845595482571,-33.448353783189525],[-70.84847802270966,-33.44835204001253],[-70.84849978050975,-33.44834849196137],[-70.84852101868522,-33.4483431732059],[-70.84854153269971,-33.44833613496902],[-70.84856112499111,-33.448327445033264],[-70.84857960687417,-33.44831718708796],[-70.8485968003578,-33.448305459923255],[-70.84860608068611,-33.44829774566044],[-70.84860651857231,-33.44829750816019],[-70.84860988054143,-33.448295931110806],[-70.84861582570493,-33.44829246016674],[-70.84862189891689,-33.448289166183315],[-70.84862490803795,-33.44828715765886],[-70.8486280696744,-33.44828531181101],[-70.8486335808113,-33.44828136876584],[-70.84863923919643,-33.44827759191251],[-70.84864199876988,-33.44827534597992],[-70.84864253579771,-33.44827496175327],[-70.84864999630939,-33.44827070681268],[-70.84866701239733,-33.44825879921627],[-70.84868255426109,-33.44824555078436],[-70.84869647222419,-33.44823108910713],[-70.84870863224933,-33.448215553459015],[-70.84871891722943,-33.4481990934573],[-70.84872722811538,-33.44818186762123],[-70.8487334848698,-33.4481640418454],[-70.84873762723792,-33.44814578780205],[-70.84873961532784,-33.448127281287746],[-70.84873942999448,-33.448108700530426],[-70.8487370730241,-33.44809022447283],[-70.84873256711698,-33.44807203104938],[-70.84872595566868,-33.44805429547238],[-70.84871730235221,-33.44803718854478],[-70.84870669050463,-33.4480208750152],[-70.84869422232455,-33.44800551199135],[-70.8486800178878,-33.44799124742698],[-70.8486642139911,-33.44797821869706],[-70.8486469628345,-33.44796655127483],[-70.84862843055572,-33.44795635752341],[-70.84860879563014,-33.44794773561365],[-70.84858824715201,-33.44794076857883],[-70.84856857235636,-33.44793502221213],[-70.84856515595445,-33.447934179513815],[-70.84856181409664,-33.44793314792363],[-70.84855336087256,-33.44793092682717],[-70.8481988849088,-33.44783183256518],[-70.84817753902166,-33.44782682635815],[-70.8481557105803,-33.447823598203776],[-70.84813360980326,-33.447822179190766],[-70.84811144953166,-33.44782258298499],[-70.84808944317969,-33.4478248056977],[-70.8480678026792,-33.4478288259232],[-70.84804673643882,-33.44783460494479],[-70.84802644733686,-33.4478420871077],[-70.84800713076757,-33.44785120035507],[-70.84798897275942,-33.447861856921854],[-70.84797214818352,-33.44787395418003],[-70.84795681906958,-33.447887375627026],[-70.84794313304546,-33.44790199200747],[-70.84793122191543,-33.44791766255821],[-70.84792120039086,-33.44793423636377],[-70.84791316498531,-33.44795155380978],[-70.84790719308525,-33.44796944812009],[-70.84790334220455,-33.447987746962994],[-70.84790164943055,-33.448006274110796],[-70.84790213106706,-33.448024851136935],[-70.84790478247697,-33.44804329913448],[-70.84790957812713,-33.448061440438885],[-70.84791647183403,-33.44807910033924],[-70.84792539720857,-33.44809610876064],[-70.84793626829543,-33.44811230190222],[-70.84794898040074,-33.4481275238147],[-70.84796341110045,-33.44814162790215],[-70.84797942141915,-33.448154478333976],[-70.84799685716861,-33.44816595135286],[-70.84801555043265,-33.44817593646686],[-70.84803532118428,-33.448184337513354],[-70.84805597901948,-33.448191073585235],[-70.84820613023604,-33.44823304871903],[-70.84820813348044,-33.448237471671845]]]}},{"type":"Feature","properties":{"numpos":"99082","TIPO":"DESCARGO","TENSION":"MT","INCIDENCIA":"DF202671818684","CLITOTAL":"27","CANTAVISOS":"","FECHA_INICIO":"","FECHA_FIN":"","DESCARGO":"DF202671818684(TP20267213817807)","ESTADODESC":"789","ESTADOINC":" ","CLI_PLAN":"1","FECHA_INIDESC":"13-10-2026 10:30","FECHA_FINDESC":"13-10-2026 16:30","FECHA_REPOSICION":"13-10-2026 16:30","id_alim":"5715"},"geometry":{"type":"Polygon","coordinates":[[[-70.848072138869,-33.448194410154024],[-70.8480939728688,-33.44819761223156],[-70.84811607613167,-33.448199004836425],[-70.84813823578976,-33.44819857455697],[-70.84816023843202,-33.44819632553716],[-70.84818187215967,-33.44819227943642],[-70.84820292862685,-33.44818647522122],[-70.84822320504719,-33.448178968789705],[-70.84824250614679,-33.44816983243338],[-70.84826064604485,-33.448159154140825],[-70.8482774500438,-33.44814703675044],[-70.84829275631178,-33.44813359695987],[-70.84830641744122,-33.44811896420221],[-70.84831830186835,-33.44810327939946],[-70.84832829514028,-33.448086693605376],[-70.84833630101718,-33.4480693665506],[-70.84834224239918,-33.44805146510453],[-70.84834606206873,-33.44803316166813],[-70.84834772324164,-33.44801463251363],[-70.84834720992129,-33.44799605608699],[-70.84834452705262,-33.44797761128923],[-70.84833970047444,-33.447959475753706],[-70.84833277667057,-33.447941824135206],[-70.84832382232216,-33.44792482642812],[-70.84831292366529,-33.44790864632918],[-70.84830018566069,-33.447893439661094],[-70.84828573098274,-33.44787935287178],[-70.84826969883801,-33.44786652162423],[-70.84825224362471,-33.44785506948971],[-70.84823353344572,-33.44784510675807],[-70.84821374848963,-33.44783672937531],[-70.8481930792955,-33.44783001801979],[-70.84784968948256,-33.447734477458305],[-70.84784758647024,-33.44773390190764],[-70.8478410552219,-33.44773214406475],[-70.8478255735398,-33.447727721474465],[-70.84782389327977,-33.44772724764264],[-70.84753732568294,-33.44764748349452],[-70.84751597209849,-33.44764250052763],[-70.84749413871545,-33.447639296137666],[-70.8474720357999,-33.44763790118456],[-70.84744987621362,-33.44763832910244],[-70.84742787336414,-33.44764057577024],[-70.84740623914962,-33.44764461955156],[-70.84738518191814,-33.447650421502836],[-70.84736490446127,-33.4476579257485],[-70.8473456020611,-33.447667060019015],[-70.84732746060962,-33.447677736346854],[-70.84731065481851,-33.44768985191373],[-70.84729534653661,-33.4477032900407],[-70.84728168319113,-33.44771792131176],[-70.84726979636793,-33.447733604820364],[-70.8472598005443,-33.44775018952627],[-70.84725179198631,-33.447767515710076],[-70.84724584782185,-33.44778541651155],[-70.84724202529766,-33.4478037195364],[-70.84724036122809,-33.447822248516694],[-70.84724087164038,-33.44784082500824],[-70.8472435516204,-33.447859270109184],[-70.8472483753598,-33.447877406182954],[-70.84725529640455,-33.447895058568946],[-70.84726424810229,-33.447912057264645],[-70.84727514424418,-33.447928238562895],[-70.84728787989508,-33.44794344662842],[-70.84730233240414,-33.447957534998665],[-70.84731836258594,-33.44797036799437],[-70.84733581606092,-33.447981822026186],[-70.84735452474222,-33.447991786784975],[-70.84737430845436,-33.44800016630418],[-70.84739497666853,-33.44800687988404],[-70.8475947251628,-33.44806247860086],[-70.84759828665915,-33.44806570656802],[-70.84760038453202,-33.448067268446906],[-70.84760234160356,-33.4480689561534],[-70.84760234223879,-33.44806895660318],[-70.84760234281835,-33.448068957102976],[-70.8476086706383,-33.44807343750159],[-70.84761485979823,-33.44807804536646],[-70.84761713031764,-33.44807942742397],[-70.84761927517359,-33.448080946106465],[-70.84761927585828,-33.44808094650184],[-70.84761927649355,-33.44808094695165],[-70.847626097312,-33.4480848856022],[-70.84763279583447,-33.44808896296863],[-70.84763521715918,-33.44809015187722],[-70.84763752911691,-33.44809148692717],[-70.84763752984459,-33.448091487264406],[-70.84763753052934,-33.44809148765983],[-70.84764477858567,-33.44809484668744],[-70.84764641820776,-33.44809565176745],[-70.84765003870523,-33.44809999796559],[-70.84766360583403,-33.44811469205892],[-70.84767882572528,-33.4481282006131],[-70.84769555180314,-33.44814039353278],[-70.84771362298606,-33.448151153392935],[-70.84773286523817,-33.448160376569696],[-70.84775309324532,-33.44816797423833],[-70.84777411219976,-33.448173873228804],[-70.84779571967636,-33.448178016730246],[-70.84781770758201,-33.4481803648383],[-70.8478398641598,-33.448180894939284],[-70.84786197602838,-33.44817960192807],[-70.84788383023702,-33.448176498257176],[-70.84790521631648,-33.44817161381686],[-70.84792592830591,-33.44816499564731],[-70.84794073339133,-33.44815881033277],[-70.84805078440696,-33.44818942944169],[-70.848072138869,-33.448194410154024]]]}},{"type":"Feature","properties":{"numpos":"104613","TIPO":"DESCARGO","TENSION":"MT","INCIDENCIA":"DF202671817849","CLITOTAL":"25","CANTAVISOS":"","FECHA_INICIO":"","FECHA_FIN":"","DESCARGO":"DF202671817849(TP20267213817576)","ESTADODESC":"789","ESTADOINC":" ","CLI_PLAN":"1","FECHA_INIDESC":"11-10-2026 10:30","FECHA_FINDESC":"11-10-2026 16:00","FECHA_REPOSICION":"11-10-2026 16:00","id_alim":"5811"},"geometry":{"type":"Polygon","coordinates":[[[-70.851220004976,-33.44892943311037],[-70.85121915835506,-33.44894800093802],[-70.85122048685074,-33.44896654892073],[-70.85122397767023,-33.448984898431185],[-70.85122959719635,-33.44900287275333],[-70.85123729131114,-33.449020298784326],[-70.85124698591713,-33.449037008701545],[-70.85125858765075,-33.44905284157886],[-70.85127198478153,-33.449067644936484],[-70.85128704828813,-33.44908127620942],[-70.85130363310077,-33.44909360412049],[-70.85132157949842,-33.44910450994458],[-70.85134071464697,-33.44911388865216],[-70.85136085426376,-33.449121649920635],[-70.85138180439232,-33.449127719004366],[-70.85140336327032,-33.449132037454426],[-70.85142532327275,-33.44913456368156],[-70.8514474729114,-33.44913527335674],[-70.85146959887177,-33.44913415964538],[-70.85149148806741,-33.449131233273235],[-70.85151292969208,-33.44912652242314],[-70.85153371725004,-33.44912007246344],[-70.8515536505447,-33.44911194551121],[-70.85157253760678,-33.44910221983388],[-70.85159019654292,-33.44909098909562],[-70.85160645728763,-33.449078361455115],[-70.85162116324098,-33.449064458524006],[-70.85163417277684,-33.44904941419576],[-70.85164536060672,-33.4490333733559],[-70.85165461898647,-33.44901649048707],[-70.85166185875374,-33.44899892818085],[-70.85166701018676,-33.44898085557219],[-70.85166921949082,-33.44897098423804],[-70.85166921950982,-33.44897098417153],[-70.85168218910353,-33.44891320230794],[-70.85168247289555,-33.44891147539821],[-70.85168291892448,-33.44890977703381],[-70.85168398306429,-33.44890228583243],[-70.85168521410841,-33.44889479477368],[-70.85168529461033,-33.448893052969524],[-70.85168553992813,-33.448891326010795],[-70.85168572304995,-33.448883782904744],[-70.85168607225046,-33.448876227321016],[-70.85168594871384,-33.448874487417264],[-70.85168599092967,-33.44887274847436],[-70.85168529113686,-33.448865226025596],[-70.85168475526665,-33.44885767876463],[-70.8516844289147,-33.44885595753405],[-70.85168426758709,-33.44885422333628],[-70.85168269145947,-33.44884679392623],[-70.85168127584167,-33.44883932773714],[-70.85168074985629,-33.44883764176797],[-70.85168038649847,-33.44883592900361],[-70.85167794903377,-33.44882866414013],[-70.85167566748557,-33.448821350968785],[-70.85167494697563,-33.44881971650403],[-70.8516743850421,-33.448818041660594],[-70.85167110951714,-33.4488110112924],[-70.85166798421105,-33.44880392158532],[-70.8516670761618,-33.44880235436584],[-70.85166632101647,-33.44880073357174],[-70.85165554965386,-33.448780591710396],[-70.85164550072541,-33.448764029560564],[-70.8516335636674,-33.44874837285272],[-70.85161985344082,-33.448733772368996],[-70.85160450208286,-33.44872036871942],[-70.85158765743552,-33.448708290987945],[-70.85156948172165,-33.44869765548911],[-70.85155014998281,-33.44868856464811],[-70.85152984839345,-33.44868110601423],[-70.851508772468,-33.44867535141779],[-70.85148712517794,-33.44867135627842],[-70.85146511499727,-33.448669159071294],[-70.85144295389466,-33.4486687809566],[-70.85142085529232,-33.44867022557586],[-70.85139903201045,-33.448673479016705],[-70.8513776942179,-33.44867850994699],[-70.85135704740819,-33.44868526991642],[-70.85133729042035,-33.44869369382323],[-70.85131861352419,-33.44870370054108],[-70.85130119658794,-33.44871519370035],[-70.85128520734592,-33.44872806261619],[-70.85127079978328,-33.44874218335452],[-70.851258112653,-33.44875741992539],[-70.8512472681396,-33.448773625592914],[-70.85123837068244,-33.44879064428806],[-70.85123150596992,-33.448808312111886],[-70.85122674011407,-33.44882645891389],[-70.85122411901402,-33.44884490993064],[-70.85122366791369,-33.448863487468884],[-70.85122539115889,-33.448882012616714],[-70.85122739933472,-33.44889147881386],[-70.85122527169683,-33.44890095760012],[-70.85122526365399,-33.44890100654028],[-70.85122524979025,-33.44890105517711],[-70.85122301855871,-33.44891102425614],[-70.851220004976,-33.44892943311037]]]}},{"type":"Feature","properties":{"numpos":"105633","TIPO":"DESCARGO","TENSION":"MT","INCIDENCIA":"DF202671817849","CLITOTAL":"25","CANTAVISOS":"","FECHA_INICIO":"","FECHA_FIN":"","DESCARGO":"DF202671817849(TP20267213817576)","ESTADODESC":"789","ESTADOINC":" ","CLI_PLAN":"1","FECHA_INIDESC":"11-10-2026 10:30","FECHA_FINDESC":"11-10-2026 16:00","FECHA_REPOSICION":"11-10-2026 16:00","id_alim":"5811"},"geometry":{"type":"Polygon","coordinates":[[[-70.8505440868391,-33.447298376085264],[-70.85054306409403,-33.44730116865206],[-70.85053461158572,-33.44732489881008],[-70.85040779667973,-33.44766854067792],[-70.8504022927463,-33.44768654010943],[-70.8503989198632,-33.447704905117014],[-70.8503977105145,-33.44772345883574],[-70.85039867634829,-33.44774202258316],[-70.8504018080644,-33.447760417580106],[-70.85040707550405,-33.44777846667254],[-70.8504144279401,-33.44779599603754],[-70.85042379456563,-33.447812836857295],[-70.85043508517572,-33.447828826945056],[-70.85044819103629,-33.447843812307035],[-70.85046298593107,-33.44785764862538],[-70.85047932737726,-33.447870202648296],[-70.8504970579976,-33.44788135347304],[-70.85051600703609,-33.44789099371057],[-70.85053599200243,-33.44789903051962],[-70.85055682042957,-33.447905386500935],[-70.85056278417211,-33.44790666804291],[-70.85056342233237,-33.44790686260189],[-70.85058489527653,-33.44791147115678],[-70.85060680367191,-33.44791429312771],[-70.85062893652733,-33.4479153013374],[-70.85065108068991,-33.44791448607622],[-70.85067302289794,-33.4479118551957],[-70.8506945518346,-33.44790743403284],[-70.85071546016324,-33.4479012651662],[-70.85073554652423,-33.44789340800567],[-70.85075461747404,-33.447883938220514],[-70.85077248934843,-33.447872947010495],[-70.85078899003108,-33.447860540227474],[-70.85080396061132,-33.447846837356174],[-70.85081725691444,-33.44783197036324],[-70.85082875089022,-33.44781608242657],[-70.8508383318461,-33.4477993265561],[-70.85084590751313,-33.44778186412047],[-70.85093230258583,-33.44754750026623],[-70.85093452684919,-33.44754647075552],[-70.85095191402655,-33.44753654951229],[-70.85096812493623,-33.44752531544785],[-70.85098301900553,-33.44751286597861],[-70.85099646708092,-33.44749930906036],[-70.85100835254796,-33.44748476225208],[-70.8510185723426,-33.44746935169652],[-70.85102703784476,-33.447453211026385],[-70.85103367564687,-33.44743648020543],[-70.85119229657352,-33.44696429590346],[-70.85128844804593,-33.44687828127625],[-70.8513020836061,-33.446864885647486],[-70.85131417565472,-33.44685048598283],[-70.85132461959833,-33.44683520683707],[-70.85133332509942,-33.44681918037235],[-70.85133654780397,-33.44681140148801],[-70.85133695376632,-33.44681085955021],[-70.85134684480754,-33.4467942308296],[-70.85135474395616,-33.446776869442886],[-70.85136057514013,-33.44675894259005],[-70.85136428220324,-33.446740622916764],[-70.85136582944571,-33.44672208685161],[-70.85136520196818,-33.4467035129071],[-70.85136240581494,-33.446685079960375],[-70.85135965871125,-33.44667500235236],[-70.85136265552627,-33.446650378879234],[-70.85136332106022,-33.44664376399193],[-70.85136356428758,-33.44664070759505],[-70.851363939153,-33.44662177826688],[-70.85136205724702,-33.44660291217804],[-70.85135793738506,-33.44658429793913],[-70.85135162075618,-33.44656612164278],[-70.85134317051106,-33.44654856500328],[-70.8513326711307,-33.446531803539884],[-70.85132022758181,-33.446516004822165],[-70.85130596426727,-33.446501326794696],[-70.85129002378257,-33.446487916198166],[-70.85127256549013,-33.446475907102226],[-70.85125376392612,-33.44646541956538],[-70.85123380705556,-33.44645655843455],[-70.85121289439327,-33.44644941229703],[-70.85119123500915,-33.44644405259479],[-70.85118121122167,-33.4464424626336],[-70.85117921887638,-33.4464420443994],[-70.8511762416306,-33.44644167436265],[-70.8511690454382,-33.44644053291034],[-70.85116601537264,-33.446440182750706],[-70.85116163917684,-33.44643985944784],[-70.85115729340927,-33.44643931931921],[-70.8511506054998,-33.44643904430546],[-70.85114393581688,-33.44643855156433],[-70.85113954305355,-33.446438589405446],[-70.85113515489962,-33.446438408959416],[-70.85112846679549,-33.446438684820265],[-70.8511217718596,-33.446438742492354],[-70.85111740483113,-33.44643914108672],[-70.85111301655198,-33.44643932208726],[-70.85110639266925,-33.446440146205596],[-70.8510997369504,-33.44644075369605],[-70.85109543770695,-33.44644150917957],[-70.85109109156937,-33.44644204990892],[-70.851084595712,-33.44644341438584],[-70.85107804329618,-33.44644456580662],[-70.85107385323094,-33.4464456708797],[-70.85106959110007,-33.446446566154165],[-70.85106328584556,-33.44644845788401],[-70.85105689981745,-33.446450142111615],[-70.85105285926807,-33.446451586110186],[-70.85104872220413,-33.44645282732944],[-70.85104266829973,-33.44645522812496],[-70.85103651013637,-33.44645742890858],[-70.85103265799776,-33.446459197907245],[-70.85102868585938,-33.446460773136586],[-70.85102294163609,-33.44646365990337],[-70.85101707061575,-33.44646635602208],[-70.85101344396561,-33.44646843296889],[-70.85100967502598,-33.44647032705359],[-70.85100429583571,-33.44647367201187],[-70.85099876846816,-33.44647683747966],[-70.85099540221113,-33.446479202360464],[-70.85099187278801,-33.44648139707159],[-70.85098691046923,-33.446485168023216],[-70.8509817799528,-33.44648877233969],[-70.85097870648478,-33.44649140237134],[-70.85097545059043,-33.44649387658079],[-70.85097095296771,-33.44649803721908],[-70.85096626867819,-33.44650204566351],[-70.85096351757565,-33.44650491551316],[-70.85096056658787,-33.44650764539727],[-70.85095657700963,-33.44651215565693],[-70.85095238402646,-33.44651652962236],[-70.85094998176234,-33.44651961165126],[-70.85094736412162,-33.446522570920344],[-70.85094392104145,-33.446527387363396],[-70.85094025971475,-33.44653208472832],[-70.85093822940432,-33.44653534925799],[-70.85093597033912,-33.446538509409635],[-70.85093310694428,-33.446543585644086],[-70.85093001250742,-33.446548561177735],[-70.85092837368656,-33.446551976775254],[-70.85092649496941,-33.446555307369245],[-70.85092423885992,-33.44656059449669],[-70.85092174109151,-33.44656580029384],[-70.85092050952916,-33.44656933407415],[-70.85091902926641,-33.44657280302609],[-70.85091740218837,-33.44657825011332],[-70.85091552512634,-33.44658363605486],[-70.85091471267327,-33.44658725399676],[-70.85091364513003,-33.44659082788769],[-70.85091266276537,-33.44659638245837],[-70.85091142447624,-33.44660189669297],[-70.85091103895128,-33.44660556396622],[-70.85091039441369,-33.44660920836506],[-70.85091002988786,-33.446612313353775],[-70.85090726524022,-33.446635415674734],[-70.85079034884731,-33.446729043120676],[-70.85077504526848,-33.446742567318125],[-70.8507614021963,-33.44675728748708],[-70.8507495518678,-33.44677306095161],[-70.8507396091439,-33.44678973482668],[-70.85073167039612,-33.44680714749984],[-70.8506532544924,-33.44700832455206],[-70.85065294978155,-33.44700925938612],[-70.8506525483002,-33.44701016817036],[-70.8505440868391,-33.447298376085264]]]}},{"type":"Feature","properties":{"numpos":"79537","TIPO":"DESCARGO","TENSION":"MT","INCIDENCIA":"DF202671817849","CLITOTAL":"25","CANTAVISOS":"","FECHA_INICIO":"","FECHA_FIN":"","DESCARGO":"DF202671817849(TP20267213817576)","ESTADODESC":"789","ESTADOINC":" ","CLI_PLAN":"1","FECHA_INIDESC":"11-10-2026 10:30","FECHA_FINDESC":"11-10-2026 16:00","FECHA_REPOSICION":"11-10-2026 16:00","id_alim":"5811"},"geometry":{"type":"Polygon","coordinates":[[[-70.8504737773452,-33.448765952645964],[-70.8504958661366,-33.44876749944925],[-70.8505180294236,-33.448767223826835],[-70.85054005376026,-33.44876512843314],[-70.85056172703885,-33.4487612334482],[-70.85058284053261,-33.44875557638309],[-70.85060319090593,-33.4487482117188],[-70.85062258217269,-33.44873921038156],[-70.85064082758373,-33.448728659059626],[-70.8506577514253,-33.44871665936861],[-70.85067319071142,-33.44870332687264],[-70.85068699675335,-33.448688789971484],[-70.85069903659179,-33.44867318866404],[-70.85070919427712,-33.448656673199906],[-70.85071737198611,-33.44863940263249],[-70.850723490964,-33.44862154328714],[-70.8507274922829,-33.44860326715938],[-70.85072933740926,-33.44858475025847],[-70.85072900857487,-33.44856617091232],[-70.85072650894793,-33.44854770805016],[-70.85072186260261,-33.448529539479246],[-70.85071511428697,-33.44851184017258],[-70.85070632899205,-33.448494780583786],[-70.85069559132599,-33.44847852500559],[-70.85068300469908,-33.44846322998756],[-70.85066869032781,-33.44844904282853],[-70.8506527860676,-33.44843610015808],[-70.85063544508508,-33.448424526620556],[-70.85061683438302,-33.448414433674934],[-70.85059713319203,-33.4484059185213],[-70.85057653124451,-33.4483990631648],[-70.85056841169525,-33.448396741029676],[-70.85017807473369,-33.44828509834693],[-70.85017686333175,-33.448284806642526],[-70.8501756867582,-33.44828442777837],[-70.84982114664867,-33.44818670800999],[-70.84942889329523,-33.448076299529475],[-70.84942175244841,-33.44806963079966],[-70.84940540043982,-33.448057086400325],[-70.84938766043885,-33.44804594601233],[-70.84936870329098,-33.44803631692318],[-70.84934871156317,-33.44802829186576],[-70.84932787778583,-33.448021948125366],[-70.84930640259846,-33.44801734679534],[-70.84928449281765,-33.448014532188765],[-70.84926235944523,-33.44801353141173],[-70.84924021563629,-33.44801435410226],[-70.84921827464643,-33.44801699233746],[-70.84919674777805,-33.44802142070992],[-70.84917584234549,-33.44802759657228],[-70.84915575967841,-33.44803546044805],[-70.84913669318307,-33.448044936604184],[-70.84911882647958,-33.44805593378074],[-70.84910233163374,-33.44806834606943],[-70.84908736749982,-33.44808205393368],[-70.8490740781908,-33.44809692535983],[-70.84906259169043,-33.44811281712846],[-70.84905301862068,-33.44812957619368],[-70.84904545117634,-33.448147041156886],[-70.84903678577017,-33.44817058070036],[-70.8490347326785,-33.44817731444295],[-70.84903247445571,-33.448184027602075],[-70.84903198458255,-33.44818632766335],[-70.84903129682795,-33.44818858336443],[-70.84903004091618,-33.448195453599624],[-70.84902857854735,-33.448202319738165],[-70.84902835997264,-33.448204648891696],[-70.84902793925413,-33.448206950354596],[-70.84902749266168,-33.448213891042094],[-70.84902684018368,-33.44822084391051],[-70.84902689499205,-33.44822317968488],[-70.84902674538537,-33.44822550478677],[-70.84902711249899,-33.44823244920148],[-70.8490272761075,-33.44823942172116],[-70.84902760373708,-33.44824174158453],[-70.84902772672065,-33.44824406797167],[-70.84902890412984,-33.448250949339624],[-70.84902988212201,-33.44825787425562],[-70.84903047937101,-33.44826015583465],[-70.84903087381055,-33.44826246113559],[-70.84903285033668,-33.448269213270876],[-70.84903463313118,-33.44827602380571],[-70.84903549419012,-33.44827824510309],[-70.84903615634816,-33.44828050714207],[-70.84903891314704,-33.44828706507896],[-70.84904148338144,-33.44829369558105],[-70.849042599891,-33.44829583518901],[-70.84904352346099,-33.44829803219794],[-70.84904703419794,-33.44830433281184],[-70.84905036690225,-33.44831071939241],[-70.84905172803607,-33.4483127567002],[-70.84905290420078,-33.448314867526875],[-70.84905713529706,-33.44832085013896],[-70.84906119814127,-33.44832693129071],[-70.84906279071282,-33.44832884668409],[-70.84906420822668,-33.44833085099503],[-70.84906911917496,-33.44833645795441],[-70.84907387278851,-33.44834217514604],[-70.84907568138067,-33.448343950196524],[-70.84907732667538,-33.44834582867234],[-70.84908287042182,-33.448351005910695],[-70.84908826878056,-33.448356304151126],[-70.84909027589686,-33.448357921793686],[-70.8490921332094,-33.448359656315],[-70.84909825659845,-33.44836435386769],[-70.84910424747635,-33.448369182235396],[-70.84910643371217,-33.44837062693217],[-70.84910848523381,-33.44837220075471],[-70.84911512951211,-33.44837637324375],[-70.84912165499213,-33.44838068537528],[-70.84912399922437,-33.448381943264664],[-70.84912622526952,-33.44838334118106],[-70.84913332664422,-33.448386948255326],[-70.8491403236837,-33.4483907027887],[-70.84914280327632,-33.448391761817376],[-70.84914518246983,-33.448392970305136],[-70.84915267271712,-33.44839597703357],[-70.84916007376067,-33.44839913800198],[-70.84916266478459,-33.448399988039405],[-70.84916517426583,-33.44840099539269],[-70.84917298138211,-33.448403372605654],[-70.84918071501818,-33.44840590977898],[-70.84967798042048,-33.44854587648738],[-70.84967866017183,-33.448546037172626],[-70.84967932624825,-33.4485462516558],[-70.85003339553602,-33.44864384164033],[-70.85042254440104,-33.448755144491756],[-70.85042254684575,-33.44875514508041],[-70.85042254920977,-33.44875514586707],[-70.85043067139716,-33.44875746875638],[-70.85045197577796,-33.44876259831363],[-70.8504737773452,-33.448765952645964]]]}},{"type":"Feature","properties":{"numpos":"89708","TIPO":"DESCARGO","TENSION":"MT","INCIDENCIA":"DF202671817849","CLITOTAL":"25","CANTAVISOS":"","FECHA_INICIO":"","FECHA_FIN":"","DESCARGO":"DF202671817849(TP20267213817576)","ESTADODESC":"789","ESTADOINC":" ","CLI_PLAN":"1","FECHA_INIDESC":"11-10-2026 10:30","FECHA_FINDESC":"11-10-2026 16:00","FECHA_REPOSICION":"11-10-2026 16:00","id_alim":"5811"},"geometry":{"type":"Polygon","coordinates":[[[-70.84613861121383,-33.44755183403893],[-70.84616047891782,-33.44755486945849],[-70.84618259623356,-33.447556093425],[-70.84620475015787,-33.44755549415099],[-70.84622672733491,-33.44755307740786],[-70.84624831611114,-33.44754886647038],[-70.84626930857367,-33.447542901892476],[-70.8462895025525,-33.44753524111667],[-70.8463087035677,-33.44752595792089],[-70.84632672670237,-33.44751514170789],[-70.84634339838348,-33.44750289664428],[-70.84635855805351,-33.4474893406573],[-70.84637205971664,-33.44747460429909],[-70.84638377334495,-33.447458829489356],[-70.84639358613045,-33.447442168148655],[-70.8464014035715,-33.4474247807352],[-70.846407150383,-33.447406834699656],[-70.84641077122119,-33.44738850287239],[-70.84641223121679,-33.4473699617991],[-70.84641151631058,-33.4473513900404],[-70.84640863338895,-33.447332966452485],[-70.84640361021728,-33.44731486846432],[-70.84639649517268,-33.44729727036916],[-70.84638735677801,-33.44728034164589],[-70.84637628304186,-33.447264245326906],[-70.84636338061101,-33.44724913642803],[-70.84634877374332,-33.44723516045568],[-70.84633260311104,-33.44722245200552],[-70.84631502444604,-33.447211133466304],[-70.84629620704007,-33.447201313841205],[-70.84627633211439,-33.447193087698096],[-70.84625559107447,-33.44718653425881],[-70.84601481099797,-33.44712157487425],[-70.84601186859496,-33.44711914796184],[-70.84599462094941,-33.447107477036596],[-70.84597609176889,-33.44709727952468],[-70.84595645949885,-33.447088653633195],[-70.845935913208,-33.447081682433755],[-70.8459146507673,-33.44707643306243],[-70.84589287694448,-33.44707295607331],[-70.84587080143204,-33.447071284951505],[-70.84584863682787,-33.44707143579078],[-70.84582659658784,-33.447073407138525],[-70.84580489297015,-33.44707718000974],[-70.84578373499127,-33.44708271806992],[-70.84576332641299,-33.44708996798486],[-70.84574386378016,-33.447098859934364],[-70.84572553452787,-33.44710930828459],[-70.84570851517636,-33.4471212124128],[-70.8456929696311,-33.44713445767627],[-70.84567904760429,-33.447148916516454],[-70.845666883173,-33.44716444968737],[-70.84565659348794,-33.447180907596604],[-70.84564827764527,-33.447198131745914],[-70.84564201573208,-33.44721595625776],[-70.84563786805528,-33.44723420947251],[-70.84563587456051,-33.447252715602],[-70.84563497371565,-33.44727113721396],[-70.84563499585113,-33.44727342362259],[-70.8456348161753,-33.44727570513989],[-70.84563508575448,-33.44728270988006],[-70.84563515360281,-33.44728971803397],[-70.84563544296446,-33.44729199161409],[-70.84563553091466,-33.44729427690897],[-70.84563661820809,-33.447301225768406],[-70.84563750514128,-33.44730819460109],[-70.84563805894257,-33.44731043345683],[-70.84563841367194,-33.447312700520634],[-70.8456403082089,-33.44731952657798],[-70.84564200568583,-33.44732638897571],[-70.84564281859348,-33.44732857154565],[-70.84564343668595,-33.447330798545266],[-70.84564612022149,-33.447337436061744],[-70.84564861189499,-33.44734412593575],[-70.84564967608038,-33.44734623120049],[-70.84565055158353,-33.447348396688696],[-70.84565399827416,-33.44735478174129],[-70.84565726014841,-33.44736123466426],[-70.84565856536304,-33.44736324234892],[-70.8456596898454,-33.447365325470784],[-70.84566386649792,-33.44737139656772],[-70.84566786715969,-33.447377550394364],[-70.84566940083367,-33.44737944116376],[-70.84567076346598,-33.447381421857656],[-70.84567562985724,-33.44738712053085],[-70.84568033077815,-33.44739291599617],[-70.84568207814141,-33.44739467164107],[-70.8456836658009,-33.4473965308318],[-70.8456891750651,-33.447401802199686],[-70.84569453097284,-33.447407183489965],[-70.84569647519736,-33.44740878710252],[-70.845698272594,-33.44741050688492],[-70.84570437167393,-33.44741530018113],[-70.84571033098828,-33.44742021547142],[-70.84571245335013,-33.447421651607904],[-70.84571444317399,-33.447423215419484],[-70.84572107333197,-33.44742748448156],[-70.8457275786616,-33.447431886434856],[-70.84572985872133,-33.44743314126447],[-70.84573202180924,-33.44743453404474],[-70.84573911919308,-33.447438237759144],[-70.84574610788796,-33.44744208398198],[-70.84574852368718,-33.447443145419896],[-70.84575083920744,-33.44744435375559],[-70.84575833546549,-33.44744745645349],[-70.84576574022016,-33.44745070990431],[-70.84576826849323,-33.447451567728216],[-70.8457707141461,-33.44745257998241],[-70.84577853708487,-33.44745505178289],[-70.84578628658726,-33.447457681129066],[-70.84578890298559,-33.447458327077676],[-70.84579145521782,-33.447459133501674],[-70.84611720372088,-33.447547016399234],[-70.84613861121383,-33.44755183403893]]]}},{"type":"Feature","properties":{"numpos":"95468","TIPO":"DESCARGO","TENSION":"MT","INCIDENCIA":"DF202671817849","CLITOTAL":"25","CANTAVISOS":"","FECHA_INICIO":"","FECHA_FIN":"","DESCARGO":"DF202671817849(TP20267213817576)","ESTADODESC":"789","ESTADOINC":" ","CLI_PLAN":"1","FECHA_INIDESC":"11-10-2026 10:30","FECHA_FINDESC":"11-10-2026 16:00","FECHA_REPOSICION":"11-10-2026 16:00","id_alim":"5811"},"geometry":{"type":"Polygon","coordinates":[[[-70.85029375642911,-33.44798430959471],[-70.85029217942913,-33.44799021794375],[-70.85029036220513,-33.44799607760117],[-70.85028976080636,-33.44799927949432],[-70.85028891653444,-33.448002442621636],[-70.85028803795252,-33.448008452099124],[-70.8502869146102,-33.44801443285814],[-70.85028669048377,-33.44801766874898],[-70.85028622012103,-33.448020886017],[-70.85028604841887,-33.44802693874844],[-70.85028562977705,-33.44803298301112],[-70.85028578508167,-33.448036221736245],[-70.85028569315821,-33.44803946216093],[-70.85028622998982,-33.44804549985521],[-70.8502865200807,-33.44805154941201],[-70.85028705332095,-33.44805475978071],[-70.85028734072229,-33.448057992155015],[-70.85028858091813,-33.44806395666576],[-70.85028957694846,-33.448069953256095],[-70.85029048298918,-33.448073104350755],[-70.85029114694771,-33.4480762975451],[-70.85029307856445,-33.44808213143077],[-70.8502947709423,-33.448088017304144],[-70.85029604105803,-33.448091078777914],[-70.85029707517968,-33.44809420204007],[-70.8502996796152,-33.4480998491171],[-70.85030205204244,-33.44810556758914],[-70.85030367400144,-33.448108509958324],[-70.85030506832729,-33.44811153320949],[-70.85030832049976,-33.44811693909325],[-70.85031135012896,-33.448122435091896],[-70.85031330831107,-33.448125230019805],[-70.85031504941313,-33.448128124144326],[-70.8503189180026,-33.44813323677303],[-70.85032257565705,-33.44813845736865],[-70.85032485120404,-33.4481410779385],[-70.85032692231465,-33.44814381506429],[-70.85033137006474,-33.44814858520043],[-70.85033562051939,-33.44815348011562],[-70.85033819151651,-33.44815590108974],[-70.85034057268989,-33.44815845485674],[-70.85034555676638,-33.448162836561046],[-70.85035035908716,-33.44816735865495],[-70.85035320077438,-33.448169556718014],[-70.85035586907853,-33.44817190253189],[-70.85036134148211,-33.448175853606],[-70.85036664942002,-33.44817995932815],[-70.85036973443029,-33.448181913311466],[-70.85037266416799,-33.448184028580656],[-70.85037857219636,-33.44818751097344],[-70.850384334633,-33.448191160783296],[-70.85038763325588,-33.44819285186883],[-70.85039079621212,-33.44819471622208],[-70.85039708296755,-33.44819769639592],[-70.85040324440739,-33.44820085514371],[-70.85040672487533,-33.44820226704536],[-70.85041009058892,-33.44820386252774],[-70.85041669552619,-33.44820631178181],[-70.85042319663103,-33.44820894904689],[-70.85042682542503,-33.44821006816718],[-70.85043036148222,-33.448211379413294],[-70.85045143414301,-33.44821817802884],[-70.85047248633495,-33.448223993098466],[-70.85049411707699,-33.44822805035313],[-70.85051611805201,-33.44823031071906],[-70.85053827737718,-33.44823075242762],[-70.85056038164478,-33.44822937122489],[-70.85058221797719,-33.448226180412796],[-70.85060357607735,-33.44822121072079],[-70.8506242502539,-33.4482145100101],[-70.85064404140225,-33.448206142812644],[-70.85066275892203,-33.448196189709556],[-70.85068022255275,-33.44818474655524],[-70.85069626410983,-33.44817192355408],[-70.85071072910429,-33.44815784419919],[-70.85072347823059,-33.448142644082985],[-70.85073438870819,-33.44812646959142],[-70.85074335546402,-33.448109476494146],[-70.85075029214424,-33.448091828444426],[-70.85075513194604,-33.44807369540287],[-70.85075782826071,-33.44805525200077],[-70.85075835512264,-33.44803667585834],[-70.85075670745925,-33.448018145873895],[-70.85075586033443,-33.4480140718772],[-70.85079674674843,-33.44790460107329],[-70.85079863882945,-33.44789976185226],[-70.85080447970888,-33.44788192131556],[-70.85080821581671,-33.44786368809429],[-70.850809811487,-33.44784523625445],[-70.8508092514878,-33.44782674194902],[-70.85080654116663,-33.447808381736266],[-70.85080170639921,-33.44779033089421],[-70.85079479334253,-33.447772761747316],[-70.85078586799403,-33.4477558420214],[-70.85077501556165,-33.447739733242436],[-70.8507623396502,-33.447724589194486],[-70.8507479612724,-33.447710554451696],[-70.85073201769346,-33.44769776299799],[-70.85071466112076,-33.44768633694815],[-70.85069605725077,-33.44767638538192],[-70.85067638368714,-33.447668003302745],[-70.85065582824531,-33.447661270730855],[-70.8506345871595,-33.447656251939264],[-70.85061286320936,-33.4476529948403],[-70.85059086378412,-33.44765153052811],[-70.85056879890291,-33.44765187298193],[-70.85054687920963,-33.447654018932525],[-70.85052531396225,-33.447657947893475],[-70.85050430903502,-33.44766362235672],[-70.85048406495319,-33.447670988150605],[-70.85046477497869,-33.44767997495705],[-70.85044662326514,-33.4476904969828],[-70.85042978309984,-33.44770245377853],[-70.85041441524949,-33.44771573119763],[-70.85040066642544,-33.44773020248604],[-70.850388667883,-33.447745729492254],[-70.85037853416844,-33.44776216398608],[-70.85037036202547,-33.447779349073926],[-70.85036791444463,-33.447785330281846],[-70.85036726829497,-33.447787204274654],[-70.85036701606415,-33.44778784937654],[-70.85036661840778,-33.44778906499153],[-70.85036609925791,-33.447790247972115],[-70.85029593935829,-33.447978094011205],[-70.85029496647921,-33.447981231070756],[-70.85029375642911,-33.44798430959471]]]}},{"type":"Feature","properties":{"numpos":"104613","TIPO":"DESCARGO","TENSION":"MT","INCIDENCIA":"DF202671817849","CLITOTAL":"25","CANTAVISOS":"","FECHA_INICIO":"","FECHA_FIN":"","DESCARGO":"DF202671817849(TP20267213817576)","ESTADODESC":"789","ESTADOINC":" ","CLI_PLAN":"1","FECHA_INIDESC":"11-10-2026 10:30","FECHA_FINDESC":"11-10-2026 16:00","FECHA_REPOSICION":"11-10-2026 16:00","id_alim":"5811"},"geometry":{"type":"Polygon","coordinates":[[[-70.851220004976,-33.44892943311037],[-70.85121915835506,-33.44894800093802],[-70.85122048685074,-33.44896654892073],[-70.85122397767023,-33.448984898431185],[-70.85122959719635,-33.44900287275333],[-70.85123729131114,-33.449020298784326],[-70.85124698591713,-33.449037008701545],[-70.85125858765075,-33.44905284157886],[-70.85127198478153,-33.449067644936484],[-70.85128704828813,-33.44908127620942],[-70.85130363310077,-33.44909360412049],[-70.85132157949842,-33.44910450994458],[-70.85134071464697,-33.44911388865216],[-70.85136085426376,-33.449121649920635],[-70.85138180439232,-33.449127719004366],[-70.85140336327032,-33.449132037454426],[-70.85142532327275,-33.44913456368156],[-70.8514474729114,-33.44913527335674],[-70.85146959887177,-33.44913415964538],[-70.85149148806741,-33.449131233273235],[-70.85151292969208,-33.44912652242314],[-70.85153371725004,-33.44912007246344],[-70.8515536505447,-33.44911194551121],[-70.85157253760678,-33.44910221983388],[-70.85159019654292,-33.44909098909562],[-70.85160645728763,-33.449078361455115],[-70.85162116324098,-33.449064458524006],[-70.85163417277684,-33.44904941419576],[-70.85164536060672,-33.4490333733559],[-70.85165461898647,-33.44901649048707],[-70.85166185875374,-33.44899892818085],[-70.85166701018676,-33.44898085557219],[-70.85166921949082,-33.44897098423804],[-70.85166921950982,-33.44897098417153],[-70.85168218910353,-33.44891320230794],[-70.85168247289555,-33.44891147539821],[-70.85168291892448,-33.44890977703381],[-70.85168398306429,-33.44890228583243],[-70.85168521410841,-33.44889479477368],[-70.85168529461033,-33.448893052969524],[-70.85168553992813,-33.448891326010795],[-70.85168572304995,-33.448883782904744],[-70.85168607225046,-33.448876227321016],[-70.85168594871384,-33.448874487417264],[-70.85168599092967,-33.44887274847436],[-70.85168529113686,-33.448865226025596],[-70.85168475526665,-33.44885767876463],[-70.8516844289147,-33.44885595753405],[-70.85168426758709,-33.44885422333628],[-70.85168269145947,-33.44884679392623],[-70.85168127584167,-33.44883932773714],[-70.85168074985629,-33.44883764176797],[-70.85168038649847,-33.44883592900361],[-70.85167794903377,-33.44882866414013],[-70.85167566748557,-33.448821350968785],[-70.85167494697563,-33.44881971650403],[-70.8516743850421,-33.448818041660594],[-70.85167110951714,-33.4488110112924],[-70.85166798421105,-33.44880392158532],[-70.8516670761618,-33.44880235436584],[-70.85166632101647,-33.44880073357174],[-70.85165554965386,-33.448780591710396],[-70.85164550072541,-33.448764029560564],[-70.8516335636674,-33.44874837285272],[-70.85161985344082,-33.448733772368996],[-70.85160450208286,-33.44872036871942],[-70.85158765743552,-33.448708290987945],[-70.85156948172165,-33.44869765548911],[-70.85155014998281,-33.44868856464811],[-70.85152984839345,-33.44868110601423],[-70.851508772468,-33.44867535141779],[-70.85148712517794,-33.44867135627842],[-70.85146511499727,-33.448669159071294],[-70.85144295389466,-33.4486687809566],[-70.85142085529232,-33.44867022557586],[-70.85139903201045,-33.448673479016705],[-70.8513776942179,-33.44867850994699],[-70.85135704740819,-33.44868526991642],[-70.85133729042035,-33.44869369382323],[-70.85131861352419,-33.44870370054108],[-70.85130119658794,-33.44871519370035],[-70.85128520734592,-33.44872806261619],[-70.85127079978328,-33.44874218335452],[-70.851258112653,-33.44875741992539],[-70.8512472681396,-33.448773625592914],[-70.85123837068244,-33.44879064428806],[-70.85123150596992,-33.448808312111886],[-70.85122674011407,-33.44882645891389],[-70.85122411901402,-33.44884490993064],[-70.85122366791369,-33.448863487468884],[-70.85122539115889,-33.448882012616714],[-70.85122739933472,-33.44889147881386],[-70.85122527169683,-33.44890095760012],[-70.85122526365399,-33.44890100654028],[-70.85122524979025,-33.44890105517711],[-70.85122301855871,-33.44891102425614],[-70.851220004976,-33.44892943311037]]]}},{"type":"Feature","properties":{"numpos":"105633","TIPO":"DESCARGO","TENSION":"MT","INCIDENCIA":"DF202671817849","CLITOTAL":"25","CANTAVISOS":"","FECHA_INICIO":"","FECHA_FIN":"","DESCARGO":"DF202671817849(TP20267213817576)","ESTADODESC":"789","ESTADOINC":" ","CLI_PLAN":"1","FECHA_INIDESC":"11-10-2026 10:30","FECHA_FINDESC":"11-10-2026 16:00","FECHA_REPOSICION":"11-10-2026 16:00","id_alim":"5811"},"geometry":{"type":"Polygon","coordinates":[[[-70.8505440868391,-33.447298376085264],[-70.85054306409403,-33.44730116865206],[-70.85053461158572,-33.44732489881008],[-70.85040779667973,-33.44766854067792],[-70.8504022927463,-33.44768654010943],[-70.8503989198632,-33.447704905117014],[-70.8503977105145,-33.44772345883574],[-70.85039867634829,-33.44774202258316],[-70.8504018080644,-33.447760417580106],[-70.85040707550405,-33.44777846667254],[-70.8504144279401,-33.44779599603754],[-70.85042379456563,-33.447812836857295],[-70.85043508517572,-33.447828826945056],[-70.85044819103629,-33.447843812307035],[-70.85046298593107,-33.44785764862538],[-70.85047932737726,-33.447870202648296],[-70.8504970579976,-33.44788135347304],[-70.85051600703609,-33.44789099371057],[-70.85053599200243,-33.44789903051962],[-70.85055682042957,-33.447905386500935],[-70.85056278417211,-33.44790666804291],[-70.85056342233237,-33.44790686260189],[-70.85058489527653,-33.44791147115678],[-70.85060680367191,-33.44791429312771],[-70.85062893652733,-33.4479153013374],[-70.85065108068991,-33.44791448607622],[-70.85067302289794,-33.4479118551957],[-70.8506945518346,-33.44790743403284],[-70.85071546016324,-33.4479012651662],[-70.85073554652423,-33.44789340800567],[-70.85075461747404,-33.447883938220514],[-70.85077248934843,-33.447872947010495],[-70.85078899003108,-33.447860540227474],[-70.85080396061132,-33.447846837356174],[-70.85081725691444,-33.44783197036324],[-70.85082875089022,-33.44781608242657],[-70.8508383318461,-33.4477993265561],[-70.85084590751313,-33.44778186412047],[-70.85093230258583,-33.44754750026623],[-70.85093452684919,-33.44754647075552],[-70.85095191402655,-33.44753654951229],[-70.85096812493623,-33.44752531544785],[-70.85098301900553,-33.44751286597861],[-70.85099646708092,-33.44749930906036],[-70.85100835254796,-33.44748476225208],[-70.8510185723426,-33.44746935169652],[-70.85102703784476,-33.447453211026385],[-70.85103367564687,-33.44743648020543],[-70.85119229657352,-33.44696429590346],[-70.85128844804593,-33.44687828127625],[-70.8513020836061,-33.446864885647486],[-70.85131417565472,-33.44685048598283],[-70.85132461959833,-33.44683520683707],[-70.85133332509942,-33.44681918037235],[-70.85133654780397,-33.44681140148801],[-70.85133695376632,-33.44681085955021],[-70.85134684480754,-33.4467942308296],[-70.85135474395616,-33.446776869442886],[-70.85136057514013,-33.44675894259005],[-70.85136428220324,-33.446740622916764],[-70.85136582944571,-33.44672208685161],[-70.85136520196818,-33.4467035129071],[-70.85136240581494,-33.446685079960375],[-70.85135965871125,-33.44667500235236],[-70.85136265552627,-33.446650378879234],[-70.85136332106022,-33.44664376399193],[-70.85136356428758,-33.44664070759505],[-70.851363939153,-33.44662177826688],[-70.85136205724702,-33.44660291217804],[-70.85135793738506,-33.44658429793913],[-70.85135162075618,-33.44656612164278],[-70.85134317051106,-33.44654856500328],[-70.8513326711307,-33.446531803539884],[-70.85132022758181,-33.446516004822165],[-70.85130596426727,-33.446501326794696],[-70.85129002378257,-33.446487916198166],[-70.85127256549013,-33.446475907102226],[-70.85125376392612,-33.44646541956538],[-70.85123380705556,-33.44645655843455],[-70.85121289439327,-33.44644941229703],[-70.85119123500915,-33.44644405259479],[-70.85118121122167,-33.4464424626336],[-70.85117921887638,-33.4464420443994],[-70.8511762416306,-33.44644167436265],[-70.8511690454382,-33.44644053291034],[-70.85116601537264,-33.446440182750706],[-70.85116163917684,-33.44643985944784],[-70.85115729340927,-33.44643931931921],[-70.8511506054998,-33.44643904430546],[-70.85114393581688,-33.44643855156433],[-70.85113954305355,-33.446438589405446],[-70.85113515489962,-33.446438408959416],[-70.85112846679549,-33.446438684820265],[-70.8511217718596,-33.446438742492354],[-70.85111740483113,-33.44643914108672],[-70.85111301655198,-33.44643932208726],[-70.85110639266925,-33.446440146205596],[-70.8510997369504,-33.44644075369605],[-70.85109543770695,-33.44644150917957],[-70.85109109156937,-33.44644204990892],[-70.851084595712,-33.44644341438584],[-70.85107804329618,-33.44644456580662],[-70.85107385323094,-33.4464456708797],[-70.85106959110007,-33.446446566154165],[-70.85106328584556,-33.44644845788401],[-70.85105689981745,-33.446450142111615],[-70.85105285926807,-33.446451586110186],[-70.85104872220413,-33.44645282732944],[-70.85104266829973,-33.44645522812496],[-70.85103651013637,-33.44645742890858],[-70.85103265799776,-33.446459197907245],[-70.85102868585938,-33.446460773136586],[-70.85102294163609,-33.44646365990337],[-70.85101707061575,-33.44646635602208],[-70.85101344396561,-33.44646843296889],[-70.85100967502598,-33.44647032705359],[-70.85100429583571,-33.44647367201187],[-70.85099876846816,-33.44647683747966],[-70.85099540221113,-33.446479202360464],[-70.85099187278801,-33.44648139707159],[-70.85098691046923,-33.446485168023216],[-70.8509817799528,-33.44648877233969],[-70.85097870648478,-33.44649140237134],[-70.85097545059043,-33.44649387658079],[-70.85097095296771,-33.44649803721908],[-70.85096626867819,-33.44650204566351],[-70.85096351757565,-33.44650491551316],[-70.85096056658787,-33.44650764539727],[-70.85095657700963,-33.44651215565693],[-70.85095238402646,-33.44651652962236],[-70.85094998176234,-33.44651961165126],[-70.85094736412162,-33.446522570920344],[-70.85094392104145,-33.446527387363396],[-70.85094025971475,-33.44653208472832],[-70.85093822940432,-33.44653534925799],[-70.85093597033912,-33.446538509409635],[-70.85093310694428,-33.446543585644086],[-70.85093001250742,-33.446548561177735],[-70.85092837368656,-33.446551976775254],[-70.85092649496941,-33.446555307369245],[-70.85092423885992,-33.44656059449669],[-70.85092174109151,-33.44656580029384],[-70.85092050952916,-33.44656933407415],[-70.85091902926641,-33.44657280302609],[-70.85091740218837,-33.44657825011332],[-70.85091552512634,-33.44658363605486],[-70.85091471267327,-33.44658725399676],[-70.85091364513003,-33.44659082788769],[-70.85091266276537,-33.44659638245837],[-70.85091142447624,-33.44660189669297],[-70.85091103895128,-33.44660556396622],[-70.85091039441369,-33.44660920836506],[-70.85091002988786,-33.446612313353775],[-70.85090726524022,-33.446635415674734],[-70.85079034884731,-33.446729043120676],[-70.85077504526848,-33.446742567318125],[-70.8507614021963,-33.44675728748708],[-70.8507495518678,-33.44677306095161],[-70.8507396091439,-33.44678973482668],[-70.85073167039612,-33.44680714749984],[-70.8506532544924,-33.44700832455206],[-70.85065294978155,-33.44700925938612],[-70.8506525483002,-33.44701016817036],[-70.8505440868391,-33.447298376085264]]]}},{"type":"Feature","properties":{"numpos":"79537","TIPO":"DESCARGO","TENSION":"MT","INCIDENCIA":"DF202671817849","CLITOTAL":"25","CANTAVISOS":"","FECHA_INICIO":"","FECHA_FIN":"","DESCARGO":"DF202671817849(TP20267213817576)","ESTADODESC":"789","ESTADOINC":" ","CLI_PLAN":"1","FECHA_INIDESC":"11-10-2026 10:30","FECHA_FINDESC":"11-10-2026 16:00","FECHA_REPOSICION":"11-10-2026 16:00","id_alim":"5811"},"geometry":{"type":"Polygon","coordinates":[[[-70.8504737773452,-33.448765952645964],[-70.8504958661366,-33.44876749944925],[-70.8505180294236,-33.448767223826835],[-70.85054005376026,-33.44876512843314],[-70.85056172703885,-33.4487612334482],[-70.85058284053261,-33.44875557638309],[-70.85060319090593,-33.4487482117188],[-70.85062258217269,-33.44873921038156],[-70.85064082758373,-33.448728659059626],[-70.8506577514253,-33.44871665936861],[-70.85067319071142,-33.44870332687264],[-70.85068699675335,-33.448688789971484],[-70.85069903659179,-33.44867318866404],[-70.85070919427712,-33.448656673199906],[-70.85071737198611,-33.44863940263249],[-70.850723490964,-33.44862154328714],[-70.8507274922829,-33.44860326715938],[-70.85072933740926,-33.44858475025847],[-70.85072900857487,-33.44856617091232],[-70.85072650894793,-33.44854770805016],[-70.85072186260261,-33.448529539479246],[-70.85071511428697,-33.44851184017258],[-70.85070632899205,-33.448494780583786],[-70.85069559132599,-33.44847852500559],[-70.85068300469908,-33.44846322998756],[-70.85066869032781,-33.44844904282853],[-70.8506527860676,-33.44843610015808],[-70.85063544508508,-33.448424526620556],[-70.85061683438302,-33.448414433674934],[-70.85059713319203,-33.4484059185213],[-70.85057653124451,-33.4483990631648],[-70.85056841169525,-33.448396741029676],[-70.85017807473369,-33.44828509834693],[-70.85017686333175,-33.448284806642526],[-70.8501756867582,-33.44828442777837],[-70.84982114664867,-33.44818670800999],[-70.84942889329523,-33.448076299529475],[-70.84942175244841,-33.44806963079966],[-70.84940540043982,-33.448057086400325],[-70.84938766043885,-33.44804594601233],[-70.84936870329098,-33.44803631692318],[-70.84934871156317,-33.44802829186576],[-70.84932787778583,-33.448021948125366],[-70.84930640259846,-33.44801734679534],[-70.84928449281765,-33.448014532188765],[-70.84926235944523,-33.44801353141173],[-70.84924021563629,-33.44801435410226],[-70.84921827464643,-33.44801699233746],[-70.84919674777805,-33.44802142070992],[-70.84917584234549,-33.44802759657228],[-70.84915575967841,-33.44803546044805],[-70.84913669318307,-33.448044936604184],[-70.84911882647958,-33.44805593378074],[-70.84910233163374,-33.44806834606943],[-70.84908736749982,-33.44808205393368],[-70.8490740781908,-33.44809692535983],[-70.84906259169043,-33.44811281712846],[-70.84905301862068,-33.44812957619368],[-70.84904545117634,-33.448147041156886],[-70.84903678577017,-33.44817058070036],[-70.8490347326785,-33.44817731444295],[-70.84903247445571,-33.448184027602075],[-70.84903198458255,-33.44818632766335],[-70.84903129682795,-33.44818858336443],[-70.84903004091618,-33.448195453599624],[-70.84902857854735,-33.448202319738165],[-70.84902835997264,-33.448204648891696],[-70.84902793925413,-33.448206950354596],[-70.84902749266168,-33.448213891042094],[-70.84902684018368,-33.44822084391051],[-70.84902689499205,-33.44822317968488],[-70.84902674538537,-33.44822550478677],[-70.84902711249899,-33.44823244920148],[-70.8490272761075,-33.44823942172116],[-70.84902760373708,-33.44824174158453],[-70.84902772672065,-33.44824406797167],[-70.84902890412984,-33.448250949339624],[-70.84902988212201,-33.44825787425562],[-70.84903047937101,-33.44826015583465],[-70.84903087381055,-33.44826246113559],[-70.84903285033668,-33.448269213270876],[-70.84903463313118,-33.44827602380571],[-70.84903549419012,-33.44827824510309],[-70.84903615634816,-33.44828050714207],[-70.84903891314704,-33.44828706507896],[-70.84904148338144,-33.44829369558105],[-70.849042599891,-33.44829583518901],[-70.84904352346099,-33.44829803219794],[-70.84904703419794,-33.44830433281184],[-70.84905036690225,-33.44831071939241],[-70.84905172803607,-33.4483127567002],[-70.84905290420078,-33.448314867526875],[-70.84905713529706,-33.44832085013896],[-70.84906119814127,-33.44832693129071],[-70.84906279071282,-33.44832884668409],[-70.84906420822668,-33.44833085099503],[-70.84906911917496,-33.44833645795441],[-70.84907387278851,-33.44834217514604],[-70.84907568138067,-33.448343950196524],[-70.84907732667538,-33.44834582867234],[-70.84908287042182,-33.448351005910695],[-70.84908826878056,-33.448356304151126],[-70.84909027589686,-33.448357921793686],[-70.8490921332094,-33.448359656315],[-70.84909825659845,-33.44836435386769],[-70.84910424747635,-33.448369182235396],[-70.84910643371217,-33.44837062693217],[-70.84910848523381,-33.44837220075471],[-70.84911512951211,-33.44837637324375],[-70.84912165499213,-33.44838068537528],[-70.84912399922437,-33.448381943264664],[-70.84912622526952,-33.44838334118106],[-70.84913332664422,-33.448386948255326],[-70.8491403236837,-33.4483907027887],[-70.84914280327632,-33.448391761817376],[-70.84914518246983,-33.448392970305136],[-70.84915267271712,-33.44839597703357],[-70.84916007376067,-33.44839913800198],[-70.84916266478459,-33.448399988039405],[-70.84916517426583,-33.44840099539269],[-70.84917298138211,-33.448403372605654],[-70.84918071501818,-33.44840590977898],[-70.84967798042048,-33.44854587648738],[-70.84967866017183,-33.448546037172626],[-70.84967932624825,-33.4485462516558],[-70.85003339553602,-33.44864384164033],[-70.85042254440104,-33.448755144491756],[-70.85042254684575,-33.44875514508041],[-70.85042254920977,-33.44875514586707],[-70.85043067139716,-33.44875746875638],[-70.85045197577796,-33.44876259831363],[-70.8504737773452,-33.448765952645964]]]}},{"type":"Feature","properties":{"numpos":"89708","TIPO":"DESCARGO","TENSION":"MT","INCIDENCIA":"DF202671817849","CLITOTAL":"25","CANTAVISOS":"","FECHA_INICIO":"","FECHA_FIN":"","DESCARGO":"DF202671817849(TP20267213817576)","ESTADODESC":"789","ESTADOINC":" ","CLI_PLAN":"1","FECHA_INIDESC":"11-10-2026 10:30","FECHA_FINDESC":"11-10-2026 16:00","FECHA_REPOSICION":"11-10-2026 16:00","id_alim":"5811"},"geometry":{"type":"Polygon","coordinates":[[[-70.84613861121383,-33.44755183403893],[-70.84616047891782,-33.44755486945849],[-70.84618259623356,-33.447556093425],[-70.84620475015787,-33.44755549415099],[-70.84622672733491,-33.44755307740786],[-70.84624831611114,-33.44754886647038],[-70.84626930857367,-33.447542901892476],[-70.8462895025525,-33.44753524111667],[-70.8463087035677,-33.44752595792089],[-70.84632672670237,-33.44751514170789],[-70.84634339838348,-33.44750289664428],[-70.84635855805351,-33.4474893406573],[-70.84637205971664,-33.44747460429909],[-70.84638377334495,-33.447458829489356],[-70.84639358613045,-33.447442168148655],[-70.8464014035715,-33.4474247807352],[-70.846407150383,-33.447406834699656],[-70.84641077122119,-33.44738850287239],[-70.84641223121679,-33.4473699617991],[-70.84641151631058,-33.4473513900404],[-70.84640863338895,-33.447332966452485],[-70.84640361021728,-33.44731486846432],[-70.84639649517268,-33.44729727036916],[-70.84638735677801,-33.44728034164589],[-70.84637628304186,-33.447264245326906],[-70.84636338061101,-33.44724913642803],[-70.84634877374332,-33.44723516045568],[-70.84633260311104,-33.44722245200552],[-70.84631502444604,-33.447211133466304],[-70.84629620704007,-33.447201313841205],[-70.84627633211439,-33.447193087698096],[-70.84625559107447,-33.44718653425881],[-70.84601481099797,-33.44712157487425],[-70.84601186859496,-33.44711914796184],[-70.84599462094941,-33.447107477036596],[-70.84597609176889,-33.44709727952468],[-70.84595645949885,-33.447088653633195],[-70.845935913208,-33.447081682433755],[-70.8459146507673,-33.44707643306243],[-70.84589287694448,-33.44707295607331],[-70.84587080143204,-33.447071284951505],[-70.84584863682787,-33.44707143579078],[-70.84582659658784,-33.447073407138525],[-70.84580489297015,-33.44707718000974],[-70.84578373499127,-33.44708271806992],[-70.84576332641299,-33.44708996798486],[-70.84574386378016,-33.447098859934364],[-70.84572553452787,-33.44710930828459],[-70.84570851517636,-33.4471212124128],[-70.8456929696311,-33.44713445767627],[-70.84567904760429,-33.447148916516454],[-70.845666883173,-33.44716444968737],[-70.84565659348794,-33.447180907596604],[-70.84564827764527,-33.447198131745914],[-70.84564201573208,-33.44721595625776],[-70.84563786805528,-33.44723420947251],[-70.84563587456051,-33.447252715602],[-70.84563497371565,-33.44727113721396],[-70.84563499585113,-33.44727342362259],[-70.8456348161753,-33.44727570513989],[-70.84563508575448,-33.44728270988006],[-70.84563515360281,-33.44728971803397],[-70.84563544296446,-33.44729199161409],[-70.84563553091466,-33.44729427690897],[-70.84563661820809,-33.447301225768406],[-70.84563750514128,-33.44730819460109],[-70.84563805894257,-33.44731043345683],[-70.84563841367194,-33.447312700520634],[-70.8456403082089,-33.44731952657798],[-70.84564200568583,-33.44732638897571],[-70.84564281859348,-33.44732857154565],[-70.84564343668595,-33.447330798545266],[-70.84564612022149,-33.447337436061744],[-70.84564861189499,-33.44734412593575],[-70.84564967608038,-33.44734623120049],[-70.84565055158353,-33.447348396688696],[-70.84565399827416,-33.44735478174129],[-70.84565726014841,-33.44736123466426],[-70.84565856536304,-33.44736324234892],[-70.8456596898454,-33.447365325470784],[-70.84566386649792,-33.44737139656772],[-70.84566786715969,-33.447377550394364],[-70.84566940083367,-33.44737944116376],[-70.84567076346598,-33.447381421857656],[-70.84567562985724,-33.44738712053085],[-70.84568033077815,-33.44739291599617],[-70.84568207814141,-33.44739467164107],[-70.8456836658009,-33.4473965308318],[-70.8456891750651,-33.447401802199686],[-70.84569453097284,-33.447407183489965],[-70.84569647519736,-33.44740878710252],[-70.845698272594,-33.44741050688492],[-70.84570437167393,-33.44741530018113],[-70.84571033098828,-33.44742021547142],[-70.84571245335013,-33.447421651607904],[-70.84571444317399,-33.447423215419484],[-70.84572107333197,-33.44742748448156],[-70.8457275786616,-33.447431886434856],[-70.84572985872133,-33.44743314126447],[-70.84573202180924,-33.44743453404474],[-70.84573911919308,-33.447438237759144],[-70.84574610788796,-33.44744208398198],[-70.84574852368718,-33.447443145419896],[-70.84575083920744,-33.44744435375559],[-70.84575833546549,-33.44744745645349],[-70.84576574022016,-33.44745070990431],[-70.84576826849323,-33.447451567728216],[-70.8457707141461,-33.44745257998241],[-70.84577853708487,-33.44745505178289],[-70.84578628658726,-33.447457681129066],[-70.84578890298559,-33.447458327077676],[-70.84579145521782,-33.447459133501674],[-70.84611720372088,-33.447547016399234],[-70.84613861121383,-33.44755183403893]]]}},{"type":"Feature","properties":{"numpos":"95468","TIPO":"DESCARGO","TENSION":"MT","INCIDENCIA":"DF202671817849","CLITOTAL":"25","CANTAVISOS":"","FECHA_INICIO":"","FECHA_FIN":"","DESCARGO":"DF202671817849(TP20267213817576)","ESTADODESC":"789","ESTADOINC":" ","CLI_PLAN":"1","FECHA_INIDESC":"11-10-2026 10:30","FECHA_FINDESC":"11-10-2026 16:00","FECHA_REPOSICION":"11-10-2026 16:00","id_alim":"5811"},"geometry":{"type":"Polygon","coordinates":[[[-70.85029375642911,-33.44798430959471],[-70.85029217942913,-33.44799021794375],[-70.85029036220513,-33.44799607760117],[-70.85028976080636,-33.44799927949432],[-70.85028891653444,-33.448002442621636],[-70.85028803795252,-33.448008452099124],[-70.8502869146102,-33.44801443285814],[-70.85028669048377,-33.44801766874898],[-70.85028622012103,-33.448020886017],[-70.85028604841887,-33.44802693874844],[-70.85028562977705,-33.44803298301112],[-70.85028578508167,-33.448036221736245],[-70.85028569315821,-33.44803946216093],[-70.85028622998982,-33.44804549985521],[-70.8502865200807,-33.44805154941201],[-70.85028705332095,-33.44805475978071],[-70.85028734072229,-33.448057992155015],[-70.85028858091813,-33.44806395666576],[-70.85028957694846,-33.448069953256095],[-70.85029048298918,-33.448073104350755],[-70.85029114694771,-33.4480762975451],[-70.85029307856445,-33.44808213143077],[-70.8502947709423,-33.448088017304144],[-70.85029604105803,-33.448091078777914],[-70.85029707517968,-33.44809420204007],[-70.8502996796152,-33.4480998491171],[-70.85030205204244,-33.44810556758914],[-70.85030367400144,-33.448108509958324],[-70.85030506832729,-33.44811153320949],[-70.85030832049976,-33.44811693909325],[-70.85031135012896,-33.448122435091896],[-70.85031330831107,-33.448125230019805],[-70.85031504941313,-33.448128124144326],[-70.8503189180026,-33.44813323677303],[-70.85032257565705,-33.44813845736865],[-70.85032485120404,-33.4481410779385],[-70.85032692231465,-33.44814381506429],[-70.85033137006474,-33.44814858520043],[-70.85033562051939,-33.44815348011562],[-70.85033819151651,-33.44815590108974],[-70.85034057268989,-33.44815845485674],[-70.85034555676638,-33.448162836561046],[-70.85035035908716,-33.44816735865495],[-70.85035320077438,-33.448169556718014],[-70.85035586907853,-33.44817190253189],[-70.85036134148211,-33.448175853606],[-70.85036664942002,-33.44817995932815],[-70.85036973443029,-33.448181913311466],[-70.85037266416799,-33.448184028580656],[-70.85037857219636,-33.44818751097344],[-70.850384334633,-33.448191160783296],[-70.85038763325588,-33.44819285186883],[-70.85039079621212,-33.44819471622208],[-70.85039708296755,-33.44819769639592],[-70.85040324440739,-33.44820085514371],[-70.85040672487533,-33.44820226704536],[-70.85041009058892,-33.44820386252774],[-70.85041669552619,-33.44820631178181],[-70.85042319663103,-33.44820894904689],[-70.85042682542503,-33.44821006816718],[-70.85043036148222,-33.448211379413294],[-70.85045143414301,-33.44821817802884],[-70.85047248633495,-33.448223993098466],[-70.85049411707699,-33.44822805035313],[-70.85051611805201,-33.44823031071906],[-70.85053827737718,-33.44823075242762],[-70.85056038164478,-33.44822937122489],[-70.85058221797719,-33.448226180412796],[-70.85060357607735,-33.44822121072079],[-70.8506242502539,-33.4482145100101],[-70.85064404140225,-33.448206142812644],[-70.85066275892203,-33.448196189709556],[-70.85068022255275,-33.44818474655524],[-70.85069626410983,-33.44817192355408],[-70.85071072910429,-33.44815784419919],[-70.85072347823059,-33.448142644082985],[-70.85073438870819,-33.44812646959142],[-70.85074335546402,-33.448109476494146],[-70.85075029214424,-33.448091828444426],[-70.85075513194604,-33.44807369540287],[-70.85075782826071,-33.44805525200077],[-70.85075835512264,-33.44803667585834],[-70.85075670745925,-33.448018145873895],[-70.85075586033443,-33.4480140718772],[-70.85079674674843,-33.44790460107329],[-70.85079863882945,-33.44789976185226],[-70.85080447970888,-33.44788192131556],[-70.85080821581671,-33.44786368809429],[-70.850809811487,-33.44784523625445],[-70.8508092514878,-33.44782674194902],[-70.85080654116663,-33.447808381736266],[-70.85080170639921,-33.44779033089421],[-70.85079479334253,-33.447772761747316],[-70.85078586799403,-33.4477558420214],[-70.85077501556165,-33.447739733242436],[-70.8507623396502,-33.447724589194486],[-70.8507479612724,-33.447710554451696],[-70.85073201769346,-33.44769776299799],[-70.85071466112076,-33.44768633694815],[-70.85069605725077,-33.44767638538192],[-70.85067638368714,-33.447668003302745],[-70.85065582824531,-33.447661270730855],[-70.8506345871595,-33.447656251939264],[-70.85061286320936,-33.4476529948403],[-70.85059086378412,-33.44765153052811],[-70.85056879890291,-33.44765187298193],[-70.85054687920963,-33.447654018932525],[-70.85052531396225,-33.447657947893475],[-70.85050430903502,-33.44766362235672],[-70.85048406495319,-33.447670988150605],[-70.85046477497869,-33.44767997495705],[-70.85044662326514,-33.4476904969828],[-70.85042978309984,-33.44770245377853],[-70.85041441524949,-33.44771573119763],[-70.85040066642544,-33.44773020248604],[-70.850388667883,-33.447745729492254],[-70.85037853416844,-33.44776216398608],[-70.85037036202547,-33.447779349073926],[-70.85036791444463,-33.447785330281846],[-70.85036726829497,-33.447787204274654],[-70.85036701606415,-33.44778784937654],[-70.85036661840778,-33.44778906499153],[-70.85036609925791,-33.447790247972115],[-70.85029593935829,-33.447978094011205],[-70.85029496647921,-33.447981231070756],[-70.85029375642911,-33.44798430959471]]]}},{"type":"Feature","properties":{"numpos":"55297","TIPO":"DESCARGO","TENSION":"MT","INCIDENCIA":"DF202671820630","CLITOTAL":"92","CANTAVISOS":"","FECHA_INICIO":"","FECHA_FIN":"","DESCARGO":"DF202671820630(TP20267213818089)","ESTADODESC":"789","ESTADOINC":" ","CLI_PLAN":"1","FECHA_INIDESC":"13-10-2026 10:30","FECHA_FINDESC":"13-10-2026 17:30","FECHA_REPOSICION":"13-10-2026 17:30","id_alim":"813"},"geometry":{"type":"Polygon","coordinates":[[[-70.55609170937764,-33.54439735565322],[-70.55609960613442,-33.544395193596664],[-70.55610437324107,-33.54439366779549],[-70.55610923026337,-33.544392355811745],[-70.55634826544787,-33.544316755855604],[-70.55660082093779,-33.544250434198396],[-70.55661174662772,-33.54424787351299],[-70.55662080492866,-33.544244922095025],[-70.55702934150887,-33.544128819090695],[-70.55704998128937,-33.54412199046374],[-70.55706972235755,-33.544113500687395],[-70.5570883745954,-33.54410343152328],[-70.55710575837111,-33.54409187994352],[-70.55712170626913,-33.54407895719672],[-70.55713606470252,-33.544064787736545],[-70.55714869539197,-33.544049508023214],[-70.55715947669759,-33.54403326520925],[-70.5571683047903,-33.544016215722294],[-70.55717509465167,-33.543998523758624],[-70.55717978089284,-33.54398035970184],[-70.55718231838401,-33.54396189848188],[-70.55718268268912,-33.54394331789053],[-70.55718087030111,-33.543924796869014],[-70.55717689867565,-33.54390651378475],[-70.55717080606293,-33.54388864471359],[-70.5571626511393,-33.54387136174414],[-70.55715251244212,-33.543854831320395],[-70.55714048761337,-33.54383921263889],[-70.55712669245925,-33.54382465611555],[-70.55711125983488,-33.543811301937026],[-70.5570943383649,-33.54379927871085],[-70.55707609101204,-33.54378870222666],[-70.55705669350772,-33.543779674341245],[-70.55703633265978,-33.543772281997654],[-70.55701520455328,-33.54376659638776],[-70.5569935126623,-33.54376267226683],[-70.55697146589031,-33.543760547426054],[-70.55694927655844,-33.54376024232876],[-70.55692715836065,-33.54376175991319],[-70.55690532430592,-33.54376508556429],[-70.55688398466687,-33.54377018725452],[-70.55646819771746,-33.543888350639385],[-70.55630199365883,-33.543931996246414],[-70.55630281236046,-33.543928698592],[-70.55630329953352,-33.54392489331753],[-70.55630420952008,-33.54392014601434],[-70.55630460931899,-33.543914662674574],[-70.55630517792079,-33.54391022136477],[-70.5563052181716,-33.54390631211133],[-70.55630556192479,-33.54390159745149],[-70.55630532224426,-33.54389620432939],[-70.55630536925068,-33.543891638954484],[-70.55629242425915,-33.54362391170712],[-70.55629238052404,-33.543623503854526],[-70.55629237196126,-33.54362148017608],[-70.55627366741858,-33.5433241587013],[-70.55627366737859,-33.54332413456131],[-70.55625705576064,-33.5430487799696],[-70.55625698135522,-33.54304815624289],[-70.55625697960133,-33.54304789401349],[-70.55624324810225,-33.542837848676605],[-70.55624266923415,-33.54283319449516],[-70.55624242409371,-33.54282912217951],[-70.55624156438937,-33.542824311385544],[-70.55624094924619,-33.54281936554575],[-70.55623995081737,-33.542815282044415],[-70.55623913980214,-33.54281074370687],[-70.55621484181812,-33.54270913310107],[-70.55621388031325,-33.54270593612268],[-70.55621321496803,-33.542702902255634],[-70.55621121414904,-33.54269707119548],[-70.55620942210346,-33.54269111268903],[-70.55620816076801,-33.54268817261348],[-70.55620708648763,-33.54268504179771],[-70.55620426290193,-33.54267908698723],[-70.55620191915186,-33.54267362388488],[-70.55620040815025,-33.54267095749428],[-70.55619889690665,-33.54266777035097],[-70.55619520504436,-33.54266177582641],[-70.55619240522189,-33.54265683511499],[-70.55619069454767,-33.542654452073265],[-70.55618872509623,-33.54265125424843],[-70.55618413388221,-33.5426453127867],[-70.5561809719388,-33.5426409080639],[-70.55617910993821,-33.54263881133056],[-70.55617702843445,-33.542636117668515],[-70.55629152463963,-33.5426312590716],[-70.5563136064296,-33.54262940902838],[-70.5563353653356,-33.54262575547596],[-70.55635659180624,-33.54262033360034],[-70.55637708141788,-33.54261319561748],[-70.55639663684339,-33.54260441027049],[-70.55641506975262,-33.542594062167574],[-70.5564322026261,-33.54258225096719],[-70.55644787046465,-33.54256909041819],[-70.55646192237846,-33.542554707264436],[-70.55647422304028,-33.54253924002414],[-70.55648465398856,-33.54252283765577],[-70.55649311476841,-33.54250565812359],[-70.55649952389892,-33.54248786687621],[-70.5565038196578,-33.542469635253404],[-70.5565059606759,-33.54245113883582],[-70.55650592633539,-33.54243255575415],[-70.5565037169684,-33.542414064973585],[-70.55649935385371,-33.542395844570294],[-70.55649287901173,-33.54237807001647],[-70.55648435479986,-33.54236091249042],[-70.5564738633119,-33.542344537228075],[-70.55646150558732,-33.54232910193165],[-70.55644740063826,-33.54231475525095],[-70.55643168430329,-33.54230163535177],[-70.5564145079393,-33.542289868585314],[-70.5564142165527,-33.54228970609404],[-70.55641419515835,-33.542289691441525],[-70.5563957260279,-33.542279394597294],[-70.55637614074497,-33.5422706629564],[-70.55635562786068,-33.542263580579785],[-70.55633438485602,-33.542258215650705],[-70.55631261624093,-33.54225461981821],[-70.55629053158533,-33.54225282769998],[-70.55626834350177,-33.542252856549126],[-70.55591577472924,-33.54226781698813],[-70.55591477894545,-33.54226240770982],[-70.55590907402097,-33.54224397267874],[-70.55590118671316,-33.54222611070396],[-70.55589119679622,-33.54220900244326],[-70.55587920531033,-33.54219282093116],[-70.55586533353944,-33.5421777298289],[-70.5558497217847,-33.5421638817691],[-70.55583252794531,-33.54215141681211],[-70.55581392592164,-33.542140461029454],[-70.55579410385626,-33.54213112522865],[-70.55577326223111,-33.54212350383266],[-70.55575161183992,-33.542117673924785],[-70.55572937165614,-33.542113694469094],[-70.55570676661834,-33.542111605714055],[-70.5556840253551,-33.54211142878551],[-70.5550904931593,-33.54213182376254],[-70.55507651349986,-33.542132881323916],[-70.5550741694583,-33.54213133618721],[-70.55505547056273,-33.54212132841843],[-70.55503569028316,-33.542112903600646],[-70.55501501911363,-33.54210614286894],[-70.55499365612775,-33.542101111332556],[-70.55497180706152,-33.542097857447615],[-70.5549496823321,-33.5420964125507],[-70.55492749501131,-33.54209679055688],[-70.55490545877383,-33.54209898782582],[-70.55488378583928,-33.542102983196784],[-70.55486268492866,-33.542108738192454],[-70.55484235925418,-33.54211619738944],[-70.55482300456228,-33.54212528895205],[-70.5548048072485,-33.54213592532408],[-70.55478794256254,-33.54214800407201],[-70.55477257292037,-33.54216140887145],[-70.55475884634012,-33.54217601062746],[-70.55474689501663,-33.54219166871767],[-70.55473683404834,-33.542208232346624],[-70.55472876032871,-33.54222554199797],[-70.55472275161316,-33.542243430970665],[-70.55471886577007,-33.54226172698432],[-70.55471714022362,-33.5422802538386],[-70.55471759159308,-33.54229883310977],[-70.55471991372391,-33.542326795564605],[-70.55471113060838,-33.54232990754991],[-70.55469163889435,-33.54233879154911],[-70.55467328092523,-33.54234923259962],[-70.55465623349782,-33.54236113014899],[-70.55464066078795,-33.54237436961787],[-70.55462671276942,-33.542388823503515],[-70.55461452376962,-33.54240435260769],[-70.55460421117583,-33.54242080737711],[-70.55459587430484,-33.542438029343835],[-70.55458959344631,-33.54245585265123],[-70.55458542908949,-33.54247410565142],[-70.55458342134077,-33.54249261255821],[-70.55458358953723,-33.54251119514002],[-70.55458593206043,-33.54252967443641],[-70.55459042635196,-33.542547872481435],[-70.55459702913059,-33.54256561401776],[-70.55460567680908,-33.542582728184335],[-70.55461628610648,-33.542599050161904],[-70.55462875485016,-33.54261442276041],[-70.55464296295979,-33.542628697932784],[-70.55465877360373,-33.54264173820075],[-70.55467603451672,-33.5426534179788],[-70.55469457946644,-33.54266362478372],[-70.55471422985426,-33.54267226031791],[-70.55473479643538,-33.54267924141603],[-70.55474636424917,-33.54268209981195],[-70.55475221064147,-33.542791059023614],[-70.55475227743909,-33.5427921699977],[-70.55475221045396,-33.54279387717555],[-70.55475251391852,-33.54279776132387],[-70.55475255228029,-33.54280165364326],[-70.55475265443478,-33.54280314383575],[-70.55475345856598,-33.5428111889274],[-70.55477501751348,-33.543160982758025],[-70.55477505168096,-33.54316126605327],[-70.55477505354472,-33.54316155078532],[-70.554797842435,-33.54351090528301],[-70.55479762945544,-33.54352685134994],[-70.55479789170933,-33.5435326422771],[-70.55479789818511,-33.54353843729339],[-70.55480974846981,-33.54373664047773],[-70.55480974885717,-33.543736643739855],[-70.55480996042108,-33.543739692074034],[-70.55482903361896,-33.54398072093005],[-70.55484947691635,-33.54432112895243],[-70.55484957406043,-33.544321945163475],[-70.55484958368987,-33.54432276643873],[-70.55485067510322,-33.54433119619823],[-70.55485167774462,-33.54433962045576],[-70.55485186991213,-33.54434042455274],[-70.55485197565646,-33.54434124129095],[-70.55485404908765,-33.544349542993906],[-70.55485603249805,-33.54435784228277],[-70.55485631779128,-33.54435862653605],[-70.55485651867889,-33.5443594308592],[-70.55485955462522,-33.544367524389564],[-70.55486249923926,-33.544375618947036],[-70.55486287486778,-33.544376375823276],[-70.5548631690066,-33.544377159967745],[-70.55486713864626,-33.54438496716333],[-70.55487101569115,-33.54439277924921],[-70.55487147799992,-33.54439350148333],[-70.55487186259438,-33.5443942578752],[-70.55487672805285,-33.54440170328931],[-70.55488149983655,-33.54440915792576],[-70.5548820443421,-33.544409838589814],[-70.55488251571921,-33.544410559918916],[-70.55499095249188,-33.544558732484305],[-70.55499941728478,-33.544569141964296],[-70.55500107845987,-33.54457124341924],[-70.55500136950647,-33.54457154268564],[-70.55500317372471,-33.54457376140133],[-70.55501705997779,-33.544587739560825],[-70.5550324832265,-33.544600538090066],[-70.55504930127557,-33.54461203899206],[-70.55506735907012,-33.544622136233265],[-70.55508649012508,-33.54463073672133],[-70.55510651806023,-33.54463776116332],[-70.55512725822639,-33.544643144796794],[-70.55514851940772,-33.54464683798683],[-70.55517010558476,-33.544648806683796],[-70.55519181774171,-33.544649032737105],[-70.55521345570124,-33.54464751406269],[-70.55523481997011,-33.54464426466214],[-70.55525571357846,-33.54463931449366],[-70.55527594389584,-33.544632709195824],[-70.55527633325877,-33.54463254446375],[-70.55548502296264,-33.54457286449906],[-70.55567345724398,-33.544518959145734],[-70.55567403067283,-33.54451876831267],[-70.55567448388187,-33.54451865703832],[-70.55607904098927,-33.54440099002761],[-70.5560790857789,-33.544400979195885],[-70.55609170937764,-33.54439735565322]],[[-70.55536152028392,-33.54267293229442],[-70.55536101218232,-33.54267390015924],[-70.55536064385097,-33.5426744600758],[-70.55535760860272,-33.54268038351729],[-70.55535258950955,-33.54268994420801],[-70.55535220512844,-33.54269092867037],[-70.55535189316302,-33.542691537486576],[-70.55534948124627,-33.54269790497376],[-70.5553456930259,-33.54270760721762],[-70.55534543177096,-33.54270859563158],[-70.55534518356531,-33.54270925089704],[-70.55534346628335,-33.54271603172155],[-70.55534089725097,-33.542725751219194],[-70.55534075652602,-33.54272673141188],[-70.55534057967611,-33.54272742971762],[-70.55533962922877,-33.542734583384835],[-70.55533824837201,-33.54274420147622],[-70.55533822373876,-33.54274516198878],[-70.55533812583468,-33.542745898876575],[-70.55533801312457,-33.54275337436774],[-70.55533777190051,-33.542762780302716],[-70.5553378572823,-33.54276371059967],[-70.55533784567422,-33.54276448050588],[-70.5553443179508,-33.54291305180776],[-70.55534446566693,-33.54291449413929],[-70.55534449719508,-33.542917359706124],[-70.55536478725159,-33.543208456903216],[-70.55536483003259,-33.543208789210155],[-70.55538423090235,-33.54348790751548],[-70.55538429263862,-33.54348838779011],[-70.55540083514583,-33.54371925573275],[-70.55540083337395,-33.543719437035755],[-70.55541051668735,-33.543917557887816],[-70.55541152679857,-33.5439269315087],[-70.55541169187616,-33.54392946333969],[-70.5554119523201,-33.543930880259026],[-70.55541251111934,-33.543936065797475],[-70.55541456827966,-33.54394511212276],[-70.55541506788293,-33.54394783016325],[-70.55541552887736,-33.54394933633298],[-70.55541666238052,-33.54395432089116],[-70.55541968951,-33.54396293002834],[-70.55542057755234,-33.54396583145591],[-70.55542126924578,-33.54396742278616],[-70.55542293049324,-33.543972147362105],[-70.55542683271938,-33.54398022227446],[-70.55542816782442,-33.54398329385509],[-70.55542912232667,-33.543984960179046],[-70.55543125509327,-33.54398937353128],[-70.55543592284138,-33.54399683218709],[-70.55543776560175,-33.544000049187915],[-70.5554390153695,-33.54400177377743],[-70.55544155601117,-33.54400583350084],[-70.55544686847736,-33.54401261049887],[-70.55544927845332,-33.54401593609092],[-70.5554508545618,-33.54401769545959],[-70.55545373404419,-33.54402136875181],[-70.55545956292482,-33.54402741637567],[-70.5554625955047,-33.544030801564],[-70.55546452587656,-33.54403256557365],[-70.55546767191176,-33.54403582967067],[-70.55547388525447,-33.54404111834548],[-70.55547758850571,-33.54404450244395],[-70.55547989617068,-33.54404623471794],[-70.55548323538481,-33.54404907699024],[-70.55548970142421,-33.54405359513758],[-70.55549411306565,-33.544056906783254],[-70.555496814524,-33.544058565417586],[-70.55550027457858,-33.54406098313112],[-70.55550686542036,-33.544064736439566],[-70.55551201004377,-33.54406789512076],[-70.55551511380413,-33.54406943367294],[-70.55551862539602,-33.54407143343004],[-70.55552522042144,-33.54407444358137],[-70.55553110708193,-33.544077361632255],[-70.55553461243737,-33.54407873035528],[-70.55553811110813,-33.54408032724439],[-70.5555445999832,-33.54408263015421],[-70.5555512202645,-33.544085215149536],[-70.55555511636264,-33.54408636242933],[-70.55555854405615,-33.54408757892142],[-70.55556482924396,-33.54408922257031],[-70.5555721558896,-33.54409138003856],[-70.5555764211418,-33.544092253983834],[-70.55557972745852,-33.54409311862314],[-70.55558572615703,-33.54409416057022],[-70.55558930648563,-33.54409489417501],[-70.55559209696852,-33.5441416997834],[-70.55552608345411,-33.54416089994299],[-70.55552602147372,-33.544160920876976],[-70.55533883775479,-33.5442144684345],[-70.55529665010458,-33.544226533056886],[-70.55528065383328,-33.543960196643454],[-70.55528047523285,-33.54395869608517],[-70.55528044444405,-33.54395718705437],[-70.5552613720632,-33.543716184335],[-70.55526135620279,-33.543715918615476],[-70.55526135608785,-33.54371591668987],[-70.5552613560873,-33.54371591668041],[-70.55526135570598,-33.54371591346647],[-70.55524995756333,-33.54352528920978],[-70.55525017620906,-33.54350891251762],[-70.55524985367599,-33.54349646667722],[-70.5552266758317,-33.54314117782533],[-70.5552048447206,-33.54278699796898],[-70.55520451427621,-33.542783573178276],[-70.55520449506915,-33.54278084502632],[-70.55520397500858,-33.54277303659849],[-70.55519863283271,-33.54267348412401],[-70.55536464649069,-33.54266827792792],[-70.55536152028392,-33.54267293229442]]]}},{"type":"Feature","properties":{"numpos":"6727","TIPO":"DESCARGO","TENSION":"MT","INCIDENCIA":"DF202671818792","CLITOTAL":"161","CANTAVISOS":"","FECHA_INICIO":"","FECHA_FIN":"","DESCARGO":"DF202671818792(TP20267213818088)","ESTADODESC":"789","ESTADOINC":" ","CLI_PLAN":"1","FECHA_INIDESC":"11-10-2026 11:00","FECHA_FINDESC":"11-10-2026 17:00","FECHA_REPOSICION":"11-10-2026 17:00","id_alim":"923"},"geometry":{"type":"Polygon","coordinates":[[[-70.57943127701519,-33.47100611362129],[-70.57945333586133,-33.47100800165445],[-70.5794755093028,-33.47100806854854],[-70.57949758379584,-33.471006313659394],[-70.57951934674969,-33.471002753887674],[-70.57954058857392,-33.470997423516216],[-70.57956110469699,-33.47099037387972],[-70.57958069753654,-33.470981672870515],[-70.57959917840202,-33.47097140428454],[-70.57961636931209,-33.470959667014455],[-70.57963210470871,-33.47094657409715],[-70.57964623305139,-33.470932251625136],[-70.57965861827678,-33.47091683753224],[-70.57966914110898,-33.470900480265065],[-70.57967770020818,-33.47088333735357],[-70.57968421314655,-33.470865573893676],[-70.57968861720212,-33.47084736095753],[-70.57969086996275,-33.470828873945806],[-70.57969094973444,-33.470810290898676],[-70.57968885575038,-33.47079179078098],[-70.5796846081781,-33.47077355175879],[-70.57967824792534,-33.47075574948365],[-70.57966983624593,-33.470738555400835],[-70.5796594541499,-33.47072213509833],[-70.57964720162326,-33.47070664671209],[-70.57963319666501,-33.47069223940324],[-70.5796175741508,-33.470679051921465],[-70.57960048453396,-33.47066721126885],[-70.5795820923965,-33.470656831476795],[-70.57957101777434,-33.47065122290628],[-70.5795710177743,-33.470651222906234],[-70.57957101777428,-33.47065122290624],[-70.57919318584253,-33.47045987474175],[-70.5788768189775,-33.47029607017039],[-70.57891079148423,-33.47014398959885],[-70.57891391746166,-33.47012437950448],[-70.57891467315443,-33.47011653357656],[-70.57891492963645,-33.47010970310803],[-70.57891539777833,-33.470102881922976],[-70.57891527816261,-33.47010042137835],[-70.57891537060172,-33.47009795959737],[-70.5789148270202,-33.47009114119246],[-70.57891449513393,-33.470084314152885],[-70.57891408831023,-33.47008187519531],[-70.57891389239727,-33.47007941776386],[-70.57891255404526,-33.47007267708892],[-70.57891142526988,-33.47006590994087],[-70.5789106840435,-33.4700626443234],[-70.5789106840435,-33.4700626443234],[-70.57884725360972,-33.46978318811683],[-70.5788083824647,-33.46958241034061],[-70.5788083824647,-33.46958241034061],[-70.57880715123481,-33.4695760507577],[-70.57880697028186,-33.469575339035174],[-70.57880686681615,-33.469574616519466],[-70.57874647461728,-33.469277141184975],[-70.57874545452982,-33.469273274840944],[-70.57874469595866,-33.4692693664734],[-70.57874306228894,-33.4692642077481],[-70.57874168731402,-33.46925899630489],[-70.57874100614576,-33.46925724903066],[-70.57874078435171,-33.469255795752595],[-70.57873961173752,-33.46925150958775],[-70.57873952718009,-33.469250975422696],[-70.57873873886645,-33.46924736491486],[-70.57873868069616,-33.46924708778934],[-70.57873866864506,-33.469247043298026],[-70.57870667177481,-33.46910049607114],[-70.57870161523005,-33.46908240256393],[-70.57869446696084,-33.469064811565126],[-70.57868529580998,-33.46904789248521],[-70.57867419010155,-33.46903180826375],[-70.57866125679023,-33.46901671380009],[-70.57864662043126,-33.46900275446159],[-70.57863042198095,-33.46899006468373],[-70.57861281743907,-33.468978766675455],[-70.57859397634655,-33.468968969242205],[-70.57857408015279,-33.46896076673813],[-70.5785533204681,-33.468954238157394],[-70.57853189721853,-33.46894944637342],[-70.57851001672044,-33.468946437533546],[-70.57848788969368,-33.468945240614325],[-70.57846572923224,-33.46894586714272],[-70.57844374875204,-33.468948311085],[-70.57842215993583,-33.46895254890486],[-70.5784011706945,-33.46895853979009],[-70.57838098316485,-33.468966226045524],[-70.57836179176293,-33.46897553364882],[-70.57834378131176,-33.46898637296319],[-70.57833295586556,-33.46899434555166],[-70.57831070439838,-33.46899558800784],[-70.57828858174517,-33.468998691338676],[-70.57787612489449,-33.46907435844302],[-70.57787333474468,-33.46907463157055],[-70.57786999788561,-33.469074979328035],[-70.577794610036,-33.469083313872815],[-70.57779312684436,-33.46908020215729],[-70.57778292260376,-33.46906370379974],[-70.57777083798447,-33.469048123140425],[-70.57775698936847,-33.46903361022907],[-70.57774151012582,-33.46902030483237],[-70.57772454933001,-33.46900833508801],[-70.57770627032254,-33.4689978162706],[-70.57768684913965,-33.46898884968159],[-70.57766647281721,-33.46898152167369],[-70.57764533758936,-33.468975902819174],[-70.57762364699869,-33.468972047230444],[-70.57760160993618,-33.468969992038716],[-70.57757943862944,-33.468969757036504],[-70.57755734659887,-33.46897134448705],[-70.57753554660142,-33.468974739102485],[-70.57751424858175,-33.468979908191024],[-70.57749365765027,-33.46898680197189],[-70.5774739721079,-33.4689953540546],[-70.57745538153645,-33.46900548207843],[-70.57743806497275,-33.469017088505524],[-70.57742218918455,-33.4690300615602],[-70.57740790706433,-33.46904427630541],[-70.57739535615703,-33.46905959584597],[-70.57738465733529,-33.469075872646854],[-70.5773759136354,-33.469092949954],[-70.57736920926493,-33.469110663304036],[-70.57736460879183,-33.469128842107985],[-70.57736215652245,-33.469147311294236],[-70.57736187607483,-33.46916589299451],[-70.57736788611854,-33.46930406225813],[-70.5773680665942,-33.469305846154576],[-70.57736808372096,-33.469307663254725],[-70.57736900917446,-33.46931516300723],[-70.57736972362407,-33.46932222492072],[-70.57737008489933,-33.469323880536706],[-70.57737029453894,-33.46932557942772],[-70.57737146912162,-33.46933206523794],[-70.5774373748916,-33.46969598194115],[-70.57743763541554,-33.4697018772867],[-70.57744062399127,-33.469720290902885],[-70.57744575170717,-33.46973837034925],[-70.57745296918182,-33.46975594151055],[-70.57746220690798,-33.469772835166545],[-70.57747337592224,-33.46978888862159],[-70.57748636866145,-33.46980394727162],[-70.5775010599989,-33.46981786609309],[-70.57751730844903,-33.469830511039525],[-70.57753495753026,-33.46984176033264],[-70.57755383727189,-33.46985150563502],[-70.577573765851,-33.46985965309357],[-70.57759455134358,-33.469866124243445],[-70.57761599357292,-33.46987085676354],[-70.57763788603735,-33.46987380507688],[-70.57766001789918,-33.4698749407894],[-70.5776821760151,-33.469874252963635],[-70.57770414698892,-33.4698717482237],[-70.57772571922686,-33.46986745069188],[-70.57774668497527,-33.46986140175601],[-70.57776684232142,-33.46985365967103],[-70.57778599713822,-33.46984429899796],[-70.57780396495366,-33.46983340988567],[-70.57782057272746,-33.46982109720283],[-70.57783566051758,-33.4698074795279],[-70.57784908302045,-33.46979268800709],[-70.57786071097051,-33.46977686509136],[-70.5778704323849,-33.469760163164565],[-70.57787815364195,-33.46974274307578],[-70.57788380038282,-33.46972477259035],[-70.57788731822755,-33.46970642477412],[-70.57788867329872,-33.46968787632672],[-70.57788876774327,-33.4696813153144],[-70.57788849793297,-33.46967521054357],[-70.57788847335176,-33.46966910162099],[-70.57788808778035,-33.46966593036262],[-70.57788794699229,-33.469662744867556],[-70.57788696451011,-33.469656691656986],[-70.57788622559067,-33.469650614169744],[-70.5778515279864,-33.46945902776248],[-70.57792742932017,-33.46945063644053],[-70.57793969146876,-33.46944943609765],[-70.57793980791219,-33.469449419811205],[-70.57793992634318,-33.46944941302822],[-70.57795078772479,-33.469447884113414],[-70.57796156219993,-33.46944637713426],[-70.57796167587182,-33.46944635142994],[-70.57796179324731,-33.46944633490743],[-70.57828848280779,-33.46938640230974],[-70.5782946470672,-33.469390041158164],[-70.57829497701701,-33.46939052422496],[-70.57829667027735,-33.469393419216665],[-70.57830048186037,-33.46939858365311],[-70.57830408154074,-33.469403853804884],[-70.57830631075963,-33.469406481414765],[-70.57830833444409,-33.46940922336905],[-70.57831273166921,-33.46941404982506],[-70.57831687705779,-33.46941893604798],[-70.57836123267431,-33.469637424849665],[-70.57836232495207,-33.46964306686163],[-70.5783623249522,-33.46964306686213],[-70.57836232495228,-33.46964306686266],[-70.57840168594561,-33.46984638015295],[-70.57840274949336,-33.469851438756265],[-70.5784541572448,-33.470077931712126],[-70.57837003520595,-33.47003455722548],[-70.57820785344836,-33.46994346722292],[-70.57818885039893,-33.46993389171995],[-70.57816881897065,-33.46992592336431],[-70.57814795207621,-33.469919638895234],[-70.57812645067409,-33.46991509883524],[-70.57810452183334,-33.469912346907364],[-70.5780823767393,-33.469911409614035],[-70.57806022866,-33.46991229598186],[-70.57803829089212,-33.46991499747477],[-70.57801677470705,-33.469919488076115],[-70.57799588731626,-33.469925724539216],[-70.57797582987563,-33.46993364680395],[-70.57795679554849,-33.46994317857502],[-70.57793896764515,-33.46995422805681],[-70.57792251785773,-33.46996668883734],[-70.57790760460661,-33.469980440913],[-70.57789437151466,-33.46999535184442],[-70.5778829460243,-33.47001127803167],[-70.57787343816993,-33.47002806609737],[-70.57786593951828,-33.47004555436367],[-70.57786052228657,-33.47006357440936],[-70.57785723864697,-33.47008195269177],[-70.57785612022403,-33.470100512218146],[-70.57785717779018,-33.47011907425008],[-70.57786040116187,-33.47013746002499],[-70.57786575929757,-33.470155492477616],[-70.57787320059668,-33.47017299794528],[-70.57788265339653,-33.47018980784032],[-70.57789402666228,-33.47020576027385],[-70.5779072108638,-33.47022070161464],[-70.57792207903037,-33.470234487968874],[-70.57793848797355,-33.47024698656584],[-70.577956279666,-33.47025807703668],[-70.57812211091263,-33.470351216905215],[-70.57812587638173,-33.47035311429183],[-70.57812950085248,-33.47035519524728],[-70.57850149049607,-33.47054699770168],[-70.57850252569044,-33.47054747442795],[-70.57850350706451,-33.470548025335226],[-70.5785086370678,-33.47055060890092],[-70.57895662098402,-33.47078256121234],[-70.57895759517635,-33.47078301182989],[-70.57895851813622,-33.47078353271787],[-70.57933730244811,-33.47097536340057],[-70.57933730244815,-33.47097536340061],[-70.57934837709824,-33.47098097199098],[-70.5793678946863,-33.470989790991666],[-70.57938834971978,-33.47099696423286],[-70.5794095452045,-33.47100242263197],[-70.57943127701519,-33.47100611362129]]]}}]}